year,type,level,old_code,old_name,old_path,new_code,new_name,new_path,doc_no,curated
1981,更名,3,152725000000,乌拉特中后联合旗,内蒙古自治区-巴彦淖尔盟-乌拉特中后联合旗,152725000000,乌拉特中旗,内蒙古自治区-巴彦淖尔盟-乌拉特中旗,,False
1981,更名,3,152727000000,潮格旗,内蒙古自治区-巴彦淖尔盟-潮格旗,152727000000,乌拉特后旗,内蒙古自治区-巴彦淖尔盟-乌拉特后旗,,False
1981,更名,2,210200000000,旅大市,辽宁省-旅大市,210200000000,大连市,辽宁省-大连市,,False
1981,更名,2,372200000000,昌潍地区,山东省-昌潍地区,372200000000,潍坊地区,山东省-潍坊地区,,False
1981,更名,2,433000000000,黔阳地区,湖南省-黔阳地区,433000000000,怀化地区,湖南省-怀化地区,,False
1981,更名,2,512600000000,江津地区,四川省-江津地区,512600000000,永川地区,四川省-永川地区,,False
1981,更名,2,522300000000,兴义地区,贵州省-兴义地区,522300000000,黔西南布依族苗族自治州,贵州省-黔西南布依族苗族自治州,,False
1981,更名,3,522325000000,贞丰布依族苗族自治县,贵州省-兴义地区-贞丰布依族苗族自治县,522325000000,贞丰县,贵州省-黔西南布依族苗族自治州-贞丰县,,False
1981,更名,3,522326000000,望谟布依族苗族自治县,贵州省-兴义地区-望谟布依族苗族自治县,522326000000,望谟县,贵州省-黔西南布依族苗族自治州-望谟县,,False
1981,更名,3,522327000000,册亨布依族自治县,贵州省-兴义地区-册亨布依族自治县,522327000000,册亨县,贵州省-黔西南布依族苗族自治州-册亨县,,False
1981,更名,3,522328000000,安龙布依族苗族自治县,贵州省-兴义地区-安龙布依族苗族自治县,522328000000,安龙县,贵州省-黔西南布依族苗族自治州-安龙县,,False
1981,更名,3,522528000000,关岭县,贵州省-安顺地区-关岭县,522528000000,关岭布依族苗族自治县,贵州省-安顺地区-关岭布依族苗族自治县,,False
1981,撤销,3,332121000000,嘉兴县,浙江省-嘉兴地区-嘉兴县,,,,,False
1981,撤销,3,332128000000,吴兴县,浙江省-嘉兴地区-吴兴县,,,,,False
1981,撤销,3,332321000000,绍兴县,浙江省-绍兴地区-绍兴县,,,,,False
1981,撤销,2,332400000000,温州地区,浙江省-温州地区,,,,,False
1981,同名改码,3,332421000000,洞头县,浙江省-温州地区-洞头县,330321000000,洞头县,浙江省-温州市-洞头县,,False
1981,同名改码,3,332422000000,永嘉县,浙江省-温州地区-永嘉县,330322000000,永嘉县,浙江省-温州市-永嘉县,,False
1981,同名改码,3,332423000000,瑞安县,浙江省-温州地区-瑞安县,330323000000,瑞安县,浙江省-温州市-瑞安县,,False
1981,同名改码,3,332424000000,文成县,浙江省-温州地区-文成县,330324000000,文成县,浙江省-温州市-文成县,,False
1981,同名改码,3,332425000000,平阳县,浙江省-温州地区-平阳县,330325000000,平阳县,浙江省-温州市-平阳县,,False
1981,同名改码,3,332426000000,乐清县,浙江省-温州地区-乐清县,330326000000,乐清县,浙江省-温州市-乐清县,,False
1981,同名改码,3,332427000000,泰顺县,浙江省-温州地区-泰顺县,330327000000,泰顺县,浙江省-温州市-泰顺县,,False
1981,撤销,3,332521000000,金华县,浙江省-金华地区-金华县,,,,,False
1981,撤销,3,332528000000,衢县,浙江省-金华地区-衢县,,,,,False
1981,撤县设市,3,352721000000,龙岩县,福建省-龙岩地区-龙岩县,352701000000,龙岩市,福建省-龙岩地区-龙岩市,,False
1981,区划调整,3,360521000000,井冈山,井冈山,362533000000,井冈山县,江西省-吉安地区-井冈山县,,False
1981,撤销,3,432221000000,岳阳县,湖南省-岳阳地区-岳阳县,,,,,False
1981,更名,3,442730000000,高鹤县,广东省-佛山地区-高鹤县,442732000000,高明县,广东省-佛山地区-高明县,,False
1981,同名改码,3,452326000000,阳朔县,广西壮族自治区-桂林地区-阳朔县,450321000000,阳朔县,广西壮族自治区-桂林市-阳朔县,,False
1981,同名改码,3,513424000000,峨边县,四川省-凉山彝族自治州-峨边县,512533000000,峨边县,四川省-乐山地区-峨边县,,False
1981,同名改码,3,513425000000,马边县,四川省-凉山彝族自治州-马边县,512534000000,马边县,四川省-乐山地区-马边县,,False
1981,撤县设市,3,532521000000,开远县,云南省-红河哈尼族彝族自治州-开远县,532502000000,开远市,云南省-红河哈尼族彝族自治州-开远市,,False
1981,同名改码,3,622325000000,永昌县,甘肃省-武威地区-永昌县,620321000000,永昌县,甘肃省-金昌市-永昌县,,False
1981,同名改码,3,632421000000,河南蒙古族自治县,河南蒙古族自治县,632324000000,河南蒙古族自治县,青海省-黄南藏族自治州-河南蒙古族自治县,,False
1981,新设,3,,,,132801000000,廊坊市,河北省-廊坊地区-廊坊市,,False
1981,新设,3,,,,212102000000,铁法市,辽宁省-铁岭地区-铁法市,,False
1981,新设,3,,,,232722000000,塔河县,黑龙江省-大兴安岭地区-塔河县,,False
1981,新设,3,,,,232723000000,漠河县,黑龙江省-大兴安岭地区-漠河县,,False
1981,新设,3,,,,310112000000,闵行区,闵行区,,False
1981,新设,3,,,,320711000000,郊区,江苏省-连云港市-郊区,,False
1981,新设,3,,,,330328000000,瓯海县,浙江省-温州市-瓯海县,,False
1981,新设,3,,,,330329000000,苍南县,浙江省-温州市-苍南县,,False
1981,新设,3,,,,332701000000,椒江市,浙江省-台州地区-椒江市,,False
1981,新设,3,,,,410111000000,金海区,河南省-郑州市-金海区,,False
1981,新设,3,,,,412502000000,义马市,河南省-洛阳地区-义马市,,False
1981,新设,3,,,,422801000000,恩施市,湖北省-恩施地区-恩施市,,False
1981,新设,3,,,,442731000000,鹤山县,广东省-佛山地区-鹤山县,,False
1981,新设,3,,,,452201000000,合山市,广西壮族自治区-柳州地区-合山市,,False
1981,新设,3,,,,532101000000,昭通市,云南省-昭通地区-昭通市,,False
1981,新设,3,,,,532131000000,水富县,云南省-昭通地区-水富县,,False
1981,新设,3,,,,532721000000,思茅县,云南省-思茅地区-思茅县,,False
1981,新设,2,,,,620300000000,金昌市,甘肃省-金昌市,,False
1982,更名,3,142121000000,大同县,山西省-雁北地区-大同县,142121000000,阳高县,山西省-雁北地区-阳高县,,False
1982,更名,3,142122000000,阳高县,山西省-雁北地区-阳高县,142122000000,天镇县,山西省-雁北地区-天镇县,,False
1982,更名,3,142123000000,天镇县,山西省-雁北地区-天镇县,142123000000,广灵县,山西省-雁北地区-广灵县,,False
1982,更名,3,142124000000,广灵县,山西省-雁北地区-广灵县,142124000000,灵丘县,山西省-雁北地区-灵丘县,,False
1982,更名,3,142125000000,灵丘县,山西省-雁北地区-灵丘县,142125000000,浑源县,山西省-雁北地区-浑源县,,False
1982,更名,3,142126000000,浑源县,山西省-雁北地区-浑源县,142126000000,应县,山西省-雁北地区-应县,,False
1982,更名,3,142127000000,怀仁县,山西省-雁北地区-怀仁县,142127000000,山阴县,山西省-雁北地区-山阴县,,False
1982,更名,3,142128000000,应县,山西省-雁北地区-应县,142128000000,朔县,山西省-雁北地区-朔县,,False
1982,更名,3,142129000000,山阴县,山西省-雁北地区-山阴县,142129000000,平鲁县,山西省-雁北地区-平鲁县,,False
1982,更名,3,142130000000,朔县,山西省-雁北地区-朔县,142130000000,左云县,山西省-雁北地区-左云县,,False
1982,更名,3,142131000000,平鲁县,山西省-雁北地区-平鲁县,142131000000,右玉县,山西省-雁北地区-右玉县,,False
1982,更名,3,142132000000,左云县,山西省-雁北地区-左云县,142132000000,大同县,山西省-雁北地区-大同县,,False
1982,更名,3,142133000000,右玉县,山西省-雁北地区-右玉县,142133000000,怀仁县,山西省-雁北地区-怀仁县,,False
1982,更名,3,142222000000,原平县,山西省-忻县地区-原平县,142222000000,定襄县,山西省-忻县地区-定襄县,,False
1982,更名,3,142223000000,代县,山西省-忻县地区-代县,142223000000,五台县,山西省-忻县地区-五台县,,False
1982,更名,3,142224000000,繁峙县,山西省-忻县地区-繁峙县,142224000000,原平县,山西省-忻县地区-原平县,,False
1982,更名,3,142225000000,五台县,山西省-忻县地区-五台县,142225000000,代县,山西省-忻县地区-代县,,False
1982,更名,3,142226000000,定襄县,山西省-忻县地区-定襄县,142226000000,繁峙县,山西省-忻县地区-繁峙县,,False
1982,更名,3,142227000000,静乐县,山西省-忻县地区-静乐县,142227000000,宁武县,山西省-忻县地区-宁武县,,False
1982,更名,3,142228000000,岢岚县,山西省-忻县地区-岢岚县,142228000000,静乐县,山西省-忻县地区-静乐县,,False
1982,更名,3,142229000000,保德县,山西省-忻县地区-保德县,142229000000,神池县,山西省-忻县地区-神池县,,False
1982,更名,3,142231000000,河曲县,山西省-忻县地区-河曲县,142231000000,岢岚县,山西省-忻县地区-岢岚县,,False
1982,更名,3,142232000000,偏关县,山西省-忻县地区-偏关县,142232000000,河曲县,山西省-忻县地区-河曲县,,False
1982,更名,3,142233000000,神池县,山西省-忻县地区-神池县,142233000000,保德县,山西省-忻县地区-保德县,,False
1982,更名,3,142234000000,宁武县,山西省-忻县地区-宁武县,142234000000,偏关县,山西省-忻县地区-偏关县,,False
1982,更名,2,142300000000,晋中地区,山西省-晋中地区,142300000000,吕梁地区,山西省-吕梁地区,,False
1982,更名,3,142321000000,榆次县,山西省-晋中地区-榆次县,142321000000,汾阳县,山西省-吕梁地区-汾阳县,,False
1982,更名,3,142322000000,寿阳县,山西省-晋中地区-寿阳县,142322000000,文水县,山西省-吕梁地区-文水县,,False
1982,更名,3,142323000000,盂县,山西省-晋中地区-盂县,142323000000,交城县,山西省-吕梁地区-交城县,,False
1982,更名,3,142324000000,平定县,山西省-晋中地区-平定县,142324000000,孝义县,山西省-吕梁地区-孝义县,,False
1982,更名,3,142325000000,昔阳县,山西省-晋中地区-昔阳县,142325000000,兴县,山西省-吕梁地区-兴县,,False
1982,更名,3,142326000000,和顺县,山西省-晋中地区-和顺县,142326000000,临县,山西省-吕梁地区-临县,,False
1982,更名,3,142327000000,左权县,山西省-晋中地区-左权县,142327000000,柳林县,山西省-吕梁地区-柳林县,,False
1982,更名,3,142328000000,榆社县,山西省-晋中地区-榆社县,142328000000,石楼县,山西省-吕梁地区-石楼县,,False
1982,更名,3,142329000000,太谷县,山西省-晋中地区-太谷县,142329000000,岚县,山西省-吕梁地区-岚县,,False
1982,更名,3,142330000000,祁县,山西省-晋中地区-祁县,142330000000,方山县,山西省-吕梁地区-方山县,,False
1982,更名,3,142331000000,平遥县,山西省-晋中地区-平遥县,142331000000,离石县,山西省-吕梁地区-离石县,,False
1982,更名,3,142332000000,介休县,山西省-晋中地区-介休县,142332000000,中阳县,山西省-吕梁地区-中阳县,,False
1982,更名,3,142333000000,灵石县,山西省-晋中地区-灵石县,142333000000,交口县,山西省-吕梁地区-交口县,,False
1982,更名,2,142400000000,吕梁地区,山西省-吕梁地区,142400000000,晋中地区,山西省-晋中地区,,False
1982,更名,3,142421000000,离石县,山西省-吕梁地区-离石县,142421000000,榆社县,山西省-晋中地区-榆社县,,False
1982,更名,3,142422000000,孝义县,山西省-吕梁地区-孝义县,142422000000,左权县,山西省-晋中地区-左权县,,False
1982,更名,3,142423000000,兴县,山西省-吕梁地区-兴县,142423000000,和顺县,山西省-晋中地区-和顺县,,False
1982,更名,3,142424000000,交口县,山西省-吕梁地区-交口县,142424000000,昔阳县,山西省-晋中地区-昔阳县,,False
1982,更名,3,142425000000,方山县,山西省-吕梁地区-方山县,142425000000,平定县,山西省-晋中地区-平定县,,False
1982,更名,3,142426000000,石楼县,山西省-吕梁地区-石楼县,142426000000,盂县,山西省-晋中地区-盂县,,False
1982,更名,3,142427000000,岚县,山西省-吕梁地区-岚县,142427000000,寿阳县,山西省-晋中地区-寿阳县,,False
1982,更名,3,142428000000,中阳县,山西省-吕梁地区-中阳县,142428000000,榆次县,山西省-晋中地区-榆次县,,False
1982,更名,3,142429000000,交城县,山西省-吕梁地区-交城县,142429000000,太谷县,山西省-晋中地区-太谷县,,False
1982,更名,3,142430000000,临县,山西省-吕梁地区-临县,142430000000,祁县,山西省-晋中地区-祁县,,False
1982,更名,3,142431000000,文水县,山西省-吕梁地区-文水县,142431000000,平遥县,山西省-晋中地区-平遥县,,False
1982,更名,3,142432000000,柳林县,山西省-吕梁地区-柳林县,142432000000,介休县,山西省-晋中地区-介休县,,False
1982,更名,3,142433000000,汾阳县,山西省-吕梁地区-汾阳县,142433000000,灵石县,山西省-晋中地区-灵石县,,False
1982,更名,3,142523000000,襄垣县,山西省-晋东南地区-襄垣县,142523000000,屯留县,山西省-晋东南地区-屯留县,,False
1982,更名,3,142524000000,武乡县,山西省-晋东南地区-武乡县,142524000000,长子县,山西省-晋东南地区-长子县,,False
1982,更名,3,142525000000,黎城县,山西省-晋东南地区-黎城县,142525000000,沁水县,山西省-晋东南地区-沁水县,,False
1982,更名,3,142526000000,平顺县,山西省-晋东南地区-平顺县,142526000000,阳城县,山西省-晋东南地区-阳城县,,False
1982,更名,3,142527000000,壶关县,山西省-晋东南地区-壶关县,142527000000,晋城县,山西省-晋东南地区-晋城县,,False
1982,更名,3,142528000000,陵川县,山西省-晋东南地区-陵川县,142528000000,高平县,山西省-晋东南地区-高平县,,False
1982,更名,3,142529000000,高平县,山西省-晋东南地区-高平县,142529000000,陵川县,山西省-晋东南地区-陵川县,,False
1982,更名,3,142530000000,晋城县,山西省-晋东南地区-晋城县,142530000000,壶关县,山西省-晋东南地区-壶关县,,False
1982,更名,3,142531000000,阳城县,山西省-晋东南地区-阳城县,142531000000,平顺县,山西省-晋东南地区-平顺县,,False
1982,更名,3,142532000000,沁水县,山西省-晋东南地区-沁水县,142532000000,黎城县,山西省-晋东南地区-黎城县,,False
1982,更名,3,142533000000,长子县,山西省-晋东南地区-长子县,142533000000,武乡县,山西省-晋东南地区-武乡县,,False
1982,更名,3,142534000000,屯留县,山西省-晋东南地区-屯留县,142534000000,襄垣县,山西省-晋东南地区-襄垣县,,False
1982,更名,3,142535000000,沁源县,山西省-晋东南地区-沁源县,142535000000,沁县,山西省-晋东南地区-沁县,,False
1982,更名,3,142536000000,沁县,山西省-晋东南地区-沁县,142536000000,沁源县,山西省-晋东南地区-沁源县,,False
1982,更名,3,142621000000,临汾县,山西省-临汾地区-临汾县,142621000000,曲沃县,山西省-临汾地区-曲沃县,,False
1982,更名,3,142622000000,隰县,山西省-临汾地区-隰县,142622000000,翼城县,山西省-临汾地区-翼城县,,False
1982,更名,3,142623000000,汾西县,山西省-临汾地区-汾西县,142623000000,襄汾县,山西省-临汾地区-襄汾县,,False
1982,更名,3,142624000000,永和县,山西省-临汾地区-永和县,142624000000,临汾县,山西省-临汾地区-临汾县,,False
1982,更名,3,142625000000,安泽县,山西省-临汾地区-安泽县,142625000000,洪洞县,山西省-临汾地区-洪洞县,,False
1982,更名,3,142626000000,洪洞县,山西省-临汾地区-洪洞县,142626000000,霍县,山西省-临汾地区-霍县,,False
1982,更名,3,142628000000,霍县,山西省-临汾地区-霍县,142628000000,安泽县,山西省-临汾地区-安泽县,,False
1982,更名,3,142629000000,翼城县,山西省-临汾地区-翼城县,142629000000,浮山县,山西省-临汾地区-浮山县,,False
1982,更名,3,142630000000,浮山县,山西省-临汾地区-浮山县,142630000000,吉县,山西省-临汾地区-吉县,,False
1982,更名,3,142631000000,曲沃县,山西省-临汾地区-曲沃县,142631000000,乡宁县,山西省-临汾地区-乡宁县,,False
1982,更名,3,142632000000,襄汾县,山西省-临汾地区-襄汾县,142632000000,蒲县,山西省-临汾地区-蒲县,,False
1982,更名,3,142633000000,吉县,山西省-临汾地区-吉县,142633000000,大宁县,山西省-临汾地区-大宁县,,False
1982,更名,3,142634000000,乡宁县,山西省-临汾地区-乡宁县,142634000000,永和县,山西省-临汾地区-永和县,,False
1982,更名,3,142635000000,大宁县,山西省-临汾地区-大宁县,142635000000,隰县,山西省-临汾地区-隰县,,False
1982,更名,3,142636000000,蒲县,山西省-临汾地区-蒲县,142636000000,汾西县,山西省-临汾地区-汾西县,,False
1982,更名,3,142722000000,夏县,山西省-运城地区-夏县,142722000000,永济县,山西省-运城地区-永济县,,False
1982,更名,3,142723000000,闻喜县,山西省-运城地区-闻喜县,142723000000,芮城县,山西省-运城地区-芮城县,,False
1982,更名,3,142724000000,绛县,山西省-运城地区-绛县,142724000000,临猗县,山西省-运城地区-临猗县,,False
1982,更名,3,142725000000,垣曲县,山西省-运城地区-垣曲县,142725000000,万荣县,山西省-运城地区-万荣县,,False
1982,更名,3,142726000000,平陆县,山西省-运城地区-平陆县,142726000000,新绛县,山西省-运城地区-新绛县,,False
1982,更名,3,142727000000,芮城县,山西省-运城地区-芮城县,142727000000,稷山县,山西省-运城地区-稷山县,,False
1982,更名,3,142728000000,永济县,山西省-运城地区-永济县,142728000000,河津县,山西省-运城地区-河津县,,False
1982,更名,3,142729000000,临猗县,山西省-运城地区-临猗县,142729000000,闻喜县,山西省-运城地区-闻喜县,,False
1982,更名,3,142730000000,万荣县,山西省-运城地区-万荣县,142730000000,夏县,山西省-运城地区-夏县,,False
1982,更名,3,142731000000,新绛县,山西省-运城地区-新绛县,142731000000,绛县,山西省-运城地区-绛县,,False
1982,更名,3,142732000000,稷山县,山西省-运城地区-稷山县,142732000000,平陆县,山西省-运城地区-平陆县,,False
1982,更名,3,142733000000,河津县,山西省-运城地区-河津县,142733000000,垣曲县,山西省-运城地区-垣曲县,,False
1982,更名,3,152421000000,赤峰县,内蒙古自治区-昭乌达盟-赤峰县,152421000000,阿鲁科尔沁旗,内蒙古自治区-昭乌达盟-阿鲁科尔沁旗,,False
1982,更名,2,152500000000,伊克昭盟,内蒙古自治区-伊克昭盟,152500000000,锡林郭勒盟,内蒙古自治区-锡林郭勒盟,,False
1982,更名,3,152521000000,东胜县,内蒙古自治区-伊克昭盟-东胜县,152521000000,阿巴哈纳尔旗,内蒙古自治区-锡林郭勒盟-阿巴哈纳尔旗,,False
1982,更名,3,152522000000,达拉特旗,内蒙古自治区-伊克昭盟-达拉特旗,152522000000,阿巴嘎旗,内蒙古自治区-锡林郭勒盟-阿巴嘎旗,,False
1982,更名,3,152523000000,准格尔旗,内蒙古自治区-伊克昭盟-准格尔旗,152523000000,苏尼特左旗,内蒙古自治区-锡林郭勒盟-苏尼特左旗,,False
1982,更名,3,152524000000,鄂托克前旗,内蒙古自治区-伊克昭盟-鄂托克前旗,152524000000,苏尼特右旗,内蒙古自治区-锡林郭勒盟-苏尼特右旗,,False
1982,更名,3,152525000000,鄂托克旗,内蒙古自治区-伊克昭盟-鄂托克旗,152525000000,东乌珠穆沁旗,内蒙古自治区-锡林郭勒盟-东乌珠穆沁旗,,False
1982,更名,3,152526000000,杭锦旗,内蒙古自治区-伊克昭盟-杭锦旗,152526000000,西乌珠穆沁旗,内蒙古自治区-锡林郭勒盟-西乌珠穆沁旗,,False
1982,更名,3,152527000000,乌审旗,内蒙古自治区-伊克昭盟-乌审旗,152527000000,太仆寺旗,内蒙古自治区-锡林郭勒盟-太仆寺旗,,False
1982,更名,3,152528000000,伊金霍洛旗,内蒙古自治区-伊克昭盟-伊金霍洛旗,152528000000,镶黄旗,内蒙古自治区-锡林郭勒盟-镶黄旗,,False
1982,更名,2,152600000000,锡林郭勒盟,内蒙古自治区-锡林郭勒盟,152600000000,乌兰察布盟,内蒙古自治区-乌兰察布盟,,False
1982,更名,3,152601000000,二连浩特市,内蒙古自治区-锡林郭勒盟-二连浩特市,152601000000,集宁市,内蒙古自治区-乌兰察布盟-集宁市,,False
1982,更名,3,152621000000,阿巴哈纳尔旗,内蒙古自治区-锡林郭勒盟-阿巴哈纳尔旗,152621000000,武川县,内蒙古自治区-乌兰察布盟-武川县,,False
1982,更名,3,152622000000,阿巴嘎旗,内蒙古自治区-锡林郭勒盟-阿巴嘎旗,152622000000,和林格尔县,内蒙古自治区-乌兰察布盟-和林格尔县,,False
1982,更名,3,152623000000,苏尼特左旗,内蒙古自治区-锡林郭勒盟-苏尼特左旗,152623000000,清水河县,内蒙古自治区-乌兰察布盟-清水河县,,False
1982,更名,3,152624000000,苏尼特右旗,内蒙古自治区-锡林郭勒盟-苏尼特右旗,152624000000,卓资县,内蒙古自治区-乌兰察布盟-卓资县,,False
1982,更名,3,152625000000,东乌珠穆沁旗,内蒙古自治区-锡林郭勒盟-东乌珠穆沁旗,152625000000,化德县,内蒙古自治区-乌兰察布盟-化德县,,False
1982,更名,3,152626000000,西乌珠穆沁旗,内蒙古自治区-锡林郭勒盟-西乌珠穆沁旗,152626000000,商都县,内蒙古自治区-乌兰察布盟-商都县,,False
1982,更名,3,152627000000,太仆寺旗,内蒙古自治区-锡林郭勒盟-太仆寺旗,152627000000,兴和县,内蒙古自治区-乌兰察布盟-兴和县,,False
1982,更名,3,152628000000,镶黄旗,内蒙古自治区-锡林郭勒盟-镶黄旗,152628000000,丰镇县,内蒙古自治区-乌兰察布盟-丰镇县,,False
1982,更名,3,152629000000,正镶白旗,内蒙古自治区-锡林郭勒盟-正镶白旗,152629000000,凉城县,内蒙古自治区-乌兰察布盟-凉城县,,False
1982,更名,3,152630000000,正蓝旗,内蒙古自治区-锡林郭勒盟-正蓝旗,152630000000,察哈尔右翼前旗,内蒙古自治区-乌兰察布盟-察哈尔右翼前旗,,False
1982,更名,3,152631000000,多伦县,内蒙古自治区-锡林郭勒盟-多伦县,152631000000,察哈尔右翼中旗,内蒙古自治区-乌兰察布盟-察哈尔右翼中旗,,False
1982,更名,2,152700000000,巴彦淖尔盟,内蒙古自治区-巴彦淖尔盟,152700000000,伊克昭盟,内蒙古自治区-伊克昭盟,,False
1982,更名,3,152721000000,临河县,内蒙古自治区-巴彦淖尔盟-临河县,152721000000,东胜县,内蒙古自治区-伊克昭盟-东胜县,,False
1982,更名,3,152722000000,五原县,内蒙古自治区-巴彦淖尔盟-五原县,152722000000,达拉特旗,内蒙古自治区-伊克昭盟-达拉特旗,,False
1982,更名,3,152723000000,磴口县,内蒙古自治区-巴彦淖尔盟-磴口县,152723000000,准格尔旗,内蒙古自治区-伊克昭盟-准格尔旗,,False
1982,更名,3,152724000000,乌拉特前旗,内蒙古自治区-巴彦淖尔盟-乌拉特前旗,152724000000,鄂托克前旗,内蒙古自治区-伊克昭盟-鄂托克前旗,,False
1982,更名,3,152725000000,乌拉特中旗,内蒙古自治区-巴彦淖尔盟-乌拉特中旗,152725000000,鄂托克旗,内蒙古自治区-伊克昭盟-鄂托克旗,,False
1982,更名,3,152726000000,杭锦后旗,内蒙古自治区-巴彦淖尔盟-杭锦后旗,152726000000,杭锦旗,内蒙古自治区-伊克昭盟-杭锦旗,,False
1982,更名,3,152727000000,乌拉特后旗,内蒙古自治区-巴彦淖尔盟-乌拉特后旗,152727000000,乌审旗,内蒙古自治区-伊克昭盟-乌审旗,,False
1982,更名,2,152800000000,乌兰察布盟,内蒙古自治区-乌兰察布盟,152800000000,巴彦淖尔盟,内蒙古自治区-巴彦淖尔盟,,False
1982,更名,3,152821000000,武川县,内蒙古自治区-乌兰察布盟-武川县,152821000000,临河县,内蒙古自治区-巴彦淖尔盟-临河县,,False
1982,更名,3,152822000000,和林格尔县,内蒙古自治区-乌兰察布盟-和林格尔县,152822000000,五原县,内蒙古自治区-巴彦淖尔盟-五原县,,False
1982,更名,3,152823000000,清水河县,内蒙古自治区-乌兰察布盟-清水河县,152823000000,磴口县,内蒙古自治区-巴彦淖尔盟-磴口县,,False
1982,更名,3,152824000000,卓资县,内蒙古自治区-乌兰察布盟-卓资县,152824000000,乌拉特前旗,内蒙古自治区-巴彦淖尔盟-乌拉特前旗,,False
1982,更名,3,152825000000,化德县,内蒙古自治区-乌兰察布盟-化德县,152825000000,乌拉特中旗,内蒙古自治区-巴彦淖尔盟-乌拉特中旗,,False
1982,更名,3,152826000000,商都县,内蒙古自治区-乌兰察布盟-商都县,152826000000,乌拉特后旗,内蒙古自治区-巴彦淖尔盟-乌拉特后旗,,False
1982,更名,3,152827000000,兴和县,内蒙古自治区-乌兰察布盟-兴和县,152827000000,杭锦后旗,内蒙古自治区-巴彦淖尔盟-杭锦后旗,,False
1982,更名,2,230400000000,大庆市,黑龙江省-大庆市,230400000000,鹤岗市,黑龙江省-鹤岗市,,False
1982,更名,3,230402000000,萨尔图区,黑龙江省-大庆市-萨尔图区,230402000000,向阳区,黑龙江省-鹤岗市-向阳区,,False
1982,更名,3,230403000000,龙凤区,黑龙江省-大庆市-龙凤区,230403000000,工农区,黑龙江省-鹤岗市-工农区,,False
1982,更名,3,230404000000,让胡路区,黑龙江省-大庆市-让胡路区,230404000000,南山区,黑龙江省-鹤岗市-南山区,,False
1982,更名,3,230405000000,红岗区,黑龙江省-大庆市-红岗区,230405000000,兴安区,黑龙江省-鹤岗市-兴安区,,False
1982,更名,3,230406000000,大同区,黑龙江省-大庆市-大同区,230406000000,东山区,黑龙江省-鹤岗市-东山区,,False
1982,更名,2,230500000000,鹤岗市,黑龙江省-鹤岗市,230500000000,双鸭山市,黑龙江省-双鸭山市,,False
1982,更名,3,230502000000,向阳区,黑龙江省-鹤岗市-向阳区,230502000000,尖山区,黑龙江省-双鸭山市-尖山区,,False
1982,更名,3,230503000000,工农区,黑龙江省-鹤岗市-工农区,230503000000,岭东区,黑龙江省-双鸭山市-岭东区,,False
1982,更名,3,230504000000,南山区,黑龙江省-鹤岗市-南山区,230504000000,岭西区,黑龙江省-双鸭山市-岭西区,,False
1982,更名,3,230505000000,兴安区,黑龙江省-鹤岗市-兴安区,230505000000,四方台区,黑龙江省-双鸭山市-四方台区,,False
1982,更名,3,230506000000,东山区,黑龙江省-鹤岗市-东山区,230506000000,宝山区,黑龙江省-双鸭山市-宝山区,,False
1982,更名,2,230600000000,双鸭山市,黑龙江省-双鸭山市,230600000000,大庆市,黑龙江省-大庆市,,False
1982,更名,3,230602000000,尖山区,黑龙江省-双鸭山市-尖山区,230602000000,萨尔图区,黑龙江省-大庆市-萨尔图区,,False
1982,更名,3,230603000000,岭东区,黑龙江省-双鸭山市-岭东区,230603000000,龙凤区,黑龙江省-大庆市-龙凤区,,False
1982,更名,3,230604000000,岭西区,黑龙江省-双鸭山市-岭西区,230604000000,让胡路区,黑龙江省-大庆市-让胡路区,,False
1982,更名,3,230605000000,四方台区,黑龙江省-双鸭山市-四方台区,230605000000,红岗区,黑龙江省-大庆市-红岗区,,False
1982,更名,3,230606000000,宝山区,黑龙江省-双鸭山市-宝山区,230606000000,大同区,黑龙江省-大庆市-大同区,,False
1982,更名,2,232100000000,绥化地区,黑龙江省-绥化地区,232100000000,松花江地区,黑龙江省-松花江地区,,False
1982,更名,3,232121000000,海伦县,黑龙江省-绥化地区-海伦县,232121000000,阿城县,黑龙江省-松花江地区-阿城县,,False
1982,更名,3,232122000000,肇东县,黑龙江省-绥化地区-肇东县,232122000000,宾县,黑龙江省-松花江地区-宾县,,False
1982,更名,3,232123000000,绥化县,黑龙江省-绥化地区-绥化县,232123000000,呼兰县,黑龙江省-松花江地区-呼兰县,,False
1982,更名,3,232124000000,安达县,黑龙江省-绥化地区-安达县,232124000000,双城县,黑龙江省-松花江地区-双城县,,False
1982,更名,3,232125000000,望奎县,黑龙江省-绥化地区-望奎县,232125000000,五常县,黑龙江省-松花江地区-五常县,,False
1982,更名,3,232126000000,兰西县,黑龙江省-绥化地区-兰西县,232126000000,巴彦县,黑龙江省-松花江地区-巴彦县,,False
1982,更名,3,232127000000,青冈县,黑龙江省-绥化地区-青冈县,232127000000,木兰县,黑龙江省-松花江地区-木兰县,,False
1982,更名,3,232128000000,肇源县,黑龙江省-绥化地区-肇源县,232128000000,通河县,黑龙江省-松花江地区-通河县,,False
1982,更名,3,232129000000,肇州县,黑龙江省-绥化地区-肇州县,232129000000,尚志县,黑龙江省-松花江地区-尚志县,,False
1982,更名,3,232130000000,庆安县,黑龙江省-绥化地区-庆安县,232130000000,方正县,黑龙江省-松花江地区-方正县,,False
1982,更名,3,232131000000,明水县,黑龙江省-绥化地区-明水县,232131000000,延寿县,黑龙江省-松花江地区-延寿县,,False
1982,更名,2,232200000000,松花江地区,黑龙江省-松花江地区,232200000000,嫩江地区,黑龙江省-嫩江地区,,False
1982,更名,3,232221000000,五常县,黑龙江省-松花江地区-五常县,232221000000,龙江县,黑龙江省-嫩江地区-龙江县,,False
1982,更名,3,232222000000,双城县,黑龙江省-松花江地区-双城县,232222000000,讷河县,黑龙江省-嫩江地区-讷河县,,False
1982,更名,3,232223000000,巴彦县,黑龙江省-松花江地区-巴彦县,232223000000,依安县,黑龙江省-嫩江地区-依安县,,False
1982,更名,3,232224000000,呼兰县,黑龙江省-松花江地区-呼兰县,232224000000,泰来县,黑龙江省-嫩江地区-泰来县,,False
1982,更名,3,232225000000,宾县,黑龙江省-松花江地区-宾县,232225000000,甘南县,黑龙江省-嫩江地区-甘南县,,False
1982,更名,3,232226000000,阿城县,黑龙江省-松花江地区-阿城县,232226000000,杜尔伯特蒙古族自治县,黑龙江省-嫩江地区-杜尔伯特蒙古族自治县,,False
1982,更名,3,232227000000,尚志县,黑龙江省-松花江地区-尚志县,232227000000,富裕县,黑龙江省-嫩江地区-富裕县,,False
1982,更名,3,232228000000,木兰县,黑龙江省-松花江地区-木兰县,232228000000,林甸县,黑龙江省-嫩江地区-林甸县,,False
1982,更名,3,232229000000,延寿县,黑龙江省-松花江地区-延寿县,232229000000,克山县,黑龙江省-嫩江地区-克山县,,False
1982,更名,3,232230000000,通河县,黑龙江省-松花江地区-通河县,232230000000,克东县,黑龙江省-嫩江地区-克东县,,False
1982,更名,3,232231000000,方正县,黑龙江省-松花江地区-方正县,232231000000,拜泉县,黑龙江省-嫩江地区-拜泉县,,False
1982,更名,2,232300000000,嫩江地区,黑龙江省-嫩江地区,232300000000,绥化地区,黑龙江省-绥化地区,,False
1982,更名,3,232321000000,讷河县,黑龙江省-嫩江地区-讷河县,232321000000,海伦县,黑龙江省-绥化地区-海伦县,,False
1982,更名,3,232322000000,拜泉县,黑龙江省-嫩江地区-拜泉县,232322000000,肇东县,黑龙江省-绥化地区-肇东县,,False
1982,更名,3,232324000000,依安县,黑龙江省-嫩江地区-依安县,232324000000,望奎县,黑龙江省-绥化地区-望奎县,,False
1982,更名,3,232325000000,克山县,黑龙江省-嫩江地区-克山县,232325000000,兰西县,黑龙江省-绥化地区-兰西县,,False
1982,更名,3,232326000000,甘南县,黑龙江省-嫩江地区-甘南县,232326000000,青冈县,黑龙江省-绥化地区-青冈县,,False
1982,更名,3,232327000000,泰来县,黑龙江省-嫩江地区-泰来县,232327000000,安达县,黑龙江省-绥化地区-安达县,,False
1982,更名,3,232328000000,克东县,黑龙江省-嫩江地区-克东县,232328000000,肇源县,黑龙江省-绥化地区-肇源县,,False
1982,更名,3,232329000000,富裕县,黑龙江省-嫩江地区-富裕县,232329000000,肇州县,黑龙江省-绥化地区-肇州县,,False
1982,更名,3,232330000000,林甸县,黑龙江省-嫩江地区-林甸县,232330000000,庆安县,黑龙江省-绥化地区-庆安县,,False
1982,更名,3,232331000000,杜尔伯特蒙古族自治县,黑龙江省-嫩江地区-杜尔伯特蒙古族自治县,232331000000,明水县,黑龙江省-绥化地区-明水县,,False
1982,更名,3,232421000000,桦南县,黑龙江省-合江地区-桦南县,232421000000,富锦县,黑龙江省-合江地区-富锦县,,False
1982,更名,3,232422000000,集贤县,黑龙江省-合江地区-集贤县,232422000000,桦南县,黑龙江省-合江地区-桦南县,,False
1982,更名,3,232423000000,宝清县,黑龙江省-合江地区-宝清县,232423000000,依兰县,黑龙江省-合江地区-依兰县,,False
1982,更名,3,232424000000,富锦县,黑龙江省-合江地区-富锦县,232424000000,勃利县,黑龙江省-合江地区-勃利县,,False
1982,更名,3,232425000000,依兰县,黑龙江省-合江地区-依兰县,232425000000,集贤县,黑龙江省-合江地区-集贤县,,False
1982,更名,3,232426000000,勃利县,黑龙江省-合江地区-勃利县,232426000000,桦川县,黑龙江省-合江地区-桦川县,,False
1982,更名,3,232427000000,汤原县,黑龙江省-合江地区-汤原县,232427000000,宝清县,黑龙江省-合江地区-宝清县,,False
1982,更名,3,232428000000,桦川县,黑龙江省-合江地区-桦川县,232428000000,汤原县,黑龙江省-合江地区-汤原县,,False
1982,更名,3,232429000000,萝北县,黑龙江省-合江地区-萝北县,232429000000,绥滨县,黑龙江省-合江地区-绥滨县,,False
1982,更名,3,232430000000,绥滨县,黑龙江省-合江地区-绥滨县,232430000000,萝北县,黑龙江省-合江地区-萝北县,,False
1982,更名,3,232431000000,饶河县,黑龙江省-合江地区-饶河县,232431000000,同江县,黑龙江省-合江地区-同江县,,False
1982,更名,3,232432000000,同江县,黑龙江省-合江地区-同江县,232432000000,饶河县,黑龙江省-合江地区-饶河县,,False
1982,更名,3,232502000000,东凤区,黑龙江省-牡丹江地区-东凤区,232502000000,绥芬河市,黑龙江省-牡丹江地区-绥芬河市,,False
1982,更名,3,232503000000,先锋区,黑龙江省-牡丹江地区-先锋区,232503000000,东凤区,黑龙江省-牡丹江地区-东凤区,,False
1982,更名,3,232504000000,爱民区,黑龙江省-牡丹江地区-爱民区,232504000000,先锋区,黑龙江省-牡丹江地区-先锋区,,False
1982,更名,3,232505000000,阳明区,黑龙江省-牡丹江地区-阳明区,232505000000,爱民区,黑龙江省-牡丹江地区-爱民区,,False
1982,更名,3,232521000000,海林县,黑龙江省-牡丹江地区-海林县,232521000000,宁安县,黑龙江省-牡丹江地区-宁安县,,False
1982,更名,3,232522000000,宁安县,黑龙江省-牡丹江地区-宁安县,232522000000,海林县,黑龙江省-牡丹江地区-海林县,,False
1982,更名,3,232523000000,林口县,黑龙江省-牡丹江地区-林口县,232523000000,穆棱县,黑龙江省-牡丹江地区-穆棱县,,False
1982,更名,3,232524000000,密山县,黑龙江省-牡丹江地区-密山县,232524000000,东宁县,黑龙江省-牡丹江地区-东宁县,,False
1982,更名,3,232525000000,穆棱县,黑龙江省-牡丹江地区-穆棱县,232525000000,林口县,黑龙江省-牡丹江地区-林口县,,False
1982,更名,3,232526000000,虎林县,黑龙江省-牡丹江地区-虎林县,232526000000,鸡东县,黑龙江省-牡丹江地区-鸡东县,,False
1982,更名,3,232527000000,鸡东县,黑龙江省-牡丹江地区-鸡东县,232527000000,密山县,黑龙江省-牡丹江地区-密山县,,False
1982,更名,3,232528000000,东宁县,黑龙江省-牡丹江地区-东宁县,232528000000,虎林县,黑龙江省-牡丹江地区-虎林县,,False
1982,更名,3,232622000000,北安县,黑龙江省-黑河地区-北安县,232622000000,嫩江县,黑龙江省-黑河地区-嫩江县,,False
1982,更名,3,330321000000,洞头县,浙江省-温州市-洞头县,330321000000,瓯海县,浙江省-温州市-瓯海县,,False
1982,更名,3,330322000000,永嘉县,浙江省-温州市-永嘉县,330322000000,洞头县,浙江省-温州市-洞头县,,False
1982,更名,3,330323000000,瑞安县,浙江省-温州市-瑞安县,330323000000,乐清县,浙江省-温州市-乐清县,,False
1982,更名,3,330324000000,文成县,浙江省-温州市-文成县,330324000000,永嘉县,浙江省-温州市-永嘉县,,False
1982,更名,3,330325000000,平阳县,浙江省-温州市-平阳县,330325000000,瑞安县,浙江省-温州市-瑞安县,,False
1982,更名,3,330326000000,乐清县,浙江省-温州市-乐清县,330326000000,平阳县,浙江省-温州市-平阳县,,False
1982,更名,3,330327000000,泰顺县,浙江省-温州市-泰顺县,330327000000,苍南县,浙江省-温州市-苍南县,,False
1982,更名,3,330328000000,瓯海县,浙江省-温州市-瓯海县,330328000000,文成县,浙江省-温州市-文成县,,False
1982,更名,3,330329000000,苍南县,浙江省-温州市-苍南县,330329000000,泰顺县,浙江省-温州市-泰顺县,,False
1982,更名,3,332122000000,嘉善县,浙江省-嘉兴地区-嘉善县,332122000000,平湖县,浙江省-嘉兴地区-平湖县,,False
1982,更名,3,332123000000,平湖县,浙江省-嘉兴地区-平湖县,332123000000,海宁县,浙江省-嘉兴地区-海宁县,,False
1982,更名,3,332124000000,海宁县,浙江省-嘉兴地区-海宁县,332124000000,海盐县,浙江省-嘉兴地区-海盐县,,False
1982,更名,3,332125000000,海盐县,浙江省-嘉兴地区-海盐县,332125000000,桐乡县,浙江省-嘉兴地区-桐乡县,,False
1982,更名,3,332126000000,桐乡县,浙江省-嘉兴地区-桐乡县,332126000000,德清县,浙江省-嘉兴地区-德清县,,False
1982,更名,3,332127000000,德清县,浙江省-嘉兴地区-德清县,332127000000,长兴县,浙江省-嘉兴地区-长兴县,,False
1982,更名,3,332322000000,上虞县,浙江省-绍兴地区-上虞县,332322000000,嵊县,浙江省-绍兴地区-嵊县,,False
1982,更名,3,332323000000,嵊县,浙江省-绍兴地区-嵊县,332323000000,新昌县,浙江省-绍兴地区-新昌县,,False
1982,更名,3,332324000000,新昌县,浙江省-绍兴地区-新昌县,332324000000,诸暨县,浙江省-绍兴地区-诸暨县,,False
1982,更名,2,332500000000,金华地区,浙江省-金华地区,332500000000,丽水地区,浙江省-丽水地区,,False
1982,更名,3,332522000000,兰溪县,浙江省-金华地区-兰溪县,332522000000,青田县,浙江省-丽水地区-青田县,,False
1982,更名,3,332523000000,永康县,浙江省-金华地区-永康县,332523000000,云和县,浙江省-丽水地区-云和县,,False
1982,更名,3,332524000000,武义县,浙江省-金华地区-武义县,332524000000,龙泉县,浙江省-丽水地区-龙泉县,,False
1982,更名,3,332525000000,东阳县,浙江省-金华地区-东阳县,332525000000,庆元县,浙江省-丽水地区-庆元县,,False
1982,更名,3,332526000000,义乌县,浙江省-金华地区-义乌县,332526000000,缙云县,浙江省-丽水地区-缙云县,,False
1982,更名,3,332527000000,浦江县,浙江省-金华地区-浦江县,332527000000,遂昌县,浙江省-丽水地区-遂昌县,,False
1982,更名,2,332600000000,丽水地区,浙江省-丽水地区,332600000000,台州地区,浙江省-台州地区,,False
1982,更名,3,332621000000,丽水县,浙江省-丽水地区-丽水县,332621000000,临海县,浙江省-台州地区-临海县,,False
1982,更名,3,332622000000,青田县,浙江省-丽水地区-青田县,332622000000,黄岩县,浙江省-台州地区-黄岩县,,False
1982,更名,3,332623000000,云和县,浙江省-丽水地区-云和县,332623000000,温岭县,浙江省-台州地区-温岭县,,False
1982,更名,3,332624000000,龙泉县,浙江省-丽水地区-龙泉县,332624000000,仙居县,浙江省-台州地区-仙居县,,False
1982,更名,3,332625000000,庆元县,浙江省-丽水地区-庆元县,332625000000,天台县,浙江省-台州地区-天台县,,False
1982,更名,3,332626000000,缙云县,浙江省-丽水地区-缙云县,332626000000,三门县,浙江省-台州地区-三门县,,False
1982,更名,3,332627000000,遂昌县,浙江省-丽水地区-遂昌县,332627000000,玉环县,浙江省-台州地区-玉环县,,False
1982,更名,2,332700000000,台州地区,浙江省-台州地区,332700000000,舟山地区,浙江省-舟山地区,,False
1982,更名,3,332721000000,临海县,浙江省-台州地区-临海县,332721000000,定海县,浙江省-舟山地区-定海县,,False
1982,更名,3,332722000000,黄岩县,浙江省-台州地区-黄岩县,332722000000,普陀县,浙江省-舟山地区-普陀县,,False
1982,更名,3,332723000000,温岭县,浙江省-台州地区-温岭县,332723000000,岱山县,浙江省-舟山地区-岱山县,,False
1982,更名,3,332724000000,仙居县,浙江省-台州地区-仙居县,332724000000,嵊泗县,浙江省-舟山地区-嵊泗县,,False
1982,更名,2,352200000000,建阳地区,福建省-建阳地区,352200000000,宁德地区,福建省-宁德地区,,False
1982,更名,3,352221000000,顺昌县,福建省-建阳地区-顺昌县,352221000000,宁德县,福建省-宁德地区-宁德县,,False
1982,更名,3,352222000000,建阳县,福建省-建阳地区-建阳县,352222000000,连江县,福建省-宁德地区-连江县,,False
1982,更名,3,352223000000,建瓯县,福建省-建阳地区-建瓯县,352223000000,罗源县,福建省-宁德地区-罗源县,,False
1982,更名,3,352224000000,浦城县,福建省-建阳地区-浦城县,352224000000,福鼎县,福建省-宁德地区-福鼎县,,False
1982,更名,3,352225000000,邵武县,福建省-建阳地区-邵武县,352225000000,霞浦县,福建省-宁德地区-霞浦县,,False
1982,更名,3,352226000000,崇安县,福建省-建阳地区-崇安县,352226000000,福安县,福建省-宁德地区-福安县,,False
1982,更名,3,352227000000,光泽县,福建省-建阳地区-光泽县,352227000000,古田县,福建省-宁德地区-古田县,,False
1982,更名,3,352228000000,松溪县,福建省-建阳地区-松溪县,352228000000,屏南县,福建省-宁德地区-屏南县,,False
1982,更名,3,352229000000,政和县,福建省-建阳地区-政和县,352229000000,寿宁县,福建省-宁德地区-寿宁县,,False
1982,更名,2,352300000000,宁德地区,福建省-宁德地区,352300000000,莆田地区,福建省-莆田地区,,False
1982,更名,3,352321000000,宁德县,福建省-宁德地区-宁德县,352321000000,闽清县,福建省-莆田地区-闽清县,,False
1982,更名,3,352322000000,连江县,福建省-宁德地区-连江县,352322000000,永泰县,福建省-莆田地区-永泰县,,False
1982,更名,3,352323000000,罗源县,福建省-宁德地区-罗源县,352323000000,长乐县,福建省-莆田地区-长乐县,,False
1982,更名,3,352324000000,福鼎县,福建省-宁德地区-福鼎县,352324000000,福清县,福建省-莆田地区-福清县,,False
1982,更名,3,352325000000,霞浦县,福建省-宁德地区-霞浦县,352325000000,平潭县,福建省-莆田地区-平潭县,,False
1982,更名,3,352326000000,福安县,福建省-宁德地区-福安县,352326000000,莆田县,福建省-莆田地区-莆田县,,False
1982,更名,3,352327000000,古田县,福建省-宁德地区-古田县,352327000000,仙游县,福建省-莆田地区-仙游县,,False
1982,更名,2,352400000000,莆田地区,福建省-莆田地区,352400000000,晋江地区,福建省-晋江地区,,False
1982,更名,3,352421000000,闽清县,福建省-莆田地区-闽清县,352421000000,惠安县,福建省-晋江地区-惠安县,,False
1982,更名,3,352422000000,永泰县,福建省-莆田地区-永泰县,352422000000,晋江县,福建省-晋江地区-晋江县,,False
1982,更名,3,352423000000,长乐县,福建省-莆田地区-长乐县,352423000000,南安县,福建省-晋江地区-南安县,,False
1982,更名,3,352424000000,福清县,福建省-莆田地区-福清县,352424000000,安溪县,福建省-晋江地区-安溪县,,False
1982,更名,3,352425000000,平潭县,福建省-莆田地区-平潭县,352425000000,永春县,福建省-晋江地区-永春县,,False
1982,更名,3,352426000000,莆田县,福建省-莆田地区-莆田县,352426000000,德化县,福建省-晋江地区-德化县,,False
1982,更名,3,352427000000,仙游县,福建省-莆田地区-仙游县,352427000000,金门县,福建省-晋江地区-金门县,,False
1982,更名,2,352500000000,晋江地区,福建省-晋江地区,352500000000,龙溪地区,福建省-龙溪地区,,False
1982,更名,3,352501000000,泉州市,福建省-晋江地区-泉州市,352501000000,漳州市,福建省-龙溪地区-漳州市,,False
1982,更名,3,352521000000,惠安县,福建省-晋江地区-惠安县,352521000000,龙海县,福建省-龙溪地区-龙海县,,False
1982,更名,3,352522000000,晋江县,福建省-晋江地区-晋江县,352522000000,云霄县,福建省-龙溪地区-云霄县,,False
1982,更名,3,352523000000,南安县,福建省-晋江地区-南安县,352523000000,漳浦县,福建省-龙溪地区-漳浦县,,False
1982,更名,3,352524000000,安溪县,福建省-晋江地区-安溪县,352524000000,诏安县,福建省-龙溪地区-诏安县,,False
1982,更名,3,352525000000,永春县,福建省-晋江地区-永春县,352525000000,长泰县,福建省-龙溪地区-长泰县,,False
1982,更名,3,352526000000,德化县,福建省-晋江地区-德化县,352526000000,东山县,福建省-龙溪地区-东山县,,False
1982,更名,3,352527000000,金门县,福建省-晋江地区-金门县,352527000000,南靖县,福建省-龙溪地区-南靖县,,False
1982,更名,2,352600000000,龙溪地区,福建省-龙溪地区,352600000000,龙岩地区,福建省-龙岩地区,,False
1982,更名,3,352601000000,漳州市,福建省-龙溪地区-漳州市,352601000000,龙岩市,福建省-龙岩地区-龙岩市,,False
1982,更名,3,352622000000,云霄县,福建省-龙溪地区-云霄县,352622000000,长汀县,福建省-龙岩地区-长汀县,,False
1982,更名,3,352623000000,漳浦县,福建省-龙溪地区-漳浦县,352623000000,永定县,福建省-龙岩地区-永定县,,False
1982,更名,3,352624000000,诏安县,福建省-龙溪地区-诏安县,352624000000,上杭县,福建省-龙岩地区-上杭县,,False
1982,更名,3,352625000000,长泰县,福建省-龙溪地区-长泰县,352625000000,武平县,福建省-龙岩地区-武平县,,False
1982,更名,3,352626000000,东山县,福建省-龙溪地区-东山县,352626000000,漳平县,福建省-龙岩地区-漳平县,,False
1982,更名,3,352627000000,南靖县,福建省-龙溪地区-南靖县,352627000000,连城县,福建省-龙岩地区-连城县,,False
1982,更名,2,352700000000,龙岩地区,福建省-龙岩地区,352700000000,三明地区,福建省-三明地区,,False
1982,更名,3,352701000000,龙岩市,福建省-龙岩地区-龙岩市,352701000000,三明市,福建省-三明地区-三明市,,False
1982,更名,3,352722000000,长汀县,福建省-龙岩地区-长汀县,352722000000,永安县,福建省-三明地区-永安县,,False
1982,更名,3,352723000000,永定县,福建省-龙岩地区-永定县,352723000000,清流县,福建省-三明地区-清流县,,False
1982,更名,3,352724000000,上杭县,福建省-龙岩地区-上杭县,352724000000,宁化县,福建省-三明地区-宁化县,,False
1982,更名,3,352725000000,武平县,福建省-龙岩地区-武平县,352725000000,大田县,福建省-三明地区-大田县,,False
1982,更名,3,352726000000,漳平县,福建省-龙岩地区-漳平县,352726000000,尤溪县,福建省-三明地区-尤溪县,,False
1982,更名,3,352727000000,连城县,福建省-龙岩地区-连城县,352727000000,沙县,福建省-三明地区-沙县,,False
1982,更名,3,360121000000,新建县,江西省-南昌市-新建县,360121000000,南昌县,江西省-南昌市-南昌县,,False
1982,更名,3,360122000000,南昌县,江西省-南昌市-南昌县,360122000000,新建县,江西省-南昌市-新建县,,False
1982,更名,2,362100000000,九江地区,江西省-九江地区,362100000000,赣州地区,江西省-赣州地区,,False
1982,更名,3,362121000000,九江县,江西省-九江地区-九江县,362121000000,赣县,江西省-赣州地区-赣县,,False
1982,更名,3,362122000000,永修县,江西省-九江地区-永修县,362122000000,南康县,江西省-赣州地区-南康县,,False
1982,更名,3,362123000000,彭泽县,江西省-九江地区-彭泽县,362123000000,信丰县,江西省-赣州地区-信丰县,,False
1982,更名,3,362124000000,德安县,江西省-九江地区-德安县,362124000000,大余县,江西省-赣州地区-大余县,,False
1982,更名,3,362125000000,湖口县,江西省-九江地区-湖口县,362125000000,上犹县,江西省-赣州地区-上犹县,,False
1982,更名,3,362126000000,瑞昌县,江西省-九江地区-瑞昌县,362126000000,崇义县,江西省-赣州地区-崇义县,,False
1982,更名,3,362127000000,都昌县,江西省-九江地区-都昌县,362127000000,安远县,江西省-赣州地区-安远县,,False
1982,更名,3,362128000000,武宁县,江西省-九江地区-武宁县,362128000000,龙南县,江西省-赣州地区-龙南县,,False
1982,更名,3,362129000000,星子县,江西省-九江地区-星子县,362129000000,定南县,江西省-赣州地区-定南县,,False
1982,更名,3,362130000000,修水县,江西省-九江地区-修水县,362130000000,全南县,江西省-赣州地区-全南县,,False
1982,更名,2,362200000000,上饶地区,江西省-上饶地区,362200000000,宜春地区,江西省-宜春地区,,False
1982,更名,3,362201000000,上饶市,江西省-上饶地区-上饶市,362201000000,宜春市,江西省-宜春地区-宜春市,,False
1982,更名,3,362221000000,上饶县,江西省-上饶地区-上饶县,362221000000,丰城县,江西省-宜春地区-丰城县,,False
1982,更名,3,362222000000,贵溪县,江西省-上饶地区-贵溪县,362222000000,高安县,江西省-宜春地区-高安县,,False
1982,更名,3,362223000000,婺源县,江西省-上饶地区-婺源县,362223000000,清江县,江西省-宜春地区-清江县,,False
1982,更名,3,362224000000,余江县,江西省-上饶地区-余江县,362224000000,新余县,江西省-宜春地区-新余县,,False
1982,更名,3,362225000000,德兴县,江西省-上饶地区-德兴县,362225000000,宜春县,江西省-宜春地区-宜春县,,False
1982,更名,3,362226000000,万年县,江西省-上饶地区-万年县,362226000000,奉新县,江西省-宜春地区-奉新县,,False
1982,更名,3,362227000000,玉山县,江西省-上饶地区-玉山县,362227000000,万载县,江西省-宜春地区-万载县,,False
1982,更名,3,362228000000,乐平县,江西省-上饶地区-乐平县,362228000000,上高县,江西省-宜春地区-上高县,,False
1982,更名,3,362229000000,广丰县,江西省-上饶地区-广丰县,362229000000,宜丰县,江西省-宜春地区-宜丰县,,False
1982,更名,3,362230000000,波阳县,江西省-上饶地区-波阳县,362230000000,分宜县,江西省-宜春地区-分宜县,,False
1982,更名,3,362231000000,铅山县,江西省-上饶地区-铅山县,362231000000,安义县,江西省-宜春地区-安义县,,False
1982,更名,3,362232000000,余干县,江西省-上饶地区-余干县,362232000000,靖安县,江西省-宜春地区-靖安县,,False
1982,更名,3,362233000000,横峰县,江西省-上饶地区-横峰县,362233000000,铜鼓县,江西省-宜春地区-铜鼓县,,False
1982,更名,2,362300000000,宜春地区,江西省-宜春地区,362300000000,上饶地区,江西省-上饶地区,,False
1982,更名,3,362301000000,宜春市,江西省-宜春地区-宜春市,362301000000,上饶市,江西省-上饶地区-上饶市,,False
1982,更名,3,362321000000,宜春县,江西省-宜春地区-宜春县,362321000000,上饶县,江西省-上饶地区-上饶县,,False
1982,更名,3,362322000000,高安县,江西省-宜春地区-高安县,362322000000,广丰县,江西省-上饶地区-广丰县,,False
1982,更名,3,362323000000,万载县,江西省-宜春地区-万载县,362323000000,玉山县,江西省-上饶地区-玉山县,,False
1982,更名,3,362324000000,丰城县,江西省-宜春地区-丰城县,362324000000,铅山县,江西省-上饶地区-铅山县,,False
1982,更名,3,362325000000,铜鼓县,江西省-宜春地区-铜鼓县,362325000000,横峰县,江西省-上饶地区-横峰县,,False
1982,更名,3,362326000000,清江县,江西省-宜春地区-清江县,362326000000,弋阳县,江西省-上饶地区-弋阳县,,False
1982,更名,3,362327000000,宜丰县,江西省-宜春地区-宜丰县,362327000000,贵溪县,江西省-上饶地区-贵溪县,,False
1982,更名,3,362328000000,新余县,江西省-宜春地区-新余县,362328000000,余江县,江西省-上饶地区-余江县,,False
1982,更名,3,362329000000,上高县,江西省-宜春地区-上高县,362329000000,余干县,江西省-上饶地区-余干县,,False
1982,更名,3,362330000000,分宜县,江西省-宜春地区-分宜县,362330000000,波阳县,江西省-上饶地区-波阳县,,False
1982,更名,3,362331000000,安义县,江西省-宜春地区-安义县,362331000000,万年县,江西省-上饶地区-万年县,,False
1982,更名,3,362332000000,靖安县,江西省-宜春地区-靖安县,362332000000,乐平县,江西省-上饶地区-乐平县,,False
1982,更名,3,362333000000,奉新县,江西省-宜春地区-奉新县,362333000000,德兴县,江西省-上饶地区-德兴县,,False
1982,更名,2,362400000000,抚州地区,江西省-抚州地区,362400000000,吉安地区,江西省-吉安地区,,False
1982,更名,3,362401000000,抚州市,江西省-抚州地区-抚州市,362401000000,吉安市,江西省-吉安地区-吉安市,,False
1982,更名,3,362421000000,临川县,江西省-抚州地区-临川县,362421000000,吉安县,江西省-吉安地区-吉安县,,False
1982,更名,3,362422000000,宜黄县,江西省-抚州地区-宜黄县,362422000000,吉水县,江西省-吉安地区-吉水县,,False
1982,更名,3,362423000000,金溪县,江西省-抚州地区-金溪县,362423000000,峡江县,江西省-吉安地区-峡江县,,False
1982,更名,3,362424000000,崇仁县,江西省-抚州地区-崇仁县,362424000000,新干县,江西省-吉安地区-新干县,,False
1982,更名,3,362425000000,资溪县,江西省-抚州地区-资溪县,362425000000,永丰县,江西省-吉安地区-永丰县,,False
1982,更名,3,362426000000,乐安县,江西省-抚州地区-乐安县,362426000000,泰和县,江西省-吉安地区-泰和县,,False
1982,更名,3,362427000000,黎川县,江西省-抚州地区-黎川县,362427000000,遂川县,江西省-吉安地区-遂川县,,False
1982,更名,3,362428000000,东乡县,江西省-抚州地区-东乡县,362428000000,万安县,江西省-吉安地区-万安县,,False
1982,更名,3,362429000000,南丰县,江西省-抚州地区-南丰县,362429000000,安福县,江西省-吉安地区-安福县,,False
1982,更名,3,362430000000,进贤县,江西省-抚州地区-进贤县,362430000000,永新县,江西省-吉安地区-永新县,,False
1982,更名,3,362431000000,南城县,江西省-抚州地区-南城县,362431000000,莲花县,江西省-吉安地区-莲花县,,False
1982,更名,2,362500000000,吉安地区,江西省-吉安地区,362500000000,抚州地区,江西省-抚州地区,,False
1982,更名,3,362501000000,吉安市,江西省-吉安地区-吉安市,362501000000,抚州市,江西省-抚州地区-抚州市,,False
1982,更名,3,362521000000,吉安县,江西省-吉安地区-吉安县,362521000000,临川县,江西省-抚州地区-临川县,,False
1982,更名,3,362522000000,万安县,江西省-吉安地区-万安县,362522000000,南城县,江西省-抚州地区-南城县,,False
1982,更名,3,362523000000,新干县,江西省-吉安地区-新干县,362523000000,黎川县,江西省-抚州地区-黎川县,,False
1982,更名,3,362524000000,遂川县,江西省-吉安地区-遂川县,362524000000,南丰县,江西省-抚州地区-南丰县,,False
1982,更名,3,362525000000,峡江县,江西省-吉安地区-峡江县,362525000000,崇仁县,江西省-抚州地区-崇仁县,,False
1982,更名,3,362526000000,宁冈县,江西省-吉安地区-宁冈县,362526000000,乐安县,江西省-抚州地区-乐安县,,False
1982,更名,3,362527000000,吉水县,江西省-吉安地区-吉水县,362527000000,宜黄县,江西省-抚州地区-宜黄县,,False
1982,更名,3,362528000000,永新县,江西省-吉安地区-永新县,362528000000,金溪县,江西省-抚州地区-金溪县,,False
1982,更名,3,362529000000,永丰县,江西省-吉安地区-永丰县,362529000000,资溪县,江西省-抚州地区-资溪县,,False
1982,更名,3,362530000000,莲花县,江西省-吉安地区-莲花县,362530000000,进贤县,江西省-抚州地区-进贤县,,False
1982,更名,3,362531000000,泰和县,江西省-吉安地区-泰和县,362531000000,东乡县,江西省-抚州地区-东乡县,,False
1982,更名,2,362600000000,赣州地区,江西省-赣州地区,362600000000,九江地区,江西省-九江地区,,False
1982,更名,3,362621000000,广昌县,江西省-赣州地区-广昌县,362621000000,九江县,江西省-九江地区-九江县,,False
1982,更名,3,362622000000,定南县,江西省-赣州地区-定南县,362622000000,瑞昌县,江西省-九江地区-瑞昌县,,False
1982,更名,3,362623000000,石城县,江西省-赣州地区-石城县,362623000000,武宁县,江西省-九江地区-武宁县,,False
1982,更名,3,362624000000,龙南县,江西省-赣州地区-龙南县,362624000000,修水县,江西省-九江地区-修水县,,False
1982,更名,3,362625000000,宁都县,江西省-赣州地区-宁都县,362625000000,永修县,江西省-九江地区-永修县,,False
1982,更名,3,362626000000,全南县,江西省-赣州地区-全南县,362626000000,德安县,江西省-九江地区-德安县,,False
1982,更名,3,362627000000,兴国县,江西省-赣州地区-兴国县,362627000000,星子县,江西省-九江地区-星子县,,False
1982,更名,3,362628000000,信丰县,江西省-赣州地区-信丰县,362628000000,都昌县,江西省-九江地区-都昌县,,False
1982,更名,3,362629000000,于都县,江西省-赣州地区-于都县,362629000000,湖口县,江西省-九江地区-湖口县,,False
1982,更名,3,362630000000,赣县,江西省-赣州地区-赣县,362630000000,彭泽县,江西省-九江地区-彭泽县,,False
1982,更名,3,372521000000,阳谷县,山东省-聊城地区-阳谷县,372521000000,聊城县,山东省-聊城地区-聊城县,,False
1982,更名,3,372522000000,莘县,山东省-聊城地区-莘县,372522000000,阳谷县,山东省-聊城地区-阳谷县,,False
1982,更名,3,372523000000,茌平县,山东省-聊城地区-茌平县,372523000000,莘县,山东省-聊城地区-莘县,,False
1982,更名,3,372524000000,东阿县,山东省-聊城地区-东阿县,372524000000,茌平县,山东省-聊城地区-茌平县,,False
1982,更名,3,372525000000,冠县,山东省-聊城地区-冠县,372525000000,东阿县,山东省-聊城地区-东阿县,,False
1982,更名,3,372526000000,高唐县,山东省-聊城地区-高唐县,372526000000,冠县,山东省-聊城地区-冠县,,False
1982,更名,3,372527000000,临清县,山东省-聊城地区-临清县,372527000000,高唐县,山东省-聊城地区-高唐县,,False
1982,更名,3,372528000000,聊城县,山东省-聊城地区-聊城县,372528000000,临清县,山东省-聊城地区-临清县,,False
1982,更名,3,372621000000,泰安县,山东省-泰安地区-泰安县,372621000000,莱芜县,山东省-泰安地区-莱芜县,,False
1982,更名,3,372622000000,莱芜县,山东省-泰安地区-莱芜县,372622000000,新泰县,山东省-泰安地区-新泰县,,False
1982,更名,2,410600000000,焦作市,河南省-焦作市,410600000000,鹤壁市,河南省-鹤壁市,,False
1982,更名,3,410602000000,解放区,河南省-焦作市-解放区,410602000000,鹤山区,河南省-鹤壁市-鹤山区,,False
1982,更名,3,410603000000,中站区,河南省-焦作市-中站区,410603000000,山城区,河南省-鹤壁市-山城区,,False
1982,更名,3,412426000000,新郑县,河南省-开封地区-新郑县,412426000000,巩县,河南省-开封地区-巩县,,False
1982,更名,3,412427000000,巩县,河南省-开封地区-巩县,412427000000,登封县,河南省-开封地区-登封县,,False
1982,更名,3,412428000000,登封县,河南省-开封地区-登封县,412428000000,新郑县,河南省-开封地区-新郑县,,False
1982,更名,2,430300000000,湘潭市,湖南省-湘潭市,430300000000,邵阳市,湖南省-邵阳市,,False
1982,更名,3,430302000000,雨湖区,湖南省-湘潭市-雨湖区,430302000000,东区,湖南省-邵阳市-东区,,False
1982,更名,3,430303000000,湘江区,湖南省-湘潭市-湘江区,430303000000,西区,湖南省-邵阳市-西区,,False
1982,更名,3,430304000000,岳塘区,湖南省-湘潭市-岳塘区,430304000000,桥头区,湖南省-邵阳市-桥头区,,False
1982,更名,2,430400000000,衡阳市,湖南省-衡阳市,430400000000,湘潭市,湖南省-湘潭市,,False
1982,更名,3,430402000000,江东区,湖南省-衡阳市-江东区,430402000000,雨湖区,湖南省-湘潭市-雨湖区,,False
1982,更名,3,430403000000,城南区,湖南省-衡阳市-城南区,430403000000,湘江区,湖南省-湘潭市-湘江区,,False
1982,更名,3,430404000000,城北区,湖南省-衡阳市-城北区,430404000000,岳塘区,湖南省-湘潭市-岳塘区,,False
1982,更名,2,430500000000,邵阳市,湖南省-邵阳市,430500000000,衡阳市,湖南省-衡阳市,,False
1982,更名,3,430502000000,东区,湖南省-邵阳市-东区,430502000000,江东区,湖南省-衡阳市-江东区,,False
1982,更名,3,430503000000,西区,湖南省-邵阳市-西区,430503000000,城南区,湖南省-衡阳市-城南区,,False
1982,更名,3,430504000000,桥头区,湖南省-邵阳市-桥头区,430504000000,城北区,湖南省-衡阳市-城北区,,False
1982,更名,2,432500000000,涟源地区,湖南省-涟源地区,432500000000,娄底地区,湖南省-娄底地区,,False
1982,更名,3,433001000000,洪江市,湖南省-怀化地区-洪江市,433001000000,怀化市,湖南省-怀化地区-怀化市,,False
1982,更名,3,433002000000,怀化市,湖南省-怀化地区-怀化市,433002000000,洪江市,湖南省-怀化地区-洪江市,,False
1982,更名,3,510411000000,郊区,四川省-渡口市-郊区,510411000000,仁和区,四川省-渡口市-仁和区,,False
1982,更名,2,512100000000,温江地区,四川省-温江地区,512100000000,永川地区,四川省-永川地区,,False
1982,更名,3,512121000000,温江县,四川省-温江地区-温江县,512121000000,江津县,四川省-永川地区-江津县,,False
1982,更名,3,512122000000,郫县,四川省-温江地区-郫县,512122000000,合川县,四川省-永川地区-合川县,,False
1982,更名,3,512123000000,灌县,四川省-温江地区-灌县,512123000000,潼南县,四川省-永川地区-潼南县,,False
1982,更名,3,512124000000,彭县,四川省-温江地区-彭县,512124000000,铜梁县,四川省-永川地区-铜梁县,,False
1982,更名,3,512125000000,什邡县,四川省-温江地区-什邡县,512125000000,永川县,四川省-永川地区-永川县,,False
1982,更名,3,512126000000,广汉县,四川省-温江地区-广汉县,512126000000,大足县,四川省-永川地区-大足县,,False
1982,更名,3,512127000000,新都县,四川省-温江地区-新都县,512127000000,荣昌县,四川省-永川地区-荣昌县,,False
1982,更名,3,512128000000,新津县,四川省-温江地区-新津县,512128000000,璧山县,四川省-永川地区-璧山县,,False
1982,更名,2,512200000000,绵阳地区,四川省-绵阳地区,512200000000,万县地区,四川省-万县地区,,False
1982,更名,3,512201000000,绵阳市,四川省-绵阳地区-绵阳市,512201000000,万县市,四川省-万县地区-万县市,,False
1982,更名,3,512221000000,江油县,四川省-绵阳地区-江油县,512221000000,万县,四川省-万县地区-万县,,False
1982,更名,3,512222000000,青川县,四川省-绵阳地区-青川县,512222000000,开县,四川省-万县地区-开县,,False
1982,更名,3,512223000000,平武县,四川省-绵阳地区-平武县,512223000000,忠县,四川省-万县地区-忠县,,False
1982,更名,3,512224000000,广元县,四川省-绵阳地区-广元县,512224000000,梁平县,四川省-万县地区-梁平县,,False
1982,更名,3,512225000000,旺苍县,四川省-绵阳地区-旺苍县,512225000000,云阳县,四川省-万县地区-云阳县,,False
1982,更名,3,512226000000,剑阁县,四川省-绵阳地区-剑阁县,512226000000,奉节县,四川省-万县地区-奉节县,,False
1982,更名,3,512227000000,梓潼县,四川省-绵阳地区-梓潼县,512227000000,巫山县,四川省-万县地区-巫山县,,False
1982,更名,3,512228000000,三台县,四川省-绵阳地区-三台县,512228000000,巫溪县,四川省-万县地区-巫溪县,,False
1982,更名,3,512229000000,盐亭县,四川省-绵阳地区-盐亭县,512229000000,城口县,四川省-万县地区-城口县,,False
1982,更名,2,512300000000,内江地区,四川省-内江地区,512300000000,涪陵地区,四川省-涪陵地区,,False
1982,更名,3,512321000000,内江县,四川省-内江地区-内江县,512321000000,涪陵县,四川省-涪陵地区-涪陵县,,False
1982,更名,3,512322000000,乐至县,四川省-内江地区-乐至县,512322000000,垫江县,四川省-涪陵地区-垫江县,,False
1982,更名,3,512323000000,安岳县,四川省-内江地区-安岳县,512323000000,南川县,四川省-涪陵地区-南川县,,False
1982,更名,3,512324000000,威远县,四川省-内江地区-威远县,512324000000,丰都县,四川省-涪陵地区-丰都县,,False
1982,更名,3,512325000000,资中县,四川省-内江地区-资中县,512325000000,石柱县,四川省-涪陵地区-石柱县,,False
1982,更名,3,512326000000,资阳县,四川省-内江地区-资阳县,512326000000,武隆县,四川省-涪陵地区-武隆县,,False
1982,更名,3,512327000000,简阳县,四川省-内江地区-简阳县,512327000000,彭水县,四川省-涪陵地区-彭水县,,False
1982,更名,2,512400000000,宜宾地区,四川省-宜宾地区,512400000000,内江地区,四川省-内江地区,,False
1982,更名,3,512401000000,宜宾市,四川省-宜宾地区-宜宾市,512401000000,内江市,四川省-内江地区-内江市,,False
1982,更名,3,512421000000,宜宾县,四川省-宜宾地区-宜宾县,512421000000,内江县,四川省-内江地区-内江县,,False
1982,更名,3,512422000000,富顺县,四川省-宜宾地区-富顺县,512422000000,资中县,四川省-内江地区-资中县,,False
1982,更名,3,512423000000,隆昌县,四川省-宜宾地区-隆昌县,512423000000,资阳县,四川省-内江地区-资阳县,,False
1982,更名,3,512424000000,南溪县,四川省-宜宾地区-南溪县,512424000000,简阳县,四川省-内江地区-简阳县,,False
1982,更名,3,512425000000,江安县,四川省-宜宾地区-江安县,512425000000,威远县,四川省-内江地区-威远县,,False
1982,更名,3,512426000000,纳溪县,四川省-宜宾地区-纳溪县,512426000000,隆昌县,四川省-内江地区-隆昌县,,False
1982,更名,3,512427000000,泸县,四川省-宜宾地区-泸县,512427000000,安岳县,四川省-内江地区-安岳县,,False
1982,更名,3,512428000000,合江县,四川省-宜宾地区-合江县,512428000000,乐至县,四川省-内江地区-乐至县,,False
1982,更名,2,512500000000,乐山地区,四川省-乐山地区,512500000000,宜宾地区,四川省-宜宾地区,,False
1982,更名,3,512501000000,乐山市,四川省-乐山地区-乐山市,512501000000,宜宾市,四川省-宜宾地区-宜宾市,,False
1982,更名,3,512521000000,夹江县,四川省-乐山地区-夹江县,512521000000,泸县,四川省-宜宾地区-泸县,,False
1982,更名,3,512522000000,洪雅县,四川省-乐山地区-洪雅县,512522000000,富顺县,四川省-宜宾地区-富顺县,,False
1982,更名,3,512523000000,丹棱县,四川省-乐山地区-丹棱县,512523000000,合江县,四川省-宜宾地区-合江县,,False
1982,更名,3,512524000000,青神县,四川省-乐山地区-青神县,512524000000,纳溪县,四川省-宜宾地区-纳溪县,,False
1982,更名,3,512525000000,眉山县,四川省-乐山地区-眉山县,512525000000,叙永县,四川省-宜宾地区-叙永县,,False
1982,更名,3,512526000000,彭山县,四川省-乐山地区-彭山县,512526000000,古蔺县,四川省-宜宾地区-古蔺县,,False
1982,更名,3,512527000000,井研县,四川省-乐山地区-井研县,512527000000,宜宾县,四川省-宜宾地区-宜宾县,,False
1982,更名,3,512528000000,仁寿县,四川省-乐山地区-仁寿县,512528000000,南溪县,四川省-宜宾地区-南溪县,,False
1982,更名,3,512529000000,犍为县,四川省-乐山地区-犍为县,512529000000,江安县,四川省-宜宾地区-江安县,,False
1982,更名,3,512530000000,沐川县,四川省-乐山地区-沐川县,512530000000,长宁县,四川省-宜宾地区-长宁县,,False
1982,更名,3,512531000000,峨眉县,四川省-乐山地区-峨眉县,512531000000,高县,四川省-宜宾地区-高县,,False
1982,更名,3,512532000000,金口河工农区,四川省-乐山地区-金口河工农区,512532000000,筠连县,四川省-宜宾地区-筠连县,,False
1982,更名,3,512533000000,峨边县,四川省-乐山地区-峨边县,512533000000,珙县,四川省-宜宾地区-珙县,,False
1982,更名,3,512534000000,马边县,四川省-乐山地区-马边县,512534000000,兴文县,四川省-宜宾地区-兴文县,,False
1982,更名,2,512600000000,永川地区,四川省-永川地区,512600000000,乐山地区,四川省-乐山地区,,False
1982,更名,3,512621000000,永川县,四川省-永川地区-永川县,512621000000,仁寿县,四川省-乐山地区-仁寿县,,False
1982,更名,3,512622000000,大足县,四川省-永川地区-大足县,512622000000,眉山县,四川省-乐山地区-眉山县,,False
1982,更名,3,512623000000,铜梁县,四川省-永川地区-铜梁县,512623000000,犍为县,四川省-乐山地区-犍为县,,False
1982,更名,3,512624000000,合川县,四川省-永川地区-合川县,512624000000,井研县,四川省-乐山地区-井研县,,False
1982,更名,3,512625000000,潼南县,四川省-永川地区-潼南县,512625000000,峨眉县,四川省-乐山地区-峨眉县,,False
1982,更名,3,512626000000,璧山县,四川省-永川地区-璧山县,512626000000,夹江县,四川省-乐山地区-夹江县,,False
1982,更名,3,512627000000,江津县,四川省-永川地区-江津县,512627000000,洪雅县,四川省-乐山地区-洪雅县,,False
1982,更名,3,512628000000,荣昌县,四川省-永川地区-荣昌县,512628000000,彭山县,四川省-乐山地区-彭山县,,False
1982,更名,2,512700000000,涪陵地区,四川省-涪陵地区,512700000000,温江地区,四川省-温江地区,,False
1982,更名,3,512721000000,涪陵县,四川省-涪陵地区-涪陵县,512721000000,温江县,四川省-温江地区-温江县,,False
1982,更名,3,512722000000,垫江县,四川省-涪陵地区-垫江县,512722000000,郫县,四川省-温江地区-郫县,,False
1982,更名,3,512723000000,丰都县,四川省-涪陵地区-丰都县,512723000000,新都县,四川省-温江地区-新都县,,False
1982,更名,3,512724000000,石柱县,四川省-涪陵地区-石柱县,512724000000,广汉县,四川省-温江地区-广汉县,,False
1982,更名,3,512725000000,秀山县,四川省-涪陵地区-秀山县,512725000000,什邡县,四川省-温江地区-什邡县,,False
1982,更名,3,512726000000,酉阳县,四川省-涪陵地区-酉阳县,512726000000,彭县,四川省-温江地区-彭县,,False
1982,更名,3,512727000000,黔江县,四川省-涪陵地区-黔江县,512727000000,灌县,四川省-温江地区-灌县,,False
1982,更名,3,512728000000,彭水县,四川省-涪陵地区-彭水县,512728000000,崇庆县,四川省-温江地区-崇庆县,,False
1982,更名,3,512729000000,武隆县,四川省-涪陵地区-武隆县,512729000000,大邑县,四川省-温江地区-大邑县,,False
1982,更名,3,512730000000,南川县,四川省-涪陵地区-南川县,512730000000,邛崃县,四川省-温江地区-邛崃县,,False
1982,更名,2,512800000000,万县地区,四川省-万县地区,512800000000,绵阳地区,四川省-绵阳地区,,False
1982,更名,3,512801000000,万县市,四川省-万县地区-万县市,512801000000,绵阳市,四川省-绵阳地区-绵阳市,,False
1982,更名,3,512821000000,万县,四川省-万县地区-万县,512821000000,德阳县,四川省-绵阳地区-德阳县,,False
1982,更名,3,512822000000,开县,四川省-万县地区-开县,512822000000,绵竹县,四川省-绵阳地区-绵竹县,,False
1982,更名,3,512823000000,城口县,四川省-万县地区-城口县,512823000000,安县,四川省-绵阳地区-安县,,False
1982,更名,3,512824000000,巫溪县,四川省-万县地区-巫溪县,512824000000,江油县,四川省-绵阳地区-江油县,,False
1982,更名,3,512825000000,巫山县,四川省-万县地区-巫山县,512825000000,梓潼县,四川省-绵阳地区-梓潼县,,False
1982,更名,3,512826000000,奉节县,四川省-万县地区-奉节县,512826000000,剑阁县,四川省-绵阳地区-剑阁县,,False
1982,更名,3,512827000000,云阳县,四川省-万县地区-云阳县,512827000000,广元县,四川省-绵阳地区-广元县,,False
1982,更名,3,512828000000,忠县,四川省-万县地区-忠县,512828000000,旺苍县,四川省-绵阳地区-旺苍县,,False
1982,更名,3,512829000000,梁平县,四川省-万县地区-梁平县,512829000000,青川县,四川省-绵阳地区-青川县,,False
1982,更名,3,512922000000,苍溪县,四川省-南充地区-苍溪县,512922000000,南部县,四川省-南充地区-南部县,,False
1982,更名,3,512923000000,阆中县,四川省-南充地区-阆中县,512923000000,岳池县,四川省-南充地区-岳池县,,False
1982,更名,3,512924000000,仪陇县,四川省-南充地区-仪陇县,512924000000,营山县,四川省-南充地区-营山县,,False
1982,更名,3,512925000000,南部县,四川省-南充地区-南部县,512925000000,广安县,四川省-南充地区-广安县,,False
1982,更名,3,512926000000,西充县,四川省-南充地区-西充县,512926000000,蓬安县,四川省-南充地区-蓬安县,,False
1982,更名,3,512927000000,营山县,四川省-南充地区-营山县,512927000000,仪陇县,四川省-南充地区-仪陇县,,False
1982,更名,3,512928000000,蓬安县,四川省-南充地区-蓬安县,512928000000,武胜县,四川省-南充地区-武胜县,,False
1982,更名,3,512929000000,广安县,四川省-南充地区-广安县,512929000000,西充县,四川省-南充地区-西充县,,False
1982,更名,3,512930000000,岳池县,四川省-南充地区-岳池县,512930000000,阆中县,四川省-南充地区-阆中县,,False
1982,更名,3,512931000000,武胜县,四川省-南充地区-武胜县,512931000000,苍溪县,四川省-南充地区-苍溪县,,False
1982,更名,3,513022000000,万源县,四川省-达县地区-万源县,513022000000,宣汉县,四川省-达县地区-宣汉县,,False
1982,更名,3,513023000000,宣汉县,四川省-达县地区-宣汉县,513023000000,开江县,四川省-达县地区-开江县,,False
1982,更名,3,513024000000,开江县,四川省-达县地区-开江县,513024000000,万源县,四川省-达县地区-万源县,,False
1982,更名,3,513025000000,邻水县,四川省-达县地区-邻水县,513025000000,通江县,四川省-达县地区-通江县,,False
1982,更名,3,513026000000,大竹县,四川省-达县地区-大竹县,513026000000,南江县,四川省-达县地区-南江县,,False
1982,更名,3,513027000000,渠县,四川省-达县地区-渠县,513027000000,巴中县,四川省-达县地区-巴中县,,False
1982,更名,3,513028000000,南江县,四川省-达县地区-南江县,513028000000,平昌县,四川省-达县地区-平昌县,,False
1982,更名,3,513029000000,巴中县,四川省-达县地区-巴中县,513029000000,大竹县,四川省-达县地区-大竹县,,False
1982,更名,3,513030000000,平昌县,四川省-达县地区-平昌县,513030000000,渠县,四川省-达县地区-渠县,,False
1982,更名,3,513031000000,通江县,四川省-达县地区-通江县,513031000000,邻水县,四川省-达县地区-邻水县,,False
1982,更名,3,513122000000,芦山县,四川省-雅安地区-芦山县,513122000000,名山县,四川省-雅安地区-名山县,,False
1982,更名,3,513123000000,名山县,四川省-雅安地区-名山县,513123000000,荥经县,四川省-雅安地区-荥经县,,False
1982,更名,3,513124000000,荥经县,四川省-雅安地区-荥经县,513124000000,汉源县,四川省-雅安地区-汉源县,,False
1982,更名,3,513125000000,汉源县,四川省-雅安地区-汉源县,513125000000,石棉县,四川省-雅安地区-石棉县,,False
1982,更名,3,513126000000,石棉县,四川省-雅安地区-石棉县,513126000000,天全县,四川省-雅安地区-天全县,,False
1982,更名,3,513127000000,天全县,四川省-雅安地区-天全县,513127000000,芦山县,四川省-雅安地区-芦山县,,False
1982,更名,3,513221000000,马尔康县,四川省-阿坝藏族自治州-马尔康县,513221000000,汶川县,四川省-阿坝藏族自治州-汶川县,,False
1982,更名,3,513222000000,红原县,四川省-阿坝藏族自治州-红原县,513222000000,理县,四川省-阿坝藏族自治州-理县,,False
1982,更名,3,513223000000,阿坝县,四川省-阿坝藏族自治州-阿坝县,513223000000,茂汶羌族自治县,四川省-阿坝藏族自治州-茂汶羌族自治县,,False
1982,更名,3,513224000000,若尔盖县,四川省-阿坝藏族自治州-若尔盖县,513224000000,松潘县,四川省-阿坝藏族自治州-松潘县,,False
1982,更名,3,513225000000,黑水县,四川省-阿坝藏族自治州-黑水县,513225000000,南坪县,四川省-阿坝藏族自治州-南坪县,,False
1982,更名,3,513226000000,松潘县,四川省-阿坝藏族自治州-松潘县,513226000000,金川县,四川省-阿坝藏族自治州-金川县,,False
1982,更名,3,513227000000,南坪县,四川省-阿坝藏族自治州-南坪县,513227000000,小金县,四川省-阿坝藏族自治州-小金县,,False
1982,更名,3,513228000000,茂汶羌族自治县,四川省-阿坝藏族自治州-茂汶羌族自治县,513228000000,黑水县,四川省-阿坝藏族自治州-黑水县,,False
1982,更名,3,513229000000,汶川县,四川省-阿坝藏族自治州-汶川县,513229000000,马尔康县,四川省-阿坝藏族自治州-马尔康县,,False
1982,更名,3,513230000000,理县,四川省-阿坝藏族自治州-理县,513230000000,壤塘县,四川省-阿坝藏族自治州-壤塘县,,False
1982,更名,3,513231000000,小金县,四川省-阿坝藏族自治州-小金县,513231000000,阿坝县,四川省-阿坝藏族自治州-阿坝县,,False
1982,更名,3,513232000000,金川县,四川省-阿坝藏族自治州-金川县,513232000000,若尔盖县,四川省-阿坝藏族自治州-若尔盖县,,False
1982,更名,3,513233000000,壤塘县,四川省-阿坝藏族自治州-壤塘县,513233000000,红原县,四川省-阿坝藏族自治州-红原县,,False
1982,更名,3,513322000000,炉霍县,四川省-甘孜藏族自治州-炉霍县,513322000000,泸定县,四川省-甘孜藏族自治州-泸定县,,False
1982,更名,3,513323000000,甘孜县,四川省-甘孜藏族自治州-甘孜县,513323000000,丹巴县,四川省-甘孜藏族自治州-丹巴县,,False
1982,更名,3,513324000000,新龙县,四川省-甘孜藏族自治州-新龙县,513324000000,九龙县,四川省-甘孜藏族自治州-九龙县,,False
1982,更名,3,513325000000,白玉县,四川省-甘孜藏族自治州-白玉县,513325000000,雅江县,四川省-甘孜藏族自治州-雅江县,,False
1982,更名,3,513326000000,德格县,四川省-甘孜藏族自治州-德格县,513326000000,道孚县,四川省-甘孜藏族自治州-道孚县,,False
1982,更名,3,513327000000,石渠县,四川省-甘孜藏族自治州-石渠县,513327000000,炉霍县,四川省-甘孜藏族自治州-炉霍县,,False
1982,更名,3,513328000000,色达县,四川省-甘孜藏族自治州-色达县,513328000000,甘孜县,四川省-甘孜藏族自治州-甘孜县,,False
1982,更名,3,513329000000,泸定县,四川省-甘孜藏族自治州-泸定县,513329000000,新龙县,四川省-甘孜藏族自治州-新龙县,,False
1982,更名,3,513330000000,丹巴县,四川省-甘孜藏族自治州-丹巴县,513330000000,德格县,四川省-甘孜藏族自治州-德格县,,False
1982,更名,3,513331000000,九龙县,四川省-甘孜藏族自治州-九龙县,513331000000,白玉县,四川省-甘孜藏族自治州-白玉县,,False
1982,更名,3,513332000000,雅江县,四川省-甘孜藏族自治州-雅江县,513332000000,石渠县,四川省-甘孜藏族自治州-石渠县,,False
1982,更名,3,513333000000,道孚县,四川省-甘孜藏族自治州-道孚县,513333000000,色达县,四川省-甘孜藏族自治州-色达县,,False
1982,更名,3,513335000000,乡城县,四川省-甘孜藏族自治州-乡城县,513335000000,巴塘县,四川省-甘孜藏族自治州-巴塘县,,False
1982,更名,3,513336000000,稻城县,四川省-甘孜藏族自治州-稻城县,513336000000,乡城县,四川省-甘孜藏族自治州-乡城县,,False
1982,更名,3,513337000000,巴塘县,四川省-甘孜藏族自治州-巴塘县,513337000000,稻城县,四川省-甘孜藏族自治州-稻城县,,False
1982,更名,3,513422000000,昭觉县,四川省-凉山彝族自治州-昭觉县,513422000000,木里藏族自治县,四川省-凉山彝族自治州-木里藏族自治县,,False
1982,更名,3,513423000000,甘洛县,四川省-凉山彝族自治州-甘洛县,513423000000,盐源县,四川省-凉山彝族自治州-盐源县,,False
1982,更名,3,513426000000,雷波县,四川省-凉山彝族自治州-雷波县,513426000000,会东县,四川省-凉山彝族自治州-会东县,,False
1982,更名,3,513428000000,会东县,四川省-凉山彝族自治州-会东县,513428000000,普格县,四川省-凉山彝族自治州-普格县,,False
1982,更名,3,513429000000,会理县,四川省-凉山彝族自治州-会理县,513429000000,布拖县,四川省-凉山彝族自治州-布拖县,,False
1982,更名,3,513430000000,德昌县,四川省-凉山彝族自治州-德昌县,513430000000,金阳县,四川省-凉山彝族自治州-金阳县,,False
1982,更名,3,513431000000,美姑县,四川省-凉山彝族自治州-美姑县,513431000000,昭觉县,四川省-凉山彝族自治州-昭觉县,,False
1982,更名,3,513432000000,金阳县,四川省-凉山彝族自治州-金阳县,513432000000,喜德县,四川省-凉山彝族自治州-喜德县,,False
1982,更名,3,513433000000,布拖县,四川省-凉山彝族自治州-布拖县,513433000000,冕宁县,四川省-凉山彝族自治州-冕宁县,,False
1982,更名,3,513434000000,普格县,四川省-凉山彝族自治州-普格县,513434000000,越西县,四川省-凉山彝族自治州-越西县,,False
1982,更名,3,513435000000,喜德县,四川省-凉山彝族自治州-喜德县,513435000000,甘洛县,四川省-凉山彝族自治州-甘洛县,,False
1982,更名,3,513436000000,越西县,四川省-凉山彝族自治州-越西县,513436000000,美姑县,四川省-凉山彝族自治州-美姑县,,False
1982,更名,3,513437000000,盐源县,四川省-凉山彝族自治州-盐源县,513437000000,雷波县,四川省-凉山彝族自治州-雷波县,,False
1982,更名,3,530121000000,安宁县,云南省-昆明市-安宁县,530121000000,呈贡县,云南省-昆明市-呈贡县,,False
1982,更名,3,530122000000,呈贡县,云南省-昆明市-呈贡县,530122000000,晋宁县,云南省-昆明市-晋宁县,,False
1982,更名,3,530123000000,富民县,云南省-昆明市-富民县,530123000000,安宁县,云南省-昆明市-安宁县,,False
1982,更名,3,530124000000,晋宁县,云南省-昆明市-晋宁县,530124000000,富民县,云南省-昆明市-富民县,,False
1982,更名,3,533321000000,碧江县,云南省-怒江傈僳族自治州-碧江县,533321000000,泸水县,云南省-怒江傈僳族自治州-泸水县,,False
1982,更名,3,533322000000,福贡县,云南省-怒江傈僳族自治州-福贡县,533322000000,碧江县,云南省-怒江傈僳族自治州-碧江县,,False
1982,更名,3,533323000000,贡山独龙族怒族自治县,云南省-怒江傈僳族自治州-贡山独龙族怒族自治县,533323000000,福贡县,云南省-怒江傈僳族自治州-福贡县,,False
1982,更名,3,533324000000,泸水县,云南省-怒江傈僳族自治州-泸水县,533324000000,贡山独龙族怒族自治县,云南省-怒江傈僳族自治州-贡山独龙族怒族自治县,,False
1982,更名,3,652401000000,奎屯市,新疆维吾尔自治区-伊犁哈萨克自治州-奎屯市,652401000000,伊宁市,新疆维吾尔自治区-伊犁哈萨克自治州-伊宁市,,False
1982,更名,3,652402000000,伊宁市,新疆维吾尔自治区-伊犁哈萨克自治州-伊宁市,652402000000,一区,新疆维吾尔自治区-伊犁哈萨克自治州-一区,,False
1982,更名,3,652403000000,一区,新疆维吾尔自治区-伊犁哈萨克自治州-一区,652403000000,二区,新疆维吾尔自治区-伊犁哈萨克自治州-二区,,False
1982,更名,3,652404000000,二区,新疆维吾尔自治区-伊犁哈萨克自治州-二区,652404000000,奎屯市,新疆维吾尔自治区-伊犁哈萨克自治州-奎屯市,,False
1982,同名改码,3,110201000000,昌平县,昌平县,110221000000,昌平县,昌平县,,False
1982,同名改码,3,110202000000,顺义县,顺义县,110222000000,顺义县,顺义县,,False
1982,同名改码,3,110203000000,通县,通县,110223000000,通县,通县,,False
1982,同名改码,3,110204000000,大兴县,大兴县,110224000000,大兴县,大兴县,,False
1982,同名改码,3,110205000000,房山县,房山县,110225000000,房山县,房山县,,False
1982,同名改码,3,110206000000,平谷县,平谷县,110226000000,平谷县,平谷县,,False
1982,同名改码,3,110207000000,怀柔县,怀柔县,110227000000,怀柔县,怀柔县,,False
1982,同名改码,3,110208000000,密云县,密云县,110228000000,密云县,密云县,,False
1982,同名改码,3,110209000000,延庆县,延庆县,110229000000,延庆县,延庆县,,False
1982,同名改码,3,120201000000,宁河县,宁河县,120221000000,宁河县,宁河县,,False
1982,同名改码,3,120202000000,武清县,武清县,120222000000,武清县,武清县,,False
1982,同名改码,3,120203000000,静海县,静海县,120223000000,静海县,静海县,,False
1982,同名改码,3,120204000000,宝坻县,宝坻县,120224000000,宝坻县,宝坻县,,False
1982,同名改码,3,120205000000,蓟县,蓟县,120225000000,蓟县,蓟县,,False
1982,同名改码,3,142301000000,榆次市,山西省-晋中地区-榆次市,142401000000,榆次市,山西省-晋中地区-榆次市,,False
1982,撤销,3,152431000000,阿鲁科尔沁旗,内蒙古自治区-昭乌达盟-阿鲁科尔沁旗,,,,,False
1982,撤销,3,152801000000,集宁市,内蒙古自治区-乌兰察布盟-集宁市,,,,,False
1982,撤销,3,152828000000,丰镇县,内蒙古自治区-乌兰察布盟-丰镇县,,,,,False
1982,撤销,3,152829000000,凉城县,内蒙古自治区-乌兰察布盟-凉城县,,,,,False
1982,更名,3,152830000000,察哈尔右翼前旗,内蒙古自治区-乌兰察布盟-察哈尔右翼前旗,152632000000,察哈尔右翼后旗,内蒙古自治区-乌兰察布盟-察哈尔右翼后旗,,False
1982,撤销,3,152831000000,察哈尔右翼中旗,内蒙古自治区-乌兰察布盟-察哈尔右翼中旗,,,,,False
1982,撤销,3,152832000000,察哈尔右翼后旗,内蒙古自治区-乌兰察布盟-察哈尔右翼后旗,,,,,False
1982,同名改码,3,152833000000,达尔罕茂明安联合旗,内蒙古自治区-乌兰察布盟-达尔罕茂明安联合旗,152633000000,达尔罕茂明安联合旗,内蒙古自治区-乌兰察布盟-达尔罕茂明安联合旗,,False
1982,同名改码,3,152834000000,四子王旗,内蒙古自治区-乌兰察布盟-四子王旗,152634000000,四子王旗,内蒙古自治区-乌兰察布盟-四子王旗,,False
1982,同名改码,3,210711000000,郊区,辽宁省-锦州市-郊区,410811000000,郊区,河南省-焦作市-郊区,,False
1982,同名改码,3,220121000000,榆树县,吉林省-长春市-榆树县,222521000000,榆树县,吉林省-德惠地区-榆树县,,False
1982,同名改码,3,220122000000,农安县,吉林省-长春市-农安县,222522000000,农安县,吉林省-德惠地区-农安县,,False
1982,同名改码,3,220123000000,九台县,吉林省-长春市-九台县,222523000000,九台县,吉林省-德惠地区-九台县,,False
1982,同名改码,3,220124000000,德惠县,吉林省-长春市-德惠县,222524000000,德惠县,吉林省-德惠地区-德惠县,,False
1982,同名改码,3,220125000000,双阳县,吉林省-长春市-双阳县,222525000000,双阳县,吉林省-德惠地区-双阳县,,False
1982,同名改码,3,220221000000,永吉县,吉林省-吉林市-永吉县,222621000000,永吉县,吉林省-永吉地区-永吉县,,False
1982,同名改码,3,220222000000,舒兰县,吉林省-吉林市-舒兰县,222622000000,舒兰县,吉林省-永吉地区-舒兰县,,False
1982,同名改码,3,220223000000,磐石县,吉林省-吉林市-磐石县,222623000000,磐石县,吉林省-永吉地区-磐石县,,False
1982,同名改码,3,220224000000,蛟河县,吉林省-吉林市-蛟河县,222624000000,蛟河县,吉林省-永吉地区-蛟河县,,False
1982,同名改码,3,220225000000,桦甸县,吉林省-吉林市-桦甸县,222625000000,桦甸县,吉林省-永吉地区-桦甸县,,False
1982,同名改码,3,230507000000,兴山区,黑龙江省-鹤岗市-兴山区,230407000000,兴山区,黑龙江省-鹤岗市-兴山区,,False
1982,同名改码,3,232132000000,绥棱县,黑龙江省-绥化地区-绥棱县,232332000000,绥棱县,黑龙江省-绥化地区-绥棱县,,False
1982,撤销,3,232323000000,龙江县,黑龙江省-嫩江地区-龙江县,,,,,False
1982,撤销,3,232581000000,绥芬河市,黑龙江省-牡丹江地区-绥芬河市,,,,,False
1982,撤销,3,232621000000,嫩江县,黑龙江省-黑河地区-嫩江县,,,,,False
1982,同名改码,3,310201000000,上海县,上海县,310221000000,上海县,上海县,,False
1982,同名改码,3,310202000000,嘉定县,嘉定县,310222000000,嘉定县,嘉定县,,False
1982,同名改码,3,310203000000,宝山县,宝山县,310223000000,宝山县,宝山县,,False
1982,同名改码,3,310204000000,川沙县,川沙县,310224000000,川沙县,川沙县,,False
1982,同名改码,3,310205000000,南汇县,南汇县,310225000000,南汇县,南汇县,,False
1982,同名改码,3,310206000000,奉贤县,奉贤县,310226000000,奉贤县,奉贤县,,False
1982,同名改码,3,310207000000,松江县,松江县,310227000000,松江县,松江县,,False
1982,同名改码,3,310208000000,金山县,金山县,310228000000,金山县,金山县,,False
1982,同名改码,3,310209000000,青浦县,青浦县,310229000000,青浦县,青浦县,,False
1982,同名改码,3,310210000000,崇明县,崇明县,310230000000,崇明县,崇明县,,False
1982,撤销,3,332129000000,长兴县,浙江省-嘉兴地区-长兴县,,,,,False
1982,同名改码,3,332130000000,安吉县,浙江省-嘉兴地区-安吉县,332128000000,安吉县,浙江省-嘉兴地区-安吉县,,False
1982,同名改码,3,332227000000,镇海县,浙江省-宁波地区-镇海县,330221000000,镇海县,浙江省-宁波市-镇海县,,False
1982,撤销,3,332325000000,诸暨县,浙江省-绍兴地区-诸暨县,,,,,False
1982,同名改码,3,332501000000,金华市,浙江省-金华地区-金华市,332401000000,金华市,浙江省-金华地区-金华市,,False
1982,同名改码,3,332502000000,衢州市,浙江省-金华地区-衢州市,332402000000,衢州市,浙江省-金华地区-衢州市,,False
1982,同名改码,3,332529000000,常山县,浙江省-金华地区-常山县,332427000000,常山县,浙江省-金华地区-常山县,,False
1982,同名改码,3,332530000000,江山县,浙江省-金华地区-江山县,332428000000,江山县,浙江省-金华地区-江山县,,False
1982,同名改码,3,332531000000,开化县,浙江省-金华地区-开化县,332429000000,开化县,浙江省-金华地区-开化县,,False
1982,同名改码,3,332701000000,椒江市,浙江省-台州地区-椒江市,332601000000,椒江市,浙江省-台州地区-椒江市,,False
1982,撤销,3,332725000000,天台县,浙江省-台州地区-天台县,,,,,False
1982,撤销,3,332726000000,三门县,浙江省-台州地区-三门县,,,,,False
1982,撤销,3,332727000000,玉环县,浙江省-台州地区-玉环县,,,,,False
1982,撤销,2,332800000000,舟山地区,浙江省-舟山地区,,,,,False
1982,撤销,3,332821000000,定海县,浙江省-舟山地区-定海县,,,,,False
1982,撤销,3,332822000000,普陀县,浙江省-舟山地区-普陀县,,,,,False
1982,撤销,3,332823000000,岱山县,浙江省-舟山地区-岱山县,,,,,False
1982,撤销,3,332824000000,嵊泗县,浙江省-舟山地区-嵊泗县,,,,,False
1982,同名改码,3,340123000000,肥西县,安徽省-合肥市-肥西县,342424000000,肥西县,安徽省-六安地区-肥西县,,False
1982,同名改码,3,340222000000,繁昌县,安徽省-芜湖市-繁昌县,342526000000,繁昌县,安徽省-宣城地区-繁昌县,,False
1982,同名改码,3,340223000000,南陵县,安徽省-芜湖市-南陵县,342527000000,南陵县,安徽省-宣城地区-南陵县,,False
1982,同名改码,3,340224000000,青阳县,安徽省-芜湖市-青阳县,342528000000,青阳县,安徽省-宣城地区-青阳县,,False
1982,同名改码,3,340521000000,当涂县,安徽省-马鞍山市-当涂县,342525000000,当涂县,安徽省-宣城地区-当涂县,,False
1982,撤县设市,3,342323000000,滁县,安徽省-滁县地区-滁县,342301000000,滁州市,安徽省-滁县地区-滁州市,,False
1982,同名改码,3,352201000000,南平市,福建省-建阳地区-南平市,352101000000,南平市,福建省-建阳地区-南平市,,False
1982,撤销,3,352328000000,屏南县,福建省-宁德地区-屏南县,,,,,False
1982,撤销,3,352329000000,寿宁县,福建省-宁德地区-寿宁县,,,,,False
1982,同名改码,3,352330000000,周宁县,福建省-宁德地区-周宁县,352230000000,周宁县,福建省-宁德地区-周宁县,,False
1982,同名改码,3,352331000000,柘荣县,福建省-宁德地区-柘荣县,352231000000,柘荣县,福建省-宁德地区-柘荣县,,False
1982,撤销,3,352621000000,龙海县,福建省-龙溪地区-龙海县,,,,,False
1982,同名改码,3,352628000000,平和县,福建省-龙溪地区-平和县,352528000000,平和县,福建省-龙溪地区-平和县,,False
1982,同名改码,3,352629000000,华安县,福建省-龙溪地区-华安县,352529000000,华安县,福建省-龙溪地区-华安县,,False
1982,撤销,2,352800000000,三明地区,福建省-三明地区,,,,,False
1982,撤销,3,352801000000,三明市,福建省-三明地区-三明市,,,,,False
1982,同名改码,3,352821000000,明溪县,福建省-三明地区-明溪县,352721000000,明溪县,福建省-三明地区-明溪县,,False
1982,撤销,3,352822000000,永安县,福建省-三明地区-永安县,,,,,False
1982,撤销,3,352823000000,清流县,福建省-三明地区-清流县,,,,,False
1982,撤销,3,352824000000,宁化县,福建省-三明地区-宁化县,,,,,False
1982,撤销,3,352825000000,大田县,福建省-三明地区-大田县,,,,,False
1982,撤销,3,352826000000,尤溪县,福建省-三明地区-尤溪县,,,,,False
1982,撤销,3,352827000000,沙县,福建省-三明地区-沙县,,,,,False
1982,同名改码,3,352828000000,将乐县,福建省-三明地区-将乐县,352728000000,将乐县,福建省-三明地区-将乐县,,False
1982,同名改码,3,352829000000,泰宁县,福建省-三明地区-泰宁县,352729000000,泰宁县,福建省-三明地区-泰宁县,,False
1982,同名改码,3,352830000000,建宁县,福建省-三明地区-建宁县,352730000000,建宁县,福建省-三明地区-建宁县,,False
1982,同名改码,3,362202000000,鹰潭市,江西省-上饶地区-鹰潭市,362302000000,鹰潭市,江西省-上饶地区-鹰潭市,,False
1982,撤销,3,362234000000,弋阳县,江西省-上饶地区-弋阳县,,,,,False
1982,撤销,3,362532000000,安福县,江西省-吉安地区-安福县,,,,,False
1982,同名改码,3,362533000000,井冈山县,江西省-吉安地区-井冈山县,362433000000,井冈山县,江西省-吉安地区-井冈山县,,False
1982,同名改码,3,362601000000,赣州市,江西省-赣州地区-赣州市,362101000000,赣州市,江西省-赣州地区-赣州市,,False
1982,同名改码,3,362631000000,瑞金县,江西省-赣州地区-瑞金县,362134000000,瑞金县,江西省-赣州地区-瑞金县,,False
1982,撤销,3,362632000000,南康县,江西省-赣州地区-南康县,,,,,False
1982,同名改码,3,362633000000,会昌县,江西省-赣州地区-会昌县,362135000000,会昌县,江西省-赣州地区-会昌县,,False
1982,撤销,3,362634000000,上犹县,江西省-赣州地区-上犹县,,,,,False
1982,撤销,3,362635000000,安远县,江西省-赣州地区-安远县,,,,,False
1982,撤销,3,362636000000,崇义县,江西省-赣州地区-崇义县,,,,,False
1982,同名改码,3,362637000000,寻乌县,江西省-赣州地区-寻乌县,362136000000,寻乌县,江西省-赣州地区-寻乌县,,False
1982,撤销,3,362638000000,大余县,江西省-赣州地区-大余县,,,,,False
1982,同名改码,3,372326000000,利津县,山东省-惠民地区-利津县,370522000000,利津县,山东省-东营市-利津县,,False
1982,同名改码,3,372332000000,垦利县,山东省-惠民地区-垦利县,370521000000,垦利县,山东省-东营市-垦利县,,False
1982,撤县设市,3,372623000000,新泰县,山东省-泰安地区-新泰县,372602000000,新汶市,山东省-泰安地区-新汶市,,False
1982,撤销,3,372628000000,新汶县,山东省-泰安地区-新汶县,,,,,False
1982,撤销,2,410500000000,鹤壁市,河南省-鹤壁市,,,,,False
1982,撤销,3,410502000000,鹤山区,河南省-鹤壁市-鹤山区,,,,,False
1982,撤销,3,410503000000,山城区,河南省-鹤壁市-山城区,,,,,False
1982,撤销,3,410511000000,郊区,河南省-鹤壁市-郊区,,,,,False
1982,同名改码,3,410604000000,马村区,河南省-焦作市-马村区,410804000000,马村区,河南省-焦作市-马村区,,False
1982,同名改码,3,430305000000,板塘区,湖南省-湘潭市-板塘区,430405000000,板塘区,湖南省-湘潭市-板塘区,,False
1982,撤销,3,433028000000,怀化县,湖南省-怀化地区-怀化县,,,,,False
1982,撤县设市,3,433121000000,吉首县,湖南省-湘西土家族苗族自治州-吉首县,433101000000,吉首市,湖南省-湘西土家族苗族自治州-吉首市,,False
1982,同名改码,3,442301000000,潮州市,广东省-汕头地区-潮州市,442302000000,潮州市,广东省-汕头地区-潮州市,,False
1982,同名改码,3,512129000000,蒲江县,四川省-温江地区-蒲江县,512731000000,蒲江县,四川省-温江地区-蒲江县,,False
1982,撤销,3,512130000000,邛崃县,四川省-温江地区-邛崃县,,,,,False
1982,撤销,3,512131000000,大邑县,四川省-温江地区-大邑县,,,,,False
1982,撤销,3,512132000000,崇庆县,四川省-温江地区-崇庆县,,,,,False
1982,同名改码,3,512202000000,市中区,四川省-绵阳地区-市中区,512802000000,市中区,四川省-绵阳地区-市中区,,False
1982,同名改码,3,512230000000,射洪县,四川省-绵阳地区-射洪县,512836000000,射洪县,四川省-绵阳地区-射洪县,,False
1982,同名改码,3,512231000000,遂宁县,四川省-绵阳地区-遂宁县,512832000000,遂宁县,四川省-绵阳地区-遂宁县,,False
1982,同名改码,3,512232000000,蓬溪县,四川省-绵阳地区-蓬溪县,512835000000,蓬溪县,四川省-绵阳地区-蓬溪县,,False
1982,同名改码,3,512233000000,中江县,四川省-绵阳地区-中江县,512834000000,中江县,四川省-绵阳地区-中江县,,False
1982,撤销,3,512234000000,德阳县,四川省-绵阳地区-德阳县,,,,,False
1982,撤销,3,512235000000,绵竹县,四川省-绵阳地区-绵竹县,,,,,False
1982,撤销,3,512236000000,安县,四川省-绵阳地区-安县,,,,,False
1982,同名改码,3,512237000000,北川县,四川省-绵阳地区-北川县,512831000000,北川县,四川省-绵阳地区-北川县,,False
1982,撤销,3,512301000000,内江市,四川省-内江地区-内江市,,,,,False
1982,同名改码,3,512402000000,泸州市,四川省-宜宾地区-泸州市,512502000000,泸州市,四川省-宜宾地区-泸州市,,False
1982,撤销,3,512429000000,古蔺县,四川省-宜宾地区-古蔺县,,,,,False
1982,撤销,3,512430000000,叙永县,四川省-宜宾地区-叙永县,,,,,False
1982,撤销,3,512431000000,长宁县,四川省-宜宾地区-长宁县,,,,,False
1982,撤销,3,512432000000,兴文县,四川省-宜宾地区-兴文县,,,,,False
1982,撤销,3,512433000000,珙县,四川省-宜宾地区-珙县,,,,,False
1982,撤销,3,512434000000,高县,四川省-宜宾地区-高县,,,,,False
1982,撤销,3,512435000000,筠连县,四川省-宜宾地区-筠连县,,,,,False
1982,同名改码,3,512436000000,屏山县,四川省-宜宾地区-屏山县,512535000000,屏山县,四川省-宜宾地区-屏山县,,False
1982,撤销,3,513438000000,木里藏族自治县,四川省-凉山彝族自治州-木里藏族自治县,,,,,False
1982,撤销,3,513439000000,冕宁县,四川省-凉山彝族自治州-冕宁县,,,,,False
1982,同名改码,3,632324000000,河南蒙古族自治县,青海省-黄南藏族自治州-河南蒙古族自治县,632421000000,河南蒙古族自治县,青海省-黄南藏族自治州-河南蒙古族自治县,,False
1982,新设,3,,,,132733000000,唐海县,河北省-唐山地区-唐海县,,False
1982,新设,3,,,,132905000000,泊头市,河北省-沧州地区-泊头市,,False
1982,新设,3,,,,133001000000,衡水市,河北省-衡水地区-衡水市,,False
1982,新设,3,,,,152427000000,赤峰县,内蒙古自治区-昭乌达盟-赤峰县,,False
1982,新设,3,,,,152501000000,二连浩特市,内蒙古自治区-锡林郭勒盟-二连浩特市,,False
1982,新设,3,,,,152529000000,正镶白旗,内蒙古自治区-锡林郭勒盟-正镶白旗,,False
1982,新设,3,,,,152530000000,正蓝旗,内蒙古自治区-锡林郭勒盟-正蓝旗,,False
1982,新设,3,,,,152531000000,多伦县,内蒙古自治区-锡林郭勒盟-多伦县,,False
1982,新设,3,,,,152728000000,伊金霍洛旗,内蒙古自治区-伊克昭盟-伊金霍洛旗,,False
1982,新设,3,,,,210704000000,南票区,辽宁省-锦州市-南票区,,False
1982,新设,3,,,,210705000000,葫芦岛区,辽宁省-锦州市-葫芦岛区,,False
1982,新设,3,,,,210706000000,太和区,辽宁省-锦州市-太和区,,False
1982,新设,2,,,,222500000000,德惠地区,吉林省-德惠地区,,False
1982,新设,2,,,,222600000000,永吉地区,吉林省-永吉地区,,False
1982,新设,3,,,,232301000000,绥化市,黑龙江省-绥化地区-绥化市,,False
1982,新设,3,,,,232506000000,阳明区,黑龙江省-牡丹江地区-阳明区,,False
1982,新设,3,,,,232602000000,北安市,黑龙江省-黑河地区-北安市,,False
1982,新设,3,,,,232627000000,通北县,黑龙江省-黑河地区-通北县,,False
1982,新设,3,,,,332121000000,嘉善县,浙江省-嘉兴地区-嘉善县,,False
1982,新设,3,,,,332321000000,上虞县,浙江省-绍兴地区-上虞县,,False
1982,新设,2,,,,332400000000,金华地区,浙江省-金华地区,,False
1982,新设,3,,,,332421000000,兰溪县,浙江省-金华地区-兰溪县,,False
1982,新设,3,,,,332422000000,永康县,浙江省-金华地区-永康县,,False
1982,新设,3,,,,332423000000,武义县,浙江省-金华地区-武义县,,False
1982,新设,3,,,,332424000000,东阳县,浙江省-金华地区-东阳县,,False
1982,新设,3,,,,332425000000,义乌县,浙江省-金华地区-义乌县,,False
1982,新设,3,,,,332426000000,浦江县,浙江省-金华地区-浦江县,,False
1982,新设,3,,,,332521000000,丽水县,浙江省-丽水地区-丽水县,,False
1982,新设,3,,,,332528000000,松阳县,浙江省-丽水地区-松阳县,,False
1982,新设,3,,,,342601000000,巢湖市,安徽省-巢湖地区-巢湖市,,False
1982,新设,2,,,,352100000000,建阳地区,福建省-建阳地区,,False
1982,新设,3,,,,352121000000,顺昌县,福建省-建阳地区-顺昌县,,False
1982,新设,3,,,,352122000000,建阳县,福建省-建阳地区-建阳县,,False
1982,新设,3,,,,352123000000,建瓯县,福建省-建阳地区-建瓯县,,False
1982,新设,3,,,,352124000000,浦城县,福建省-建阳地区-浦城县,,False
1982,新设,3,,,,352125000000,邵武县,福建省-建阳地区-邵武县,,False
1982,新设,3,,,,352126000000,崇安县,福建省-建阳地区-崇安县,,False
1982,新设,3,,,,352127000000,光泽县,福建省-建阳地区-光泽县,,False
1982,新设,3,,,,352128000000,松溪县,福建省-建阳地区-松溪县,,False
1982,新设,3,,,,352129000000,政和县,福建省-建阳地区-政和县,,False
1982,新设,3,,,,352401000000,泉州市,福建省-晋江地区-泉州市,,False
1982,新设,3,,,,362131000000,宁都县,江西省-赣州地区-宁都县,,False
1982,新设,3,,,,362132000000,于都县,江西省-赣州地区-于都县,,False
1982,新设,3,,,,362133000000,兴国县,江西省-赣州地区-兴国县,,False
1982,新设,3,,,,362137000000,石城县,江西省-赣州地区-石城县,,False
1982,新设,3,,,,362138000000,广昌县,江西省-赣州地区-广昌县,,False
1982,新设,3,,,,362334000000,婺源县,江西省-上饶地区-婺源县,,False
1982,新设,3,,,,362432000000,宁冈县,江西省-吉安地区-宁冈县,,False
1982,新设,2,,,,370500000000,东营市,山东省-东营市,,False
1982,新设,3,,,,370502000000,东营区,山东省-东营市-东营区,,False
1982,新设,3,,,,370503000000,河口区,山东省-东营市-河口区,,False
1982,新设,3,,,,370504000000,牛庄区,山东省-东营市-牛庄区,,False
1982,新设,3,,,,372301000000,滨州市,山东省-惠民地区-滨州市,,False
1982,新设,3,,,,372601000000,泰安市,山东省-泰安地区-泰安市,,False
1982,新设,3,,,,410107000000,新密区,河南省-郑州市-新密区,,False
1982,新设,3,,,,410306000000,吉利区,河南省-洛阳市-吉利区,,False
1982,新设,3,,,,410412000000,舞钢区,河南省-平顶山市-舞钢区,,False
1982,新设,2,,,,410800000000,焦作市,河南省-焦作市,,False
1982,新设,3,,,,410802000000,解放区,河南省-焦作市-解放区,,False
1982,新设,3,,,,410803000000,中站区,河南省-焦作市-中站区,,False
1982,新设,3,,,,412204000000,北站区,河南省-新乡地区-北站区,,False
1982,新设,3,,,,432901000000,永州市,湖南省-零陵地区-永州市,,False
1982,新设,3,,,,440321000000,宝安县,广东省-深圳市-宝安县,,False
1982,新设,3,,,,512328000000,黔江县,四川省-涪陵地区-黔江县,,False
1982,新设,3,,,,512329000000,酉阳县,四川省-涪陵地区-酉阳县,,False
1982,新设,3,,,,512330000000,秀山县,四川省-涪陵地区-秀山县,,False
1982,新设,3,,,,512601000000,乐山市,四川省-乐山地区-乐山市,,False
1982,新设,3,,,,512629000000,沐川县,四川省-乐山地区-沐川县,,False
1982,新设,3,,,,512630000000,青神县,四川省-乐山地区-青神县,,False
1982,新设,3,,,,512631000000,丹棱县,四川省-乐山地区-丹棱县,,False
1982,新设,3,,,,512632000000,峨边县,四川省-乐山地区-峨边县,,False
1982,新设,3,,,,512633000000,马边县,四川省-乐山地区-马边县,,False
1982,新设,3,,,,512634000000,金口河工农区,四川省-乐山地区-金口河工农区,,False
1982,新设,3,,,,512732000000,新津县,四川省-温江地区-新津县,,False
1982,新设,3,,,,512830000000,平武县,四川省-绵阳地区-平武县,,False
1982,新设,3,,,,512833000000,三台县,四川省-绵阳地区-三台县,,False
1982,新设,3,,,,512837000000,盐亭县,四川省-绵阳地区-盐亭县,,False
1982,新设,3,,,,513424000000,德昌县,四川省-凉山彝族自治州-德昌县,,False
1982,新设,3,,,,513425000000,会理县,四川省-凉山彝族自治州-会理县,,False
1982,新设,3,,,,610304000000,杨陵区,陕西省-宝鸡市-杨陵区,,False
1982,新设,3,,,,650203000000,克拉玛依区,新疆维吾尔自治区-克拉玛依市-克拉玛依区,,False
1982,新设,3,,,,650204000000,白碱滩区,新疆维吾尔自治区-克拉玛依市-白碱滩区,,False
1982,新设,3,,,,650205000000,乌尔禾区,新疆维吾尔自治区-克拉玛依市-乌尔禾区,,False
1983,更名,2,142200000000,忻县地区,山西省-忻县地区,142200000000,忻州地区,山西省-忻州地区,,False
1983,更名,3,320602000000,城中区,江苏省-南通市-城中区,320602000000,城区,江苏省-南通市-城区,,False
1983,更名,3,320702000000,连云港区,江苏省-连云港市-连云港区,320702000000,新海区,江苏省-连云港市-新海区,,False
1983,更名,3,320703000000,盐区,江苏省-连云港市-盐区,320703000000,连云区,江苏省-连云港市-连云区,,False
1983,更名,3,320704000000,新浦区,江苏省-连云港市-新浦区,320704000000,云台区,江苏省-连云港市-云台区,,False
1983,更名,3,330302000000,南城区,浙江省-温州市-南城区,330302000000,城区,浙江省-温州市-城区,,False
1983,更名,3,370406000000,齐村区,山东省-枣庄市-齐村区,370406000000,山亭区,山东省-枣庄市-山亭区,,False
1983,更名,3,372602000000,新汶市,山东省-泰安地区-新汶市,372602000000,莱芜市,山东省-泰安地区-莱芜市,,False
1983,更名,3,410104000000,向阳回族区,河南省-郑州市-向阳回族区,410104000000,管城回族区,河南省-郑州市-管城回族区,,False
1983,更名,3,410302000000,洛北区,河南省-洛阳市-洛北区,410302000000,老城区,河南省-洛阳市-老城区,,False
1983,更名,2,422800000000,恩施地区,湖北省-恩施地区,422800000000,鄂西土家族苗族自治州,湖北省-鄂西土家族苗族自治州,,False
1983,更名,3,422827000000,来凤土家族自治县,湖北省-恩施地区-来凤土家族自治县,422827000000,来凤县,湖北省-鄂西土家族苗族自治州-来凤县,,False
1983,更名,3,422828000000,鹤峰土家族自治县,湖北省-恩施地区-鹤峰土家族自治县,422828000000,鹤峰县,湖北省-鄂西土家族苗族自治州-鹤峰县,,False
1983,更名,3,430102000000,城东区,湖南省-长沙市-城东区,430102000000,东区,湖南省-长沙市-东区,,False
1983,更名,3,430103000000,城南区,湖南省-长沙市-城南区,430103000000,南区,湖南省-长沙市-南区,,False
1983,更名,3,430104000000,城西区,湖南省-长沙市-城西区,430104000000,西区,湖南省-长沙市-西区,,False
1983,更名,3,430105000000,城北区,湖南省-长沙市-城北区,430105000000,北区,湖南省-长沙市-北区,,False
1983,更名,3,442401000000,梅州市,广东省-梅县地区-梅州市,442401000000,梅县市,广东省-梅县地区-梅县市,,False
1983,更名,3,452428000000,富川县,广西壮族自治区-梧州地区-富川县,452428000000,富川瑶族自治县,广西壮族自治区-梧州地区-富川瑶族自治县,,False
1983,更名,3,452723000000,罗城县,广西壮族自治区-河池地区-罗城县,452723000000,罗城仫佬族自治县,广西壮族自治区-河池地区-罗城仫佬族自治县,,False
1983,更名,3,512325000000,石柱县,四川省-涪陵地区-石柱县,512325000000,石柱土家族自治县,四川省-涪陵地区-石柱土家族自治县,,False
1983,更名,3,512327000000,彭水县,四川省-涪陵地区-彭水县,512327000000,彭水苗族土家族自治县,四川省-涪陵地区-彭水苗族土家族自治县,,False
1983,更名,3,512328000000,黔江县,四川省-涪陵地区-黔江县,512328000000,黔江土家族苗族自治县,四川省-涪陵地区-黔江土家族苗族自治县,,False
1983,更名,3,512329000000,酉阳县,四川省-涪陵地区-酉阳县,512329000000,酉阳土家族苗族自治县,四川省-涪陵地区-酉阳土家族苗族自治县,,False
1983,更名,3,512330000000,秀山县,四川省-涪陵地区-秀山县,512330000000,秀山土家族苗族自治县,四川省-涪陵地区-秀山土家族苗族自治县,,False
1983,更名,3,512632000000,峨边县,四川省-乐山地区-峨边县,512632000000,峨边彝族自治县,四川省-乐山地区-峨边彝族自治县,,False
1983,更名,3,512633000000,马边县,四川省-乐山地区-马边县,512633000000,马边彝族自治县,四川省-乐山地区-马边彝族自治县,,False
1983,更名,3,522223000000,玉屏县,贵州省-铜仁地区-玉屏县,522223000000,玉屏侗族自治县,贵州省-铜仁地区-玉屏侗族自治县,,False
1983,更名,3,532901000000,下关市,云南省-大理白族自治州-下关市,532901000000,大理市,云南省-大理白族自治州-大理市,,False
1983,区划调整,3,132101000000,邯郸市,河北省-邯郸地区-邯郸市,130421000000,邯郸县,河北省-邯郸市-邯郸县,,False
1983,同名改码,3,132102000000,邯山区,河北省-邯郸地区-邯山区,130402000000,邯山区,河北省-邯郸市-邯山区,,False
1983,同名改码,3,132103000000,丛台区,河北省-邯郸地区-丛台区,130403000000,丛台区,河北省-邯郸市-丛台区,,False
1983,同名改码,3,132104000000,复兴区,河北省-邯郸地区-复兴区,130404000000,复兴区,河北省-邯郸市-复兴区,,False
1983,同名改码,3,132105000000,郊区,河北省-邯郸地区-郊区,130305000000,郊区,河北省-秦皇岛市-郊区,,False
1983,同名改码,3,132106000000,峰峰矿区,河北省-邯郸地区-峰峰矿区,130406000000,峰峰矿区,河北省-邯郸市-峰峰矿区,,False
1983,撤销,3,132134000000,邯郸县,河北省-邯郸地区-邯郸县,,,,,False
1983,撤销,3,132201000000,邢台市,河北省-邢台地区-邢台市,,,,,False
1983,同名改码,3,132202000000,桥东区,河北省-邢台地区-桥东区,130502000000,桥东区,河北省-邢台市-桥东区,,False
1983,同名改码,3,132203000000,桥西区,河北省-邢台地区-桥西区,130503000000,桥西区,河北省-邢台市-桥西区,,False
1983,同名改码,3,132204000000,郊区,河北省-邢台地区-郊区,130405000000,郊区,河北省-邯郸市-郊区,,False
1983,同名改码,3,132333000000,井陉县,河北省-石家庄地区-井陉县,130121000000,井陉县,河北省-石家庄市-井陉县,,False
1983,同名改码,3,132334000000,获鹿县,河北省-石家庄地区-获鹿县,130122000000,获鹿县,河北省-石家庄市-获鹿县,,False
1983,撤销,3,132401000000,保定市,河北省-保定地区-保定市,,,,,False
1983,同名改码,3,132402000000,新市区,河北省-保定地区-新市区,130602000000,新市区,河北省-保定市-新市区,,False
1983,同名改码,3,132403000000,北市区,河北省-保定地区-北市区,130603000000,北市区,河北省-保定市-北市区,,False
1983,同名改码,3,132404000000,南市区,河北省-保定地区-南市区,130604000000,南市区,河北省-保定市-南市区,,False
1983,同名改码,3,132405000000,郊区,河北省-保定地区-郊区,130504000000,郊区,河北省-邢台市-郊区,,False
1983,同名改码,3,132422000000,满城县,河北省-保定地区-满城县,130621000000,满城县,河北省-保定市-满城县,,False
1983,撤销,3,132501000000,张家口市,河北省-张家口地区-张家口市,,,,,False
1983,同名改码,3,132502000000,桥东区,河北省-张家口地区-桥东区,130702000000,桥东区,河北省-张家口市-桥东区,,False
1983,同名改码,3,132503000000,桥西区,河北省-张家口地区-桥西区,130703000000,桥西区,河北省-张家口市-桥西区,,False
1983,同名改码,3,132504000000,茶坊区,河北省-张家口地区-茶坊区,130704000000,茶坊区,河北省-张家口市-茶坊区,,False
1983,同名改码,3,132505000000,宣化区,河北省-张家口地区-宣化区,130705000000,宣化区,河北省-张家口市-宣化区,,False
1983,同名改码,3,132506000000,下花园区,河北省-张家口地区-下花园区,130706000000,下花园区,河北省-张家口市-下花园区,,False
1983,同名改码,3,132507000000,庞家堡区,河北省-张家口地区-庞家堡区,130707000000,庞家堡区,河北省-张家口市-庞家堡区,,False
1983,同名改码,3,132531000000,宣化县,河北省-张家口地区-宣化县,130721000000,宣化县,河北省-张家口市-宣化县,,False
1983,区划调整,3,132601000000,承德市,河北省-承德地区-承德市,130821000000,承德县,河北省-承德市-承德县,,False
1983,同名改码,3,132602000000,双桥区,河北省-承德地区-双桥区,130802000000,双桥区,河北省-承德市-双桥区,,False
1983,同名改码,3,132603000000,双滦区,河北省-承德地区-双滦区,130803000000,双滦区,河北省-承德市-双滦区,,False
1983,同名改码,3,132604000000,鹰手营子矿区,河北省-承德地区-鹰手营子矿区,130804000000,鹰手营子矿区,河北省-承德市-鹰手营子矿区,,False
1983,同名改码,3,132621000000,青龙县,河北省-承德地区-青龙县,130321000000,青龙县,河北省-秦皇岛市-青龙县,,False
1983,撤销,3,132625000000,承德县,河北省-承德地区-承德县,,,,,False
1983,撤销,2,132700000000,唐山地区,河北省-唐山地区,,,,,False
1983,撤销,3,132701000000,秦皇岛市,河北省-唐山地区-秦皇岛市,,,,,False
1983,同名改码,3,132702000000,海港区,河北省-唐山地区-海港区,130302000000,海港区,河北省-秦皇岛市-海港区,,False
1983,同名改码,3,132703000000,山海关区,河北省-唐山地区-山海关区,130303000000,山海关区,河北省-秦皇岛市-山海关区,,False
1983,同名改码,3,132704000000,北戴河区,河北省-唐山地区-北戴河区,130304000000,北戴河区,河北省-秦皇岛市-北戴河区,,False
1983,同名改码,3,132705000000,郊区,河北省-唐山地区-郊区,130605000000,郊区,河北省-保定市-郊区,,False
1983,同名改码,3,132721000000,丰润县,河北省-唐山地区-丰润县,130221000000,丰润县,河北省-唐山市-丰润县,,False
1983,同名改码,3,132722000000,丰南县,河北省-唐山地区-丰南县,130222000000,丰南县,河北省-唐山市-丰南县,,False
1983,同名改码,3,132723000000,滦县,河北省-唐山地区-滦县,130223000000,滦县,河北省-唐山市-滦县,,False
1983,同名改码,3,132724000000,滦南县,河北省-唐山地区-滦南县,130224000000,滦南县,河北省-唐山市-滦南县,,False
1983,同名改码,3,132725000000,乐亭县,河北省-唐山地区-乐亭县,130225000000,乐亭县,河北省-唐山市-乐亭县,,False
1983,同名改码,3,132726000000,昌黎县,河北省-唐山地区-昌黎县,130322000000,昌黎县,河北省-秦皇岛市-昌黎县,,False
1983,同名改码,3,132727000000,抚宁县,河北省-唐山地区-抚宁县,130323000000,抚宁县,河北省-秦皇岛市-抚宁县,,False
1983,同名改码,3,132728000000,卢龙县,河北省-唐山地区-卢龙县,130324000000,卢龙县,河北省-秦皇岛市-卢龙县,,False
1983,同名改码,3,132729000000,迁安县,河北省-唐山地区-迁安县,130228000000,迁安县,河北省-唐山市-迁安县,,False
1983,同名改码,3,132730000000,迁西县,河北省-唐山地区-迁西县,130229000000,迁西县,河北省-唐山市-迁西县,,False
1983,同名改码,3,132731000000,遵化县,河北省-唐山地区-遵化县,130230000000,遵化县,河北省-唐山市-遵化县,,False
1983,同名改码,3,132732000000,玉田县,河北省-唐山地区-玉田县,130226000000,玉田县,河北省-唐山市-玉田县,,False
1983,同名改码,3,132733000000,唐海县,河北省-唐山地区-唐海县,130227000000,唐海县,河北省-唐山市-唐海县,,False
1983,撤销,3,132824000000,安次县,河北省-廊坊地区-安次县,,,,,False
1983,撤销,3,132901000000,沧州市,河北省-沧州地区-沧州市,,,,,False
1983,同名改码,3,132902000000,新华区,河北省-沧州地区-新华区,130902000000,新华区,河北省-沧州市-新华区,,False
1983,同名改码,3,132903000000,运河区,河北省-沧州地区-运河区,130903000000,运河区,河北省-沧州市-运河区,,False
1983,同名改码,3,132904000000,郊区,河北省-沧州地区-郊区,130904000000,郊区,河北省-沧州市-郊区,,False
1983,同名改码,3,132921000000,沧县,河北省-沧州地区-沧县,130921000000,沧县,河北省-沧州市-沧县,,False
1983,撤销,3,132925000000,交河县,河北省-沧州地区-交河县,,,,,False
1983,撤销,3,133021000000,衡水县,河北省-衡水地区-衡水县,,,,,False
1983,撤县设市,3,142221000000,忻县,山西省-忻县地区-忻县,142201000000,忻州市,山西省-忻州地区-忻州市,,False
1983,同名改码,3,142425000000,平定县,山西省-晋中地区-平定县,140321000000,平定县,山西省-阳泉市-平定县,,False
1983,同名改码,3,142426000000,盂县,山西省-晋中地区-盂县,140322000000,盂县,山西省-阳泉市-盂县,,False
1983,撤销,3,142428000000,榆次县,山西省-晋中地区-榆次县,,,,,False
1983,同名改码,3,142521000000,长治县,山西省-晋东南地区-长治县,140421000000,长治县,山西省-长治市-长治县,,False
1983,同名改码,3,142522000000,潞城县,山西省-晋东南地区-潞城县,140422000000,潞城县,山西省-长治市-潞城县,,False
1983,撤县设市,3,142527000000,晋城县,山西省-晋东南地区-晋城县,142501000000,晋城市,山西省-晋东南地区-晋城市,,False
1983,撤销,3,142624000000,临汾县,山西省-临汾地区-临汾县,,,,,False
1983,撤县设市,3,142721000000,运城县,山西省-运城地区-运城县,142701000000,运城市,山西省-运城地区-运城市,,False
1983,撤销,3,152121000000,布特哈旗,内蒙古自治区-呼伦贝尔盟-布特哈旗,,,,,False
1983,撤销,3,152124000000,喜桂图旗,内蒙古自治区-呼伦贝尔盟-喜桂图旗,,,,,False
1983,撤销,2,152400000000,昭乌达盟,内蒙古自治区-昭乌达盟,,,,,False
1983,撤销,3,152401000000,赤峰市,内蒙古自治区-昭乌达盟-赤峰市,,,,,False
1983,同名改码,3,152421000000,阿鲁科尔沁旗,内蒙古自治区-昭乌达盟-阿鲁科尔沁旗,150421000000,阿鲁科尔沁旗,内蒙古自治区-赤峰市-阿鲁科尔沁旗,,False
1983,同名改码,3,152422000000,巴林左旗,内蒙古自治区-昭乌达盟-巴林左旗,150422000000,巴林左旗,内蒙古自治区-赤峰市-巴林左旗,,False
1983,同名改码,3,152423000000,巴林右旗,内蒙古自治区-昭乌达盟-巴林右旗,150423000000,巴林右旗,内蒙古自治区-赤峰市-巴林右旗,,False
1983,同名改码,3,152424000000,林西县,内蒙古自治区-昭乌达盟-林西县,150424000000,林西县,内蒙古自治区-赤峰市-林西县,,False
1983,同名改码,3,152425000000,克什克腾旗,内蒙古自治区-昭乌达盟-克什克腾旗,150425000000,克什克腾旗,内蒙古自治区-赤峰市-克什克腾旗,,False
1983,同名改码,3,152426000000,翁牛特旗,内蒙古自治区-昭乌达盟-翁牛特旗,150426000000,翁牛特旗,内蒙古自治区-赤峰市-翁牛特旗,,False
1983,撤销,3,152427000000,赤峰县,内蒙古自治区-昭乌达盟-赤峰县,,,,,False
1983,同名改码,3,152428000000,喀喇沁旗,内蒙古自治区-昭乌达盟-喀喇沁旗,150428000000,喀喇沁旗,内蒙古自治区-赤峰市-喀喇沁旗,,False
1983,同名改码,3,152429000000,宁城县,内蒙古自治区-昭乌达盟-宁城县,150429000000,宁城县,内蒙古自治区-赤峰市-宁城县,,False
1983,同名改码,3,152430000000,敖汉旗,内蒙古自治区-昭乌达盟-敖汉旗,150430000000,敖汉旗,内蒙古自治区-赤峰市-敖汉旗,,False
1983,撤销,3,152521000000,阿巴哈纳尔旗,内蒙古自治区-锡林郭勒盟-阿巴哈纳尔旗,,,,,False
1983,撤县设市,3,152721000000,东胜县,内蒙古自治区-伊克昭盟-东胜县,152701000000,东胜市,内蒙古自治区-伊克昭盟-东胜市,,False
1983,同名改码,3,210706000000,太和区,辽宁省-锦州市-太和区,210711000000,太和区,辽宁省-锦州市-太和区,,False
1983,撤地设市,2,222100000000,四平地区,吉林省-四平地区,220300000000,四平市,吉林省-四平市,,False
1983,撤销,3,222101000000,四平市,吉林省-四平地区-四平市,,,,,False
1983,撤销,3,222102000000,辽源市,吉林省-四平地区-辽源市,,,,,False
1983,同名改码,3,222121000000,怀德县,吉林省-四平地区-怀德县,220321000000,怀德县,吉林省-四平市-怀德县,,False
1983,同名改码,3,222122000000,梨树县,吉林省-四平地区-梨树县,220322000000,梨树县,吉林省-四平市-梨树县,,False
1983,同名改码,3,222123000000,伊通县,吉林省-四平地区-伊通县,220323000000,伊通县,吉林省-四平市-伊通县,,False
1983,同名改码,3,222124000000,东丰县,吉林省-四平地区-东丰县,220421000000,东丰县,吉林省-辽源市-东丰县,,False
1983,同名改码,3,222125000000,双辽县,吉林省-四平地区-双辽县,220324000000,双辽县,吉林省-四平市-双辽县,,False
1983,撤销,3,222421000000,延吉县,吉林省-延边朝鲜族自治州-延吉县,,,,,False
1983,撤销,2,222500000000,德惠地区,吉林省-德惠地区,,,,,False
1983,同名改码,3,222521000000,榆树县,吉林省-德惠地区-榆树县,220121000000,榆树县,吉林省-长春市-榆树县,,False
1983,同名改码,3,222522000000,农安县,吉林省-德惠地区-农安县,220122000000,农安县,吉林省-长春市-农安县,,False
1983,同名改码,3,222523000000,九台县,吉林省-德惠地区-九台县,220123000000,九台县,吉林省-长春市-九台县,,False
1983,同名改码,3,222524000000,德惠县,吉林省-德惠地区-德惠县,220124000000,德惠县,吉林省-长春市-德惠县,,False
1983,同名改码,3,222525000000,双阳县,吉林省-德惠地区-双阳县,220125000000,双阳县,吉林省-长春市-双阳县,,False
1983,撤销,2,222600000000,永吉地区,吉林省-永吉地区,,,,,False
1983,同名改码,3,222621000000,永吉县,吉林省-永吉地区-永吉县,220221000000,永吉县,吉林省-吉林市-永吉县,,False
1983,同名改码,3,222622000000,舒兰县,吉林省-永吉地区-舒兰县,220222000000,舒兰县,吉林省-吉林市-舒兰县,,False
1983,同名改码,3,222623000000,磐石县,吉林省-永吉地区-磐石县,220223000000,磐石县,吉林省-吉林市-磐石县,,False
1983,同名改码,3,222624000000,蛟河县,吉林省-永吉地区-蛟河县,220224000000,蛟河县,吉林省-吉林市-蛟河县,,False
1983,同名改码,3,222625000000,桦甸县,吉林省-永吉地区-桦甸县,220225000000,桦甸县,吉林省-吉林市-桦甸县,,False
1983,同名改码,3,232121000000,阿城县,黑龙江省-松花江地区-阿城县,230121000000,阿城县,黑龙江省-哈尔滨市-阿城县,,False
1983,同名改码,3,232123000000,呼兰县,黑龙江省-松花江地区-呼兰县,230122000000,呼兰县,黑龙江省-哈尔滨市-呼兰县,,False
1983,撤销,3,232401000000,佳木斯市,黑龙江省-合江地区-佳木斯市,,,,,False
1983,撤销,3,232402000000,七台河市,黑龙江省-合江地区-七台河市,,,,,False
1983,同名改码,3,232403000000,永红区,黑龙江省-合江地区-永红区,230802000000,永红区,黑龙江省-佳木斯市-永红区,,False
1983,同名改码,3,232404000000,向阳区,黑龙江省-合江地区-向阳区,230803000000,向阳区,黑龙江省-佳木斯市-向阳区,,False
1983,同名改码,3,232405000000,前进区,黑龙江省-合江地区-前进区,230804000000,前进区,黑龙江省-佳木斯市-前进区,,False
1983,同名改码,3,232406000000,东风区,黑龙江省-合江地区-东风区,230805000000,东风区,黑龙江省-佳木斯市-东风区,,False
1983,同名改码,3,232411000000,郊区,黑龙江省-合江地区-郊区,150404000000,郊区,内蒙古自治区-赤峰市-郊区,,False
1983,同名改码,3,232424000000,勃利县,黑龙江省-合江地区-勃利县,230921000000,勃利县,黑龙江省-七台河市-勃利县,,False
1983,撤地设市,2,232500000000,牡丹江地区,黑龙江省-牡丹江地区,231000000000,牡丹江市,黑龙江省-牡丹江市,,False
1983,撤销,3,232501000000,牡丹江市,黑龙江省-牡丹江地区-牡丹江市,,,,,False
1983,同名改码,3,232502000000,绥芬河市,黑龙江省-牡丹江地区-绥芬河市,231101000000,绥芬河市,黑龙江省-牡丹江地区-绥芬河市,,False
1983,撤销,3,232503000000,东凤区,黑龙江省-牡丹江地区-东凤区,,,,,False
1983,撤销,3,232504000000,先锋区,黑龙江省-牡丹江地区-先锋区,,,,,False
1983,同名改码,3,232505000000,爱民区,黑龙江省-牡丹江地区-爱民区,231006000000,爱民区,黑龙江省-牡丹江市-爱民区,,False
1983,同名改码,3,232506000000,阳明区,黑龙江省-牡丹江地区-阳明区,231007000000,阳明区,黑龙江省-牡丹江市-阳明区,,False
1983,同名改码,3,232511000000,郊区,黑龙江省-牡丹江地区-郊区,230811000000,郊区,黑龙江省-佳木斯市-郊区,,False
1983,同名改码,3,232521000000,宁安县,黑龙江省-牡丹江地区-宁安县,231021000000,宁安县,黑龙江省-牡丹江市-宁安县,,False
1983,同名改码,3,232522000000,海林县,黑龙江省-牡丹江地区-海林县,231022000000,海林县,黑龙江省-牡丹江市-海林县,,False
1983,同名改码,3,232523000000,穆棱县,黑龙江省-牡丹江地区-穆棱县,231023000000,穆棱县,黑龙江省-牡丹江市-穆棱县,,False
1983,同名改码,3,232524000000,东宁县,黑龙江省-牡丹江地区-东宁县,231024000000,东宁县,黑龙江省-牡丹江市-东宁县,,False
1983,同名改码,3,232525000000,林口县,黑龙江省-牡丹江地区-林口县,231025000000,林口县,黑龙江省-牡丹江市-林口县,,False
1983,同名改码,3,232526000000,鸡东县,黑龙江省-牡丹江地区-鸡东县,230321000000,鸡东县,黑龙江省-鸡西市-鸡东县,,False
1983,同名改码,3,232527000000,密山县,黑龙江省-牡丹江地区-密山县,231026000000,密山县,黑龙江省-牡丹江市-密山县,,False
1983,同名改码,3,232528000000,虎林县,黑龙江省-牡丹江地区-虎林县,231027000000,虎林县,黑龙江省-牡丹江市-虎林县,,False
1983,撤销,3,232624000000,爱辉县,黑龙江省-黑河地区-爱辉县,,,,,False
1983,撤销,3,232627000000,通北县,黑龙江省-黑河地区-通北县,,,,,False
1983,撤销,3,320603000000,港闸区,江苏省-南通市-港闸区,,,,,False
1983,撤销,3,320705000000,海州区,江苏省-连云港市-海州区,,,,,False
1983,同名改码,3,320711000000,郊区,江苏省-连云港市-郊区,231011000000,郊区,黑龙江省-牡丹江市-郊区,,False
1983,撤销,2,322100000000,徐州地区,江苏省-徐州地区,,,,,False
1983,同名改码,3,322121000000,丰县,江苏省-徐州地区-丰县,320321000000,丰县,江苏省-徐州市-丰县,,False
1983,同名改码,3,322122000000,沛县,江苏省-徐州地区-沛县,320322000000,沛县,江苏省-徐州市-沛县,,False
1983,同名改码,3,322123000000,铜山县,江苏省-徐州地区-铜山县,320323000000,铜山县,江苏省-徐州市-铜山县,,False
1983,同名改码,3,322124000000,睢宁县,江苏省-徐州地区-睢宁县,320324000000,睢宁县,江苏省-徐州市-睢宁县,,False
1983,同名改码,3,322125000000,邳县,江苏省-徐州地区-邳县,320325000000,邳县,江苏省-徐州市-邳县,,False
1983,同名改码,3,322126000000,新沂县,江苏省-徐州地区-新沂县,320326000000,新沂县,江苏省-徐州市-新沂县,,False
1983,同名改码,3,322127000000,东海县,江苏省-徐州地区-东海县,320722000000,东海县,江苏省-连云港市-东海县,,False
1983,同名改码,3,322128000000,赣榆县,江苏省-徐州地区-赣榆县,320721000000,赣榆县,江苏省-连云港市-赣榆县,,False
1983,撤地设市,2,322200000000,淮阴地区,江苏省-淮阴地区,320800000000,淮阴市,江苏省-淮阴市,,False
1983,撤销,3,322201000000,清江市,江苏省-淮阴地区-清江市,,,,,False
1983,同名改码,3,322221000000,淮阴县,江苏省-淮阴地区-淮阴县,320821000000,淮阴县,江苏省-淮阴市-淮阴县,,False
1983,同名改码,3,322222000000,灌云县,江苏省-淮阴地区-灌云县,320723000000,灌云县,江苏省-连云港市-灌云县,,False
1983,同名改码,3,322223000000,灌南县,江苏省-淮阴地区-灌南县,320822000000,灌南县,江苏省-淮阴市-灌南县,,False
1983,同名改码,3,322224000000,沭阳县,江苏省-淮阴地区-沭阳县,320823000000,沭阳县,江苏省-淮阴市-沭阳县,,False
1983,同名改码,3,322225000000,宿迁县,江苏省-淮阴地区-宿迁县,320824000000,宿迁县,江苏省-淮阴市-宿迁县,,False
1983,同名改码,3,322226000000,泗阳县,江苏省-淮阴地区-泗阳县,320825000000,泗阳县,江苏省-淮阴市-泗阳县,,False
1983,同名改码,3,322227000000,涟水县,江苏省-淮阴地区-涟水县,320826000000,涟水县,江苏省-淮阴市-涟水县,,False
1983,同名改码,3,322228000000,泗洪县,江苏省-淮阴地区-泗洪县,320827000000,泗洪县,江苏省-淮阴市-泗洪县,,False
1983,同名改码,3,322229000000,淮安县,江苏省-淮阴地区-淮安县,320828000000,淮安县,江苏省-淮阴市-淮安县,,False
1983,同名改码,3,322230000000,洪泽县,江苏省-淮阴地区-洪泽县,320829000000,洪泽县,江苏省-淮阴市-洪泽县,,False
1983,同名改码,3,322231000000,盱眙县,江苏省-淮阴地区-盱眙县,320830000000,盱眙县,江苏省-淮阴市-盱眙县,,False
1983,同名改码,3,322232000000,金湖县,江苏省-淮阴地区-金湖县,320831000000,金湖县,江苏省-淮阴市-金湖县,,False
1983,撤地设市,2,322300000000,盐城地区,江苏省-盐城地区,320900000000,盐城市,江苏省-盐城市,,False
1983,同名改码,3,322321000000,响水县,江苏省-盐城地区-响水县,320921000000,响水县,江苏省-盐城市-响水县,,False
1983,同名改码,3,322322000000,滨海县,江苏省-盐城地区-滨海县,320922000000,滨海县,江苏省-盐城市-滨海县,,False
1983,同名改码,3,322323000000,阜宁县,江苏省-盐城地区-阜宁县,320923000000,阜宁县,江苏省-盐城市-阜宁县,,False
1983,同名改码,3,322324000000,射阳县,江苏省-盐城地区-射阳县,320924000000,射阳县,江苏省-盐城市-射阳县,,False
1983,同名改码,3,322325000000,建湖县,江苏省-盐城地区-建湖县,320925000000,建湖县,江苏省-盐城市-建湖县,,False
1983,撤销,3,322326000000,盐城县,江苏省-盐城地区-盐城县,,,,,False
1983,同名改码,3,322327000000,大丰县,江苏省-盐城地区-大丰县,320926000000,大丰县,江苏省-盐城市-大丰县,,False
1983,同名改码,3,322328000000,东台县,江苏省-盐城地区-东台县,320927000000,东台县,江苏省-盐城市-东台县,,False
1983,撤地设市,2,322400000000,扬州地区,江苏省-扬州地区,321000000000,扬州市,江苏省-扬州市,,False
1983,撤销,3,322401000000,扬州市,江苏省-扬州地区-扬州市,,,,,False
1983,同名改码,3,322402000000,泰州市,江苏省-扬州地区-泰州市,321201000000,泰州市,江苏省-扬州地区-泰州市,,False
1983,同名改码,3,322421000000,兴化县,江苏省-扬州地区-兴化县,321021000000,兴化县,江苏省-扬州市-兴化县,,False
1983,同名改码,3,322422000000,高邮县,江苏省-扬州地区-高邮县,321022000000,高邮县,江苏省-扬州市-高邮县,,False
1983,同名改码,3,322423000000,宝应县,江苏省-扬州地区-宝应县,321023000000,宝应县,江苏省-扬州市-宝应县,,False
1983,同名改码,3,322424000000,靖江县,江苏省-扬州地区-靖江县,321024000000,靖江县,江苏省-扬州市-靖江县,,False
1983,同名改码,3,322425000000,泰兴县,江苏省-扬州地区-泰兴县,321025000000,泰兴县,江苏省-扬州市-泰兴县,,False
1983,同名改码,3,322426000000,江都县,江苏省-扬州地区-江都县,321026000000,江都县,江苏省-扬州市-江都县,,False
1983,同名改码,3,322427000000,邗江县,江苏省-扬州地区-邗江县,321027000000,邗江县,江苏省-扬州市-邗江县,,False
1983,同名改码,3,322428000000,泰县,江苏省-扬州地区-泰县,321028000000,泰县,江苏省-扬州市-泰县,,False
1983,同名改码,3,322429000000,仪征县,江苏省-扬州地区-仪征县,321029000000,仪征县,江苏省-扬州市-仪征县,,False
1983,撤销,2,322500000000,南通地区,江苏省-南通地区,,,,,False
1983,同名改码,3,322521000000,海安县,江苏省-南通地区-海安县,320621000000,海安县,江苏省-南通市-海安县,,False
1983,同名改码,3,322522000000,如皋县,江苏省-南通地区-如皋县,320622000000,如皋县,江苏省-南通市-如皋县,,False
1983,同名改码,3,322523000000,如东县,江苏省-南通地区-如东县,320623000000,如东县,江苏省-南通市-如东县,,False
1983,同名改码,3,322524000000,南通县,江苏省-南通地区-南通县,320624000000,南通县,江苏省-南通市-南通县,,False
1983,同名改码,3,322525000000,海门县,江苏省-南通地区-海门县,320625000000,海门县,江苏省-南通市-海门县,,False
1983,同名改码,3,322526000000,启东县,江苏省-南通地区-启东县,320626000000,启东县,江苏省-南通市-启东县,,False
1983,撤地设市,2,322600000000,镇江地区,江苏省-镇江地区,321100000000,镇江市,江苏省-镇江市,,False
1983,撤销,3,322601000000,镇江市,江苏省-镇江地区-镇江市,,,,,False
1983,同名改码,3,322621000000,丹徒县,江苏省-镇江地区-丹徒县,321121000000,丹徒县,江苏省-镇江市-丹徒县,,False
1983,同名改码,3,322622000000,武进县,江苏省-镇江地区-武进县,320421000000,武进县,江苏省-常州市-武进县,,False
1983,同名改码,3,322623000000,丹阳县,江苏省-镇江地区-丹阳县,321122000000,丹阳县,江苏省-镇江市-丹阳县,,False
1983,同名改码,3,322624000000,句容县,江苏省-镇江地区-句容县,321123000000,句容县,江苏省-镇江市-句容县,,False
1983,同名改码,3,322625000000,金坛县,江苏省-镇江地区-金坛县,320422000000,金坛县,江苏省-常州市-金坛县,,False
1983,同名改码,3,322626000000,溧水县,江苏省-镇江地区-溧水县,320124000000,溧水县,江苏省-南京市-溧水县,,False
1983,同名改码,3,322627000000,高淳县,江苏省-镇江地区-高淳县,320125000000,高淳县,江苏省-南京市-高淳县,,False
1983,同名改码,3,322628000000,溧阳县,江苏省-镇江地区-溧阳县,320423000000,溧阳县,江苏省-常州市-溧阳县,,False
1983,同名改码,3,322629000000,宜兴县,江苏省-镇江地区-宜兴县,320223000000,宜兴县,江苏省-无锡市-宜兴县,,False
1983,同名改码,3,322630000000,扬中县,江苏省-镇江地区-扬中县,321124000000,扬中县,江苏省-镇江市-扬中县,,False
1983,撤销,2,322700000000,苏州地区,江苏省-苏州地区,,,,,False
1983,同名改码,3,322721000000,江阴县,江苏省-苏州地区-江阴县,320221000000,江阴县,江苏省-无锡市-江阴县,,False
1983,同名改码,3,322722000000,无锡县,江苏省-苏州地区-无锡县,320222000000,无锡县,江苏省-无锡市-无锡县,,False
1983,同名改码,3,322723000000,沙洲县,江苏省-苏州地区-沙洲县,320521000000,沙洲县,江苏省-苏州市-沙洲县,,False
1983,撤县设市,3,322724000000,常熟县,江苏省-苏州地区-常熟县,321301000000,常熟市,江苏省-苏州地区-常熟市,,False
1983,同名改码,3,322725000000,太仓县,江苏省-苏州地区-太仓县,320522000000,太仓县,江苏省-苏州市-太仓县,,False
1983,同名改码,3,322726000000,昆山县,江苏省-苏州地区-昆山县,320523000000,昆山县,江苏省-苏州市-昆山县,,False
1983,同名改码,3,322727000000,吴县,江苏省-苏州地区-吴县,320524000000,吴县,江苏省-苏州市-吴县,,False
1983,同名改码,3,322728000000,吴江县,江苏省-苏州地区-吴江县,320525000000,吴江县,江苏省-苏州市-吴江县,,False
1983,撤销,3,330301000000,东城区,浙江省-温州市-东城区,,,,,False
1983,撤销,3,330303000000,西城区,浙江省-温州市-西城区,,,,,False
1983,撤地设市,2,332100000000,嘉兴地区,浙江省-嘉兴地区,330400000000,嘉兴市,浙江省-嘉兴市,,False
1983,撤销,3,332101000000,湖州市,浙江省-嘉兴地区-湖州市,,,,,False
1983,撤销,3,332102000000,嘉兴市,浙江省-嘉兴地区-嘉兴市,,,,,False
1983,同名改码,3,332121000000,嘉善县,浙江省-嘉兴地区-嘉善县,330421000000,嘉善县,浙江省-嘉兴市-嘉善县,,False
1983,同名改码,3,332122000000,平湖县,浙江省-嘉兴地区-平湖县,330422000000,平湖县,浙江省-嘉兴市-平湖县,,False
1983,同名改码,3,332123000000,海宁县,浙江省-嘉兴地区-海宁县,330423000000,海宁县,浙江省-嘉兴市-海宁县,,False
1983,同名改码,3,332124000000,海盐县,浙江省-嘉兴地区-海盐县,330424000000,海盐县,浙江省-嘉兴市-海盐县,,False
1983,同名改码,3,332125000000,桐乡县,浙江省-嘉兴地区-桐乡县,330425000000,桐乡县,浙江省-嘉兴市-桐乡县,,False
1983,同名改码,3,332126000000,德清县,浙江省-嘉兴地区-德清县,330521000000,德清县,浙江省-湖州市-德清县,,False
1983,同名改码,3,332127000000,长兴县,浙江省-嘉兴地区-长兴县,330522000000,长兴县,浙江省-湖州市-长兴县,,False
1983,同名改码,3,332128000000,安吉县,浙江省-嘉兴地区-安吉县,330523000000,安吉县,浙江省-湖州市-安吉县,,False
1983,撤销,2,332200000000,宁波地区,浙江省-宁波地区,,,,,False
1983,同名改码,3,332221000000,慈溪县,浙江省-宁波地区-慈溪县,330222000000,慈溪县,浙江省-宁波市-慈溪县,,False
1983,同名改码,3,332222000000,余姚县,浙江省-宁波地区-余姚县,330223000000,余姚县,浙江省-宁波市-余姚县,,False
1983,同名改码,3,332223000000,奉化县,浙江省-宁波地区-奉化县,330224000000,奉化县,浙江省-宁波市-奉化县,,False
1983,同名改码,3,332224000000,象山县,浙江省-宁波地区-象山县,330225000000,象山县,浙江省-宁波市-象山县,,False
1983,同名改码,3,332225000000,宁海县,浙江省-宁波地区-宁海县,330226000000,宁海县,浙江省-宁波市-宁海县,,False
1983,同名改码,3,332226000000,鄞县,浙江省-宁波地区-鄞县,330227000000,鄞县,浙江省-宁波市-鄞县,,False
1983,撤地设市,2,332300000000,绍兴地区,浙江省-绍兴地区,330600000000,绍兴市,浙江省-绍兴市,,False
1983,区划调整,3,332301000000,绍兴市,浙江省-绍兴地区-绍兴市,330621000000,绍兴县,浙江省-绍兴市-绍兴县,,False
1983,同名改码,3,332321000000,上虞县,浙江省-绍兴地区-上虞县,330622000000,上虞县,浙江省-绍兴市-上虞县,,False
1983,同名改码,3,332322000000,嵊县,浙江省-绍兴地区-嵊县,330623000000,嵊县,浙江省-绍兴市-嵊县,,False
1983,同名改码,3,332323000000,新昌县,浙江省-绍兴地区-新昌县,330624000000,新昌县,浙江省-绍兴市-新昌县,,False
1983,同名改码,3,332324000000,诸暨县,浙江省-绍兴地区-诸暨县,330625000000,诸暨县,浙江省-绍兴市-诸暨县,,False
1983,同名改码,3,342226000000,怀远县,安徽省-宿县地区-怀远县,340321000000,怀远县,安徽省-蚌埠市-怀远县,,False
1983,同名改码,3,342227000000,五河县,安徽省-宿县地区-五河县,340322000000,五河县,安徽省-蚌埠市-五河县,,False
1983,同名改码,3,342228000000,固镇县,安徽省-宿县地区-固镇县,340323000000,固镇县,安徽省-蚌埠市-固镇县,,False
1983,同名改码,3,342424000000,肥西县,安徽省-六安地区-肥西县,340123000000,肥西县,安徽省-合肥市-肥西县,,False
1983,同名改码,3,342525000000,当涂县,安徽省-宣城地区-当涂县,340521000000,当涂县,安徽省-马鞍山市-当涂县,,False
1983,同名改码,3,342526000000,繁昌县,安徽省-宣城地区-繁昌县,340222000000,繁昌县,安徽省-芜湖市-繁昌县,,False
1983,同名改码,3,342527000000,南陵县,安徽省-宣城地区-南陵县,340223000000,南陵县,安徽省-芜湖市-南陵县,,False
1983,同名改码,3,342528000000,青阳县,安徽省-宣城地区-青阳县,340224000000,青阳县,安徽省-芜湖市-青阳县,,False
1983,同名改码,3,342621000000,肥东县,安徽省-巢湖地区-肥东县,340122000000,肥东县,安徽省-合肥市-肥东县,,False
1983,撤销,3,342624000000,巢县,安徽省-巢湖地区-巢县,,,,,False
1983,撤销,3,342727000000,太平县,安徽省-徽州地区-太平县,,,,,False
1983,撤县设市,3,352125000000,邵武县,福建省-建阳地区-邵武县,352102000000,邵武市,福建省-建阳地区-邵武市,,False
1983,同名改码,3,352222000000,连江县,福建省-宁德地区-连江县,350122000000,连江县,福建省-福州市-连江县,,False
1983,同名改码,3,352223000000,罗源县,福建省-宁德地区-罗源县,350123000000,罗源县,福建省-福州市-罗源县,,False
1983,撤地设市,2,352300000000,莆田地区,福建省-莆田地区,350300000000,莆田市,福建省-莆田市,,False
1983,同名改码,3,352321000000,闽清县,福建省-莆田地区-闽清县,350124000000,闽清县,福建省-福州市-闽清县,,False
1983,同名改码,3,352322000000,永泰县,福建省-莆田地区-永泰县,350125000000,永泰县,福建省-福州市-永泰县,,False
1983,同名改码,3,352323000000,长乐县,福建省-莆田地区-长乐县,350126000000,长乐县,福建省-福州市-长乐县,,False
1983,同名改码,3,352324000000,福清县,福建省-莆田地区-福清县,350127000000,福清县,福建省-福州市-福清县,,False
1983,同名改码,3,352325000000,平潭县,福建省-莆田地区-平潭县,350128000000,平潭县,福建省-福州市-平潭县,,False
1983,同名改码,3,352326000000,莆田县,福建省-莆田地区-莆田县,350321000000,莆田县,福建省-莆田市-莆田县,,False
1983,同名改码,3,352327000000,仙游县,福建省-莆田地区-仙游县,350322000000,仙游县,福建省-莆田市-仙游县,,False
1983,撤地设市,2,352700000000,三明地区,福建省-三明地区,350400000000,三明市,福建省-三明市,,False
1983,撤销,3,352701000000,三明市,福建省-三明地区-三明市,,,,,False
1983,同名改码,3,352721000000,明溪县,福建省-三明地区-明溪县,350421000000,明溪县,福建省-三明市-明溪县,,False
1983,同名改码,3,352722000000,永安县,福建省-三明地区-永安县,350422000000,永安县,福建省-三明市-永安县,,False
1983,同名改码,3,352723000000,清流县,福建省-三明地区-清流县,350423000000,清流县,福建省-三明市-清流县,,False
1983,同名改码,3,352724000000,宁化县,福建省-三明地区-宁化县,350424000000,宁化县,福建省-三明市-宁化县,,False
1983,同名改码,3,352725000000,大田县,福建省-三明地区-大田县,350425000000,大田县,福建省-三明市-大田县,,False
1983,同名改码,3,352726000000,尤溪县,福建省-三明地区-尤溪县,350426000000,尤溪县,福建省-三明市-尤溪县,,False
1983,同名改码,3,352727000000,沙县,福建省-三明地区-沙县,350427000000,沙县,福建省-三明市-沙县,,False
1983,同名改码,3,352728000000,将乐县,福建省-三明地区-将乐县,350428000000,将乐县,福建省-三明市-将乐县,,False
1983,同名改码,3,352729000000,泰宁县,福建省-三明地区-泰宁县,350429000000,泰宁县,福建省-三明市-泰宁县,,False
1983,同名改码,3,352730000000,建宁县,福建省-三明地区-建宁县,350430000000,建宁县,福建省-三明市-建宁县,,False
1983,同名改码,3,362138000000,广昌县,江西省-赣州地区-广昌县,362532000000,广昌县,江西省-抚州地区-广昌县,,False
1983,撤销,3,362224000000,新余县,江西省-宜春地区-新余县,,,,,False
1983,同名改码,3,362230000000,分宜县,江西省-宜春地区-分宜县,360521000000,分宜县,江西省-新余市-分宜县,,False
1983,同名改码,3,362231000000,安义县,江西省-宜春地区-安义县,360123000000,安义县,江西省-南昌市-安义县,,False
1983,撤销,3,362302000000,鹰潭市,江西省-上饶地区-鹰潭市,,,,,False
1983,同名改码,3,362327000000,贵溪县,江西省-上饶地区-贵溪县,360621000000,贵溪县,江西省-鹰潭市-贵溪县,,False
1983,同名改码,3,362328000000,余江县,江西省-上饶地区-余江县,360622000000,余江县,江西省-鹰潭市-余江县,,False
1983,同名改码,3,362332000000,乐平县,江西省-上饶地区-乐平县,360221000000,乐平县,江西省-景德镇市-乐平县,,False
1983,同名改码,3,362530000000,进贤县,江西省-抚州地区-进贤县,360124000000,进贤县,江西省-南昌市-进贤县,,False
1983,撤销,2,362600000000,九江地区,江西省-九江地区,,,,,False
1983,同名改码,3,362621000000,九江县,江西省-九江地区-九江县,360421000000,九江县,江西省-九江市-九江县,,False
1983,同名改码,3,362622000000,瑞昌县,江西省-九江地区-瑞昌县,360422000000,瑞昌县,江西省-九江市-瑞昌县,,False
1983,同名改码,3,362623000000,武宁县,江西省-九江地区-武宁县,360423000000,武宁县,江西省-九江市-武宁县,,False
1983,同名改码,3,362624000000,修水县,江西省-九江地区-修水县,360424000000,修水县,江西省-九江市-修水县,,False
1983,同名改码,3,362625000000,永修县,江西省-九江地区-永修县,360425000000,永修县,江西省-九江市-永修县,,False
1983,同名改码,3,362626000000,德安县,江西省-九江地区-德安县,360426000000,德安县,江西省-九江市-德安县,,False
1983,同名改码,3,362627000000,星子县,江西省-九江地区-星子县,360427000000,星子县,江西省-九江市-星子县,,False
1983,同名改码,3,362628000000,都昌县,江西省-九江地区-都昌县,360428000000,都昌县,江西省-九江市-都昌县,,False
1983,同名改码,3,362629000000,湖口县,江西省-九江地区-湖口县,360429000000,湖口县,江西省-九江市-湖口县,,False
1983,同名改码,3,362630000000,彭泽县,江西省-九江地区-彭泽县,360430000000,彭泽县,江西省-九江市-彭泽县,,False
1983,撤地设市,2,372100000000,烟台地区,山东省-烟台地区,370600000000,烟台市,山东省-烟台市,,False
1983,撤销,3,372101000000,烟台市,山东省-烟台地区-烟台市,,,,,False
1983,同名改码,3,372102000000,威海市,山东省-烟台地区-威海市,370901000000,威海市,山东省-烟台地区-威海市,,False
1983,撤县设区,3,372121000000,福山县,山东省-烟台地区-福山县,370611000000,福山区,山东省-烟台市-福山区,,False
1983,同名改码,3,372122000000,蓬莱县,山东省-烟台地区-蓬莱县,370622000000,蓬莱县,山东省-烟台市-蓬莱县,,False
1983,同名改码,3,372123000000,黄县,山东省-烟台地区-黄县,370623000000,黄县,山东省-烟台市-黄县,,False
1983,同名改码,3,372124000000,招远县,山东省-烟台地区-招远县,370624000000,招远县,山东省-烟台市-招远县,,False
1983,同名改码,3,372125000000,掖县,山东省-烟台地区-掖县,370625000000,掖县,山东省-烟台市-掖县,,False
1983,同名改码,3,372126000000,莱西县,山东省-烟台地区-莱西县,370225000000,莱西县,山东省-青岛市-莱西县,,False
1983,同名改码,3,372127000000,莱阳县,山东省-烟台地区-莱阳县,370627000000,莱阳县,山东省-烟台市-莱阳县,,False
1983,同名改码,3,372128000000,栖霞县,山东省-烟台地区-栖霞县,370628000000,栖霞县,山东省-烟台市-栖霞县,,False
1983,同名改码,3,372129000000,海阳县,山东省-烟台地区-海阳县,370629000000,海阳县,山东省-烟台市-海阳县,,False
1983,同名改码,3,372130000000,乳山县,山东省-烟台地区-乳山县,370630000000,乳山县,山东省-烟台市-乳山县,,False
1983,同名改码,3,372131000000,牟平县,山东省-烟台地区-牟平县,370631000000,牟平县,山东省-烟台市-牟平县,,False
1983,同名改码,3,372132000000,文登县,山东省-烟台地区-文登县,370632000000,文登县,山东省-烟台市-文登县,,False
1983,同名改码,3,372133000000,荣成县,山东省-烟台地区-荣成县,370633000000,荣成县,山东省-烟台市-荣成县,,False
1983,同名改码,3,372134000000,长岛县,山东省-烟台地区-长岛县,370634000000,长岛县,山东省-烟台市-长岛县,,False
1983,撤地设市,2,372200000000,潍坊地区,山东省-潍坊地区,370700000000,潍坊市,山东省-潍坊市,,False
1983,撤销,3,372201000000,潍坊市,山东省-潍坊地区-潍坊市,,,,,False
1983,同名改码,3,372221000000,益都县,山东省-潍坊地区-益都县,370721000000,益都县,山东省-潍坊市-益都县,,False
1983,同名改码,3,372222000000,安丘县,山东省-潍坊地区-安丘县,370722000000,安丘县,山东省-潍坊市-安丘县,,False
1983,同名改码,3,372223000000,寿光县,山东省-潍坊地区-寿光县,370723000000,寿光县,山东省-潍坊市-寿光县,,False
1983,同名改码,3,372224000000,临朐县,山东省-潍坊地区-临朐县,370724000000,临朐县,山东省-潍坊市-临朐县,,False
1983,同名改码,3,372225000000,昌乐县,山东省-潍坊地区-昌乐县,370725000000,昌乐县,山东省-潍坊市-昌乐县,,False
1983,同名改码,3,372226000000,昌邑县,山东省-潍坊地区-昌邑县,370726000000,昌邑县,山东省-潍坊市-昌邑县,,False
1983,同名改码,3,372227000000,高密县,山东省-潍坊地区-高密县,370727000000,高密县,山东省-潍坊市-高密县,,False
1983,同名改码,3,372228000000,诸城县,山东省-潍坊地区-诸城县,370728000000,诸城县,山东省-潍坊市-诸城县,,False
1983,同名改码,3,372229000000,五莲县,山东省-潍坊地区-五莲县,370729000000,五莲县,山东省-潍坊市-五莲县,,False
1983,同名改码,3,372230000000,平度县,山东省-潍坊地区-平度县,370226000000,平度县,山东省-青岛市-平度县,,False
1983,撤销,3,372231000000,潍县,山东省-潍坊地区-潍县,,,,,False
1983,同名改码,3,372327000000,广饶县,山东省-惠民地区-广饶县,370523000000,广饶县,山东省-东营市-广饶县,,False
1983,同名改码,3,372329000000,桓台县,山东省-惠民地区-桓台县,370321000000,桓台县,山东省-淄博市-桓台县,,False
1983,撤县设市,3,372521000000,聊城县,山东省-聊城地区-聊城县,372501000000,聊城市,山东省-聊城地区-聊城市,,False
1983,撤县设市,3,372528000000,临清县,山东省-聊城地区-临清县,372502000000,临清市,山东省-聊城地区-临清市,,False
1983,撤销,3,372621000000,莱芜县,山东省-泰安地区-莱芜县,,,,,False
1983,撤县设市,3,372622000000,新泰县,山东省-泰安地区-新泰县,372603000000,新泰市,山东省-泰安地区-新泰市,,False
1983,撤地设市,2,372700000000,济宁地区,山东省-济宁地区,370800000000,济宁市,山东省-济宁市,,False
1983,撤销,3,372701000000,济宁市,山东省-济宁地区-济宁市,,,,,False
1983,撤销,3,372721000000,济宁县,山东省-济宁地区-济宁县,,,,,False
1983,同名改码,3,372722000000,兖州县,山东省-济宁地区-兖州县,370822000000,兖州县,山东省-济宁市-兖州县,,False
1983,同名改码,3,372723000000,曲阜县,山东省-济宁地区-曲阜县,370823000000,曲阜县,山东省-济宁市-曲阜县,,False
1983,同名改码,3,372724000000,泗水县,山东省-济宁地区-泗水县,372630000000,泗水县,山东省-泰安地区-泗水县,,False
1983,同名改码,3,372725000000,邹县,山东省-济宁地区-邹县,370825000000,邹县,山东省-济宁市-邹县,,False
1983,同名改码,3,372726000000,微山县,山东省-济宁地区-微山县,370826000000,微山县,山东省-济宁市-微山县,,False
1983,同名改码,3,372727000000,鱼台县,山东省-济宁地区-鱼台县,370827000000,鱼台县,山东省-济宁市-鱼台县,,False
1983,同名改码,3,372728000000,金乡县,山东省-济宁地区-金乡县,370828000000,金乡县,山东省-济宁市-金乡县,,False
1983,同名改码,3,372729000000,嘉祥县,山东省-济宁地区-嘉祥县,370829000000,嘉祥县,山东省-济宁市-嘉祥县,,False
1983,同名改码,3,372730000000,汶上县,山东省-济宁地区-汶上县,372629000000,汶上县,山东省-泰安地区-汶上县,,False
1983,撤县设市,3,372821000000,临沂县,山东省-临沂地区-临沂县,372801000000,临沂市,山东省-临沂地区-临沂市,,False
1983,撤县设市,3,372921000000,菏泽县,山东省-菏泽地区-菏泽县,372901000000,菏泽市,山东省-菏泽地区-菏泽市,,False
1983,撤销,2,412100000000,安阳地区,河南省-安阳地区,,,,,False
1983,撤销,3,412126000000,濮阳县,河南省-安阳地区-濮阳县,,,,,False
1983,同名改码,3,412127000000,滑县,河南省-安阳地区-滑县,410921000000,滑县,河南省-濮阳市-滑县,,False
1983,同名改码,3,412128000000,清丰县,河南省-安阳地区-清丰县,410922000000,清丰县,河南省-濮阳市-清丰县,,False
1983,同名改码,3,412129000000,南乐县,河南省-安阳地区-南乐县,410923000000,南乐县,河南省-濮阳市-南乐县,,False
1983,同名改码,3,412130000000,内黄县,河南省-安阳地区-内黄县,410924000000,内黄县,河南省-濮阳市-内黄县,,False
1983,同名改码,3,412131000000,长垣县,河南省-安阳地区-长垣县,410925000000,长垣县,河南省-濮阳市-长垣县,,False
1983,同名改码,3,412132000000,范县,河南省-安阳地区-范县,410926000000,范县,河南省-濮阳市-范县,,False
1983,同名改码,3,412133000000,台前县,河南省-安阳地区-台前县,410927000000,台前县,河南省-濮阳市-台前县,,False
1983,区划调整,3,412201000000,新乡市,河南省-新乡地区-新乡市,410721000000,新乡县,河南省-新乡市-新乡县,,False
1983,同名改码,3,412202000000,红旗区,河南省-新乡地区-红旗区,410702000000,红旗区,河南省-新乡市-红旗区,,False
1983,同名改码,3,412203000000,新华区,河南省-新乡地区-新华区,410703000000,新华区,河南省-新乡市-新华区,,False
1983,同名改码,3,412204000000,北站区,河南省-新乡地区-北站区,410704000000,北站区,河南省-新乡市-北站区,,False
1983,同名改码,3,412211000000,郊区,河南省-新乡地区-郊区,320211000000,郊区,江苏省-无锡市-郊区,,False
1983,同名改码,3,412222000000,博爱县,河南省-新乡地区-博爱县,410822000000,博爱县,河南省-焦作市-博爱县,,False
1983,同名改码,3,412227000000,修武县,河南省-新乡地区-修武县,410821000000,修武县,河南省-焦作市-修武县,,False
1983,撤销,3,412229000000,新乡县,河南省-新乡地区-新乡县,,,,,False
1983,同名改码,3,412231000000,汲县,河南省-新乡地区-汲县,410722000000,汲县,河南省-新乡市-汲县,,False
1983,撤销,2,412400000000,开封地区,河南省-开封地区,,,,,False
1983,同名改码,3,412421000000,杞县,河南省-开封地区-杞县,410221000000,杞县,河南省-开封市-杞县,,False
1983,同名改码,3,412422000000,通许县,河南省-开封地区-通许县,410222000000,通许县,河南省-开封市-通许县,,False
1983,同名改码,3,412423000000,尉氏县,河南省-开封地区-尉氏县,410223000000,尉氏县,河南省-开封市-尉氏县,,False
1983,同名改码,3,412424000000,开封县,河南省-开封地区-开封县,410224000000,开封县,河南省-开封市-开封县,,False
1983,同名改码,3,412425000000,中牟县,河南省-开封地区-中牟县,410122000000,中牟县,河南省-郑州市-中牟县,,False
1983,同名改码,3,412426000000,巩县,河南省-开封地区-巩县,410124000000,巩县,河南省-郑州市-巩县,,False
1983,同名改码,3,412427000000,登封县,河南省-开封地区-登封县,410125000000,登封县,河南省-郑州市-登封县,,False
1983,同名改码,3,412428000000,新郑县,河南省-开封地区-新郑县,410123000000,新郑县,河南省-郑州市-新郑县,,False
1983,同名改码,3,412429000000,密县,河南省-开封地区-密县,410126000000,密县,河南省-郑州市-密县,,False
1983,同名改码,3,412430000000,兰考县,河南省-开封地区-兰考县,410225000000,兰考县,河南省-开封市-兰考县,,False
1983,同名改码,3,412521000000,偃师县,河南省-洛阳地区-偃师县,410321000000,偃师县,河南省-洛阳市-偃师县,,False
1983,同名改码,3,412522000000,孟津县,河南省-洛阳地区-孟津县,410322000000,孟津县,河南省-洛阳市-孟津县,,False
1983,同名改码,3,412523000000,新安县,河南省-洛阳地区-新安县,410323000000,新安县,河南省-洛阳市-新安县,,False
1983,同名改码,3,412628000000,宝丰县,河南省-许昌地区-宝丰县,410421000000,宝丰县,河南省-平顶山市-宝丰县,,False
1983,同名改码,3,412630000000,叶县,河南省-许昌地区-叶县,410422000000,叶县,河南省-平顶山市-叶县,,False
1983,同名改码,3,412631000000,鲁山县,河南省-许昌地区-鲁山县,410423000000,鲁山县,河南省-平顶山市-鲁山县,,False
1983,同名改码,3,420211000000,郊区,湖北省-黄石市-郊区,320411000000,郊区,江苏省-常州市-郊区,,False
1983,撤销,3,422101000000,鄂城市,湖北省-黄冈地区-鄂城市,,,,,False
1983,同名改码,3,422122000000,新洲县,湖北省-黄冈地区-新洲县,420124000000,新洲县,湖北省-武汉市-新洲县,,False
1983,撤销,3,422131000000,鄂城县,湖北省-黄冈地区-鄂城县,,,,,False
1983,撤县设市,3,422221000000,孝感县,湖北省-孝感地区-孝感县,422201000000,孝感市,湖北省-孝感地区-孝感市,,False
1983,同名改码,3,422222000000,黄陂县,湖北省-孝感地区-黄陂县,420123000000,黄陂县,湖北省-武汉市-黄陂县,,False
1983,撤县设市,3,422321000000,咸宁县,湖北省-咸宁地区-咸宁县,422301000000,咸宁市,湖北省-咸宁地区-咸宁市,,False
1983,撤销,3,422401000000,荆门市,湖北省-荆州地区-荆门市,,,,,False
1983,撤销,3,422430000000,荆门县,湖北省-荆州地区-荆门县,,,,,False
1983,撤销,2,422500000000,襄阳地区,湖北省-襄阳地区,,,,,False
1983,同名改码,3,422501000000,随州市,湖北省-襄阳地区-随州市,420901000000,随州市,湖北省-襄阳地区-随州市,,False
1983,同名改码,3,422502000000,老河口市,湖北省-襄阳地区-老河口市,421001000000,老河口市,湖北省-襄阳地区-老河口市,,False
1983,撤销,3,422521000000,樊阳县,湖北省-襄阳地区-樊阳县,,,,,False
1983,同名改码,3,422522000000,枣阳县,湖北省-襄阳地区-枣阳县,420622000000,枣阳县,湖北省-襄樊市-枣阳县,,False
1983,撤销,3,422523000000,随县,湖北省-襄阳地区-随县,,,,,False
1983,同名改码,3,422524000000,宜城县,湖北省-襄阳地区-宜城县,420623000000,宜城县,湖北省-襄樊市-宜城县,,False
1983,同名改码,3,422525000000,南漳县,湖北省-襄阳地区-南漳县,420624000000,南漳县,湖北省-襄樊市-南漳县,,False
1983,撤销,3,422526000000,光化县,湖北省-襄阳地区-光化县,,,,,False
1983,同名改码,3,422527000000,谷城县,湖北省-襄阳地区-谷城县,420625000000,谷城县,湖北省-襄樊市-谷城县,,False
1983,同名改码,3,422528000000,保康县,湖北省-襄阳地区-保康县,420626000000,保康县,湖北省-襄樊市-保康县,,False
1983,撤销,3,422621000000,均县,湖北省-郧阳地区-均县,,,,,False
1983,同名改码,3,422627000000,神农架林区,湖北省-郧阳地区-神农架林区,422921000000,神农架林区,湖北省-郧阳地区-神农架林区,,False
1983,撤销,3,422821000000,恩施县,湖北省-恩施地区-恩施县,,,,,False
1983,撤销,2,432100000000,湘潭地区,湖南省-湘潭地区,,,,,False
1983,同名改码,3,432121000000,湘潭县,湖南省-湘潭地区-湘潭县,430421000000,湘潭县,湖南省-湘潭市-湘潭县,,False
1983,同名改码,3,432122000000,湘乡县,湖南省-湘潭地区-湘乡县,430422000000,湘乡县,湖南省-湘潭市-湘乡县,,False
1983,同名改码,3,432123000000,醴陵县,湖南省-湘潭地区-醴陵县,430222000000,醴陵县,湖南省-株洲市-醴陵县,,False
1983,同名改码,3,432124000000,浏阳县,湖南省-湘潭地区-浏阳县,430123000000,浏阳县,湖南省-长沙市-浏阳县,,False
1983,同名改码,3,432125000000,攸县,湖南省-湘潭地区-攸县,430223000000,攸县,湖南省-株洲市-攸县,,False
1983,同名改码,3,432126000000,茶陵县,湖南省-湘潭地区-茶陵县,430224000000,茶陵县,湖南省-株洲市-茶陵县,,False
1983,同名改码,3,432127000000,酃县,湖南省-湘潭地区-酃县,430225000000,酃县,湖南省-株洲市-酃县,,False
1983,区划调整,3,432201000000,岳阳市,湖南省-岳阳地区-岳阳市,430621000000,岳阳县,湖南省-岳阳市-岳阳县,,False
1983,同名改码,3,432324000000,宁乡县,湖南省-益阳地区-宁乡县,430124000000,宁乡县,湖南省-长沙市-宁乡县,,False
1983,同名改码,3,432523000000,邵东县,湖南省-娄底地区-邵东县,430321000000,邵东县,湖南省-邵阳市-邵东县,,False
1983,同名改码,3,432525000000,新邵县,湖南省-娄底地区-新邵县,430322000000,新邵县,湖南省-邵阳市-新邵县,,False
1983,撤销,2,432700000000,衡阳地区,湖南省-衡阳地区,,,,,False
1983,同名改码,3,432721000000,衡阳县,湖南省-衡阳地区-衡阳县,430521000000,衡阳县,湖南省-衡阳市-衡阳县,,False
1983,同名改码,3,432722000000,衡南县,湖南省-衡阳地区-衡南县,430522000000,衡南县,湖南省-衡阳市-衡南县,,False
1983,同名改码,3,432723000000,衡山县,湖南省-衡阳地区-衡山县,430523000000,衡山县,湖南省-衡阳市-衡山县,,False
1983,同名改码,3,432724000000,衡东县,湖南省-衡阳地区-衡东县,430524000000,衡东县,湖南省-衡阳市-衡东县,,False
1983,同名改码,3,432725000000,常宁县,湖南省-衡阳地区-常宁县,430525000000,常宁县,湖南省-衡阳市-常宁县,,False
1983,同名改码,3,432726000000,祁东县,湖南省-衡阳地区-祁东县,430526000000,祁东县,湖南省-衡阳市-祁东县,,False
1983,同名改码,3,432727000000,祁阳县,湖南省-衡阳地区-祁阳县,432930000000,祁阳县,湖南省-零陵地区-祁阳县,,False
1983,同名改码,3,432830000000,耒阳县,湖南省-郴州地区-耒阳县,430527000000,耒阳县,湖南省-衡阳市-耒阳县,,False
1983,撤销,2,441000000000,海口市,广东省-海口市,,,,,False
1983,撤销,3,441002000000,新华区,广东省-海口市-新华区,,,,,False
1983,撤销,3,441003000000,立新区,广东省-海口市-立新区,,,,,False
1983,撤销,3,441004000000,东方红区,广东省-海口市-东方红区,,,,,False
1983,撤销,3,441005000000,秀英区,广东省-海口市-秀英区,,,,,False
1983,撤销,2,442300000000,汕头地区,广东省-汕头地区,,,,,False
1983,同名改码,3,442302000000,潮州市,广东省-汕头地区-潮州市,441001000000,潮州市,广东省-汕头地区-潮州市,,False
1983,撤销,3,442321000000,潮安县,广东省-汕头地区-潮安县,,,,,False
1983,同名改码,3,442322000000,澄海县,广东省-汕头地区-澄海县,440521000000,澄海县,广东省-汕头市-澄海县,,False
1983,同名改码,3,442323000000,饶平县,广东省-汕头地区-饶平县,440522000000,饶平县,广东省-汕头市-饶平县,,False
1983,同名改码,3,442324000000,南澳县,广东省-汕头地区-南澳县,440523000000,南澳县,广东省-汕头市-南澳县,,False
1983,同名改码,3,442325000000,潮阳县,广东省-汕头地区-潮阳县,440524000000,潮阳县,广东省-汕头市-潮阳县,,False
1983,同名改码,3,442326000000,揭阳县,广东省-汕头地区-揭阳县,440525000000,揭阳县,广东省-汕头市-揭阳县,,False
1983,同名改码,3,442327000000,揭西县,广东省-汕头地区-揭西县,440526000000,揭西县,广东省-汕头市-揭西县,,False
1983,同名改码,3,442328000000,普宁县,广东省-汕头地区-普宁县,440527000000,普宁县,广东省-汕头市-普宁县,,False
1983,同名改码,3,442329000000,惠来县,广东省-汕头地区-惠来县,440528000000,惠来县,广东省-汕头市-惠来县,,False
1983,同名改码,3,442330000000,陆丰县,广东省-汕头地区-陆丰县,442530000000,陆丰县,广东省-惠阳地区-陆丰县,,False
1983,同名改码,3,442331000000,海丰县,广东省-汕头地区-海丰县,442531000000,海丰县,广东省-惠阳地区-海丰县,,False
1983,撤销,3,442421000000,梅县,广东省-梅县地区-梅县,,,,,False
1983,撤销,2,442600000000,韶关地区,广东省-韶关地区,,,,,False
1983,同名改码,3,442621000000,始兴县,广东省-韶关地区-始兴县,440222000000,始兴县,广东省-韶关市-始兴县,,False
1983,同名改码,3,442622000000,南雄县,广东省-韶关地区-南雄县,440223000000,南雄县,广东省-韶关市-南雄县,,False
1983,同名改码,3,442623000000,仁化县,广东省-韶关地区-仁化县,440224000000,仁化县,广东省-韶关市-仁化县,,False
1983,同名改码,3,442624000000,乐昌县,广东省-韶关地区-乐昌县,440225000000,乐昌县,广东省-韶关市-乐昌县,,False
1983,同名改码,3,442625000000,连县,广东省-韶关地区-连县,440226000000,连县,广东省-韶关市-连县,,False
1983,同名改码,3,442626000000,阳山县,广东省-韶关地区-阳山县,440227000000,阳山县,广东省-韶关市-阳山县,,False
1983,同名改码,3,442627000000,英德县,广东省-韶关地区-英德县,440228000000,英德县,广东省-韶关市-英德县,,False
1983,同名改码,3,442628000000,清远县,广东省-韶关地区-清远县,440127000000,清远县,广东省-广州市-清远县,,False
1983,同名改码,3,442629000000,佛冈县,广东省-韶关地区-佛冈县,440128000000,佛冈县,广东省-广州市-佛冈县,,False
1983,同名改码,3,442630000000,翁源县,广东省-韶关地区-翁源县,440229000000,翁源县,广东省-韶关市-翁源县,,False
1983,同名改码,3,442631000000,连山壮族瑶族自治县,广东省-韶关地区-连山壮族瑶族自治县,440230000000,连山壮族瑶族自治县,广东省-韶关市-连山壮族瑶族自治县,,False
1983,同名改码,3,442632000000,连南瑶族自治县,广东省-韶关地区-连南瑶族自治县,440231000000,连南瑶族自治县,广东省-韶关市-连南瑶族自治县,,False
1983,同名改码,3,442633000000,乳源瑶族自治县,广东省-韶关地区-乳源瑶族自治县,440232000000,乳源瑶族自治县,广东省-韶关市-乳源瑶族自治县,,False
1983,撤销,2,442700000000,佛山地区,广东省-佛山地区,,,,,False
1983,同名改码,3,442721000000,三水县,广东省-佛山地区-三水县,440621000000,三水县,广东省-佛山市-三水县,,False
1983,同名改码,3,442722000000,南海县,广东省-佛山地区-南海县,440622000000,南海县,广东省-佛山市-南海县,,False
1983,同名改码,3,442723000000,顺德县,广东省-佛山地区-顺德县,440623000000,顺德县,广东省-佛山市-顺德县,,False
1983,撤县设市,3,442724000000,中山县,广东省-佛山地区-中山县,440620000000,中山市,广东省-佛山市-中山市,,False
1983,同名改码,3,442725000000,斗门县,广东省-佛山地区-斗门县,440421000000,斗门县,广东省-珠海市-斗门县,,False
1983,同名改码,3,442726000000,新会县,广东省-佛山地区-新会县,440721000000,新会县,广东省-江门市-新会县,,False
1983,同名改码,3,442727000000,台山县,广东省-佛山地区-台山县,440722000000,台山县,广东省-江门市-台山县,,False
1983,同名改码,3,442728000000,恩平县,广东省-佛山地区-恩平县,440723000000,恩平县,广东省-江门市-恩平县,,False
1983,同名改码,3,442729000000,开平县,广东省-佛山地区-开平县,440724000000,开平县,广东省-江门市-开平县,,False
1983,同名改码,3,442731000000,鹤山县,广东省-佛山地区-鹤山县,440725000000,鹤山县,广东省-江门市-鹤山县,,False
1983,同名改码,3,442732000000,高明县,广东省-佛山地区-高明县,440624000000,高明县,广东省-佛山市-高明县,,False
1983,撤销,2,442900000000,湛江地区,广东省-湛江地区,,,,,False
1983,同名改码,3,442921000000,阳江县,广东省-湛江地区-阳江县,440726000000,阳江县,广东省-江门市-阳江县,,False
1983,同名改码,3,442922000000,阳春县,广东省-湛江地区-阳春县,440727000000,阳春县,广东省-江门市-阳春县,,False
1983,同名改码,3,442923000000,信宜县,广东省-湛江地区-信宜县,440921000000,信宜县,广东省-茂名市-信宜县,,False
1983,同名改码,3,442924000000,高州县,广东省-湛江地区-高州县,440922000000,高州县,广东省-茂名市-高州县,,False
1983,同名改码,3,442925000000,电白县,广东省-湛江地区-电白县,440923000000,电白县,广东省-茂名市-电白县,,False
1983,同名改码,3,442926000000,吴川县,广东省-湛江地区-吴川县,440821000000,吴川县,广东省-湛江市-吴川县,,False
1983,同名改码,3,442927000000,化州县,广东省-湛江地区-化州县,440924000000,化州县,广东省-茂名市-化州县,,False
1983,同名改码,3,442928000000,廉江县,广东省-湛江地区-廉江县,440822000000,廉江县,广东省-湛江市-廉江县,,False
1983,同名改码,3,442929000000,遂溪县,广东省-湛江地区-遂溪县,440823000000,遂溪县,广东省-湛江市-遂溪县,,False
1983,同名改码,3,442930000000,海康县,广东省-湛江地区-海康县,440824000000,海康县,广东省-湛江市-海康县,,False
1983,同名改码,3,442931000000,徐闻县,广东省-湛江地区-徐闻县,440825000000,徐闻县,广东省-湛江市-徐闻县,,False
1983,同名改码,3,452121000000,邕宁县,广西壮族自治区-南宁地区-邕宁县,450121000000,邕宁县,广西壮族自治区-南宁市-邕宁县,,False
1983,同名改码,3,452125000000,武鸣县,广西壮族自治区-南宁地区-武鸣县,450122000000,武鸣县,广西壮族自治区-南宁市-武鸣县,,False
1983,同名改码,3,452221000000,柳江县,广西壮族自治区-柳州地区-柳江县,450221000000,柳江县,广西壮族自治区-柳州市-柳江县,,False
1983,同名改码,3,452222000000,柳城县,广西壮族自治区-柳州地区-柳城县,450222000000,柳城县,广西壮族自治区-柳州市-柳城县,,False
1983,同名改码,3,452321000000,临桂县,广西壮族自治区-桂林地区-临桂县,450322000000,临桂县,广西壮族自治区-桂林市-临桂县,,False
1983,同名改码,3,452422000000,苍梧县,广西壮族自治区-梧州地区-苍梧县,450421000000,苍梧县,广西壮族自治区-梧州市-苍梧县,,False
1983,撤县设市,3,452521000000,玉林县,广西壮族自治区-玉林地区-玉林县,452501000000,玉林市,广西壮族自治区-玉林地区-玉林市,,False
1983,撤县设市,3,452621000000,百色县,广西壮族自治区-百色地区-百色县,452601000000,百色市,广西壮族自治区-百色地区-百色市,,False
1983,撤县设市,3,452721000000,河池县,广西壮族自治区-河池地区-河池县,452701000000,河池市,广西壮族自治区-河池地区-河池市,,False
1983,撤销,3,452801000000,北海市,广西壮族自治区-钦州地区-北海市,,,,,False
1983,撤县设市,3,452823000000,钦州县,广西壮族自治区-钦州地区-钦州县,452802000000,钦州市,广西壮族自治区-钦州地区-钦州市,,False
1983,撤销,2,512100000000,永川地区,四川省-永川地区,,,,,False
1983,同名改码,3,512121000000,江津县,四川省-永川地区-江津县,510225000000,江津县,四川省-重庆市-江津县,,False
1983,同名改码,3,512122000000,合川县,四川省-永川地区-合川县,510226000000,合川县,四川省-重庆市-合川县,,False
1983,同名改码,3,512123000000,潼南县,四川省-永川地区-潼南县,510227000000,潼南县,四川省-重庆市-潼南县,,False
1983,同名改码,3,512124000000,铜梁县,四川省-永川地区-铜梁县,510228000000,铜梁县,四川省-重庆市-铜梁县,,False
1983,同名改码,3,512125000000,永川县,四川省-永川地区-永川县,510229000000,永川县,四川省-重庆市-永川县,,False
1983,同名改码,3,512126000000,大足县,四川省-永川地区-大足县,510230000000,大足县,四川省-重庆市-大足县,,False
1983,同名改码,3,512127000000,荣昌县,四川省-永川地区-荣昌县,510231000000,荣昌县,四川省-重庆市-荣昌县,,False
1983,同名改码,3,512128000000,璧山县,四川省-永川地区-璧山县,510232000000,璧山县,四川省-重庆市-璧山县,,False
1983,撤县设市,3,512321000000,涪陵县,四川省-涪陵地区-涪陵县,512301000000,涪陵市,四川省-涪陵地区-涪陵市,,False
1983,撤销,3,512502000000,泸州市,四川省-宜宾地区-泸州市,,,,,False
1983,同名改码,3,512521000000,泸县,四川省-宜宾地区-泸县,510521000000,泸县,四川省-泸州市-泸县,,False
1983,同名改码,3,512522000000,富顺县,四川省-宜宾地区-富顺县,510322000000,富顺县,四川省-自贡市-富顺县,,False
1983,同名改码,3,512523000000,合江县,四川省-宜宾地区-合江县,510522000000,合江县,四川省-泸州市-合江县,,False
1983,同名改码,3,512524000000,纳溪县,四川省-宜宾地区-纳溪县,510523000000,纳溪县,四川省-泸州市-纳溪县,,False
1983,撤销,2,512700000000,温江地区,四川省-温江地区,,,,,False
1983,同名改码,3,512721000000,温江县,四川省-温江地区-温江县,510123000000,温江县,四川省-成都市-温江县,,False
1983,同名改码,3,512722000000,郫县,四川省-温江地区-郫县,510124000000,郫县,四川省-成都市-郫县,,False
1983,同名改码,3,512723000000,新都县,四川省-温江地区-新都县,510125000000,新都县,四川省-成都市-新都县,,False
1983,同名改码,3,512724000000,广汉县,四川省-温江地区-广汉县,510624000000,广汉县,四川省-德阳市-广汉县,,False
1983,同名改码,3,512725000000,什邡县,四川省-温江地区-什邡县,510625000000,什邡县,四川省-德阳市-什邡县,,False
1983,同名改码,3,512726000000,彭县,四川省-温江地区-彭县,510126000000,彭县,四川省-成都市-彭县,,False
1983,同名改码,3,512727000000,灌县,四川省-温江地区-灌县,510127000000,灌县,四川省-成都市-灌县,,False
1983,同名改码,3,512728000000,崇庆县,四川省-温江地区-崇庆县,510128000000,崇庆县,四川省-成都市-崇庆县,,False
1983,同名改码,3,512729000000,大邑县,四川省-温江地区-大邑县,510129000000,大邑县,四川省-成都市-大邑县,,False
1983,同名改码,3,512730000000,邛崃县,四川省-温江地区-邛崃县,510130000000,邛崃县,四川省-成都市-邛崃县,,False
1983,同名改码,3,512731000000,蒲江县,四川省-温江地区-蒲江县,510131000000,蒲江县,四川省-成都市-蒲江县,,False
1983,同名改码,3,512732000000,新津县,四川省-温江地区-新津县,510132000000,新津县,四川省-成都市-新津县,,False
1983,同名改码,3,512802000000,市中区,四川省-绵阳地区-市中区,370802000000,市中区,山东省-济宁市-市中区,,False
1983,同名改码,3,512821000000,德阳县,四川省-绵阳地区-德阳县,510621000000,德阳县,四川省-德阳市-德阳县,,False
1983,同名改码,3,512822000000,绵竹县,四川省-绵阳地区-绵竹县,510622000000,绵竹县,四川省-德阳市-绵竹县,,False
1983,同名改码,3,512834000000,中江县,四川省-绵阳地区-中江县,510623000000,中江县,四川省-德阳市-中江县,,False
1983,撤县设市,3,513121000000,雅安县,四川省-雅安地区-雅安县,513101000000,雅安市,四川省-雅安地区-雅安市,,False
1983,撤县设市,3,522621000000,凯里县,贵州省-黔东南苗族侗族自治州-凯里县,522601000000,凯里市,贵州省-黔东南苗族侗族自治州-凯里市,,False
1983,撤销,3,522721000000,都匀县,贵州省-黔南布依族苗族自治州-都匀县,,,,,False
1983,撤销,3,532121000000,昭通县,云南省-昭通地区-昭通县,,,,,False
1983,撤县设市,3,532221000000,曲靖县,云南省-曲靖地区-曲靖县,532201000000,曲靖市,云南省-曲靖地区-曲靖市,,False
1983,撤销,3,532222000000,沾益县,云南省-曲靖地区-沾益县,,,,,False
1983,同名改码,3,532229000000,宜良县,云南省-曲靖地区-宜良县,530125000000,宜良县,云南省-昆明市-宜良县,,False
1983,同名改码,3,532230000000,路南彝族自治县,云南省-曲靖地区-路南彝族自治县,530126000000,路南彝族自治县,云南省-昆明市-路南彝族自治县,,False
1983,同名改码,3,532232000000,嵩明县,云南省-曲靖地区-嵩明县,530127000000,嵩明县,云南省-昆明市-嵩明县,,False
1983,撤县设市,3,532321000000,楚雄县,云南省-楚雄彝族自治州-楚雄县,532301000000,楚雄市,云南省-楚雄彝族自治州-楚雄市,,False
1983,同名改码,3,532330000000,禄劝县,云南省-楚雄彝族自治州-禄劝县,530128000000,禄劝县,云南省-昆明市-禄劝县,,False
1983,撤县设市,3,532421000000,玉溪县,云南省-玉溪地区-玉溪县,532401000000,玉溪市,云南省-玉溪地区-玉溪市,,False
1983,撤销,3,532921000000,大理县,云南省-大理白族自治州-大理县,,,,,False
1983,撤县设市,3,533021000000,保山县,云南省-保山地区-保山县,533001000000,保山市,云南省-保山地区-保山市,,False
1983,同名改码,3,540128000000,工布江达县,西藏自治区-拉萨市-工布江达县,542622000000,工布江达县,西藏自治区-林芝地区-工布江达县,,False
1983,同名改码,3,540129000000,林芝县,西藏自治区-拉萨市-林芝县,542621000000,林芝县,西藏自治区-林芝地区-林芝县,,False
1983,同名改码,3,540130000000,米林县,西藏自治区-拉萨市-米林县,542623000000,米林县,西藏自治区-林芝地区-米林县,,False
1983,同名改码,3,540131000000,墨脱县,西藏自治区-拉萨市-墨脱县,542624000000,墨脱县,西藏自治区-林芝地区-墨脱县,,False
1983,同名改码,3,542130000000,波密县,西藏自治区-昌都地区-波密县,542625000000,波密县,西藏自治区-林芝地区-波密县,,False
1983,同名改码,3,542131000000,察隅县,西藏自治区-昌都地区-察隅县,542626000000,察隅县,西藏自治区-林芝地区-察隅县,,False
1983,同名改码,3,542230000000,朗县,西藏自治区-山南地区-朗县,542627000000,朗县,西藏自治区-林芝地区-朗县,,False
1983,同名改码,3,542233000000,浪卡子县,西藏自治区-山南地区-浪卡子县,542722000000,浪卡子县,西藏自治区-江孜地区-浪卡子县,,False
1983,同名改码,3,542323000000,江孜县,西藏自治区-日喀则地区-江孜县,542721000000,江孜县,西藏自治区-江孜地区-江孜县,,False
1983,同名改码,3,542329000000,白朗县,西藏自治区-日喀则地区-白朗县,542723000000,白朗县,西藏自治区-江孜地区-白朗县,,False
1983,同名改码,3,542330000000,仁布县,西藏自治区-日喀则地区-仁布县,542724000000,仁布县,西藏自治区-江孜地区-仁布县,,False
1983,同名改码,3,542331000000,康马县,西藏自治区-日喀则地区-康马县,542725000000,康马县,西藏自治区-江孜地区-康马县,,False
1983,同名改码,3,542334000000,亚东县,西藏自治区-日喀则地区-亚东县,542726000000,亚东县,西藏自治区-江孜地区-亚东县,,False
1983,同名改码,3,542338000000,岗巴县,西藏自治区-日喀则地区-岗巴县,542727000000,岗巴县,西藏自治区-江孜地区-岗巴县,,False
1983,同名改码,3,610304000000,杨陵区,陕西省-宝鸡市-杨陵区,610403000000,杨陵区,陕西省-宝鸡市-杨陵区,,False
1983,同名改码,3,610325000000,武功县,陕西省-宝鸡市-武功县,610431000000,武功县,陕西省-宝鸡市-武功县,,False
1983,同名改码,3,612121000000,蓝田县,陕西省-渭南地区-蓝田县,610122000000,蓝田县,陕西省-西安市-蓝田县,,False
1983,同名改码,3,612122000000,临潼县,陕西省-渭南地区-临潼县,610123000000,临潼县,陕西省-西安市-临潼县,,False
1983,撤县设市,3,612123000000,渭南县,陕西省-渭南地区-渭南县,612101000000,渭南市,陕西省-渭南地区-渭南市,,False
1983,撤县设市,3,612131000000,韩城县,陕西省-渭南地区-韩城县,612102000000,韩城市,陕西省-渭南地区-韩城市,,False
1983,撤销,2,612200000000,咸阳地区,陕西省-咸阳地区,,,,,False
1983,同名改码,3,612201000000,咸阳市,陕西省-咸阳地区-咸阳市,610401000000,咸阳市,陕西省-咸阳地区-咸阳市,,False
1983,同名改码,3,612221000000,兴平县,陕西省-咸阳地区-兴平县,610421000000,兴平县,陕西省-咸阳地区-兴平县,,False
1983,同名改码,3,612222000000,周至县,陕西省-咸阳地区-周至县,610124000000,周至县,陕西省-西安市-周至县,,False
1983,同名改码,3,612223000000,户县,陕西省-咸阳地区-户县,610125000000,户县,陕西省-西安市-户县,,False
1983,同名改码,3,612224000000,三原县,陕西省-咸阳地区-三原县,610422000000,三原县,陕西省-咸阳地区-三原县,,False
1983,同名改码,3,612225000000,泾阳县,陕西省-咸阳地区-泾阳县,610423000000,泾阳县,陕西省-咸阳地区-泾阳县,,False
1983,同名改码,3,612226000000,高陵县,陕西省-咸阳地区-高陵县,610126000000,高陵县,陕西省-西安市-高陵县,,False
1983,同名改码,3,612227000000,乾县,陕西省-咸阳地区-乾县,610424000000,乾县,陕西省-咸阳地区-乾县,,False
1983,同名改码,3,612228000000,礼泉县,陕西省-咸阳地区-礼泉县,610425000000,礼泉县,陕西省-咸阳地区-礼泉县,,False
1983,同名改码,3,612229000000,永寿县,陕西省-咸阳地区-永寿县,610426000000,永寿县,陕西省-咸阳地区-永寿县,,False
1983,同名改码,3,612230000000,彬县,陕西省-咸阳地区-彬县,610427000000,彬县,陕西省-咸阳地区-彬县,,False
1983,同名改码,3,612231000000,长武县,陕西省-咸阳地区-长武县,610428000000,长武县,陕西省-咸阳地区-长武县,,False
1983,同名改码,3,612232000000,旬邑县,陕西省-咸阳地区-旬邑县,610429000000,旬邑县,陕西省-咸阳地区-旬邑县,,False
1983,同名改码,3,612233000000,淳化县,陕西省-咸阳地区-淳化县,610430000000,淳化县,陕西省-咸阳地区-淳化县,,False
1983,同名改码,3,612633000000,宜君县,陕西省-延安地区-宜君县,610222000000,宜君县,陕西省-铜川市-宜君县,,False
1983,撤县设市,3,622721000000,平凉县,甘肃省-平凉地区-平凉县,622701000000,平凉市,甘肃省-平凉地区-平凉市,,False
1983,撤县设市,3,642121000000,吴忠县,宁夏回族自治区-银南地区-吴忠县,642101000000,吴忠市,宁夏回族自治区-银南地区-吴忠市,,False
1983,撤销,3,652221000000,哈密县,新疆维吾尔自治区-哈密地区-哈密县,,,,,False
1983,撤县设市,3,652321000000,昌吉县,新疆维吾尔自治区-昌吉回族自治州-昌吉县,652301000000,昌吉市,新疆维吾尔自治区-昌吉回族自治州-昌吉市,,False
1983,撤销,3,652402000000,一区,新疆维吾尔自治区-伊犁哈萨克自治州-一区,,,,,False
1983,撤销,3,652403000000,二区,新疆维吾尔自治区-伊犁哈萨克自治州-二区,,,,,False
1983,撤销,3,652821000000,库尔勒县,新疆维吾尔自治区-巴音郭楞蒙古自治州-库尔勒县,,,,,False
1983,撤县设市,3,652921000000,阿克苏县,新疆维吾尔自治区-阿克苏地区-阿克苏县,652901000000,阿克苏市,新疆维吾尔自治区-阿克苏地区-阿克苏市,,False
1983,新设,2,,,,130300000000,秦皇岛市,河北省-秦皇岛市,,False
1983,新设,2,,,,130400000000,邯郸市,河北省-邯郸市,,False
1983,新设,2,,,,130500000000,邢台市,河北省-邢台市,,False
1983,新设,2,,,,130600000000,保定市,河北省-保定市,,False
1983,新设,2,,,,130700000000,张家口市,河北省-张家口市,,False
1983,新设,2,,,,130800000000,承德市,河北省-承德市,,False
1983,新设,2,,,,130900000000,沧州市,河北省-沧州市,,False
1983,新设,2,,,,150400000000,赤峰市,内蒙古自治区-赤峰市,,False
1983,新设,3,,,,150402000000,红山区,内蒙古自治区-赤峰市-红山区,,False
1983,新设,3,,,,150403000000,元宝山区,内蒙古自治区-赤峰市-元宝山区,,False
1983,新设,3,,,,152103000000,扎兰屯市,内蒙古自治区-呼伦贝尔盟-扎兰屯市,,False
1983,新设,3,,,,152104000000,牙克石市,内蒙古自治区-呼伦贝尔盟-牙克石市,,False
1983,新设,3,,,,152502000000,锡林浩特市,内蒙古自治区-锡林郭勒盟-锡林浩特市,,False
1983,新设,3,,,,210905000000,清河门区,辽宁省-阜新市-清河门区,,False
1983,新设,3,,,,220301000000,铁西区,吉林省-四平市-铁西区,,False
1983,新设,3,,,,220302000000,铁东区,吉林省-四平市-铁东区,,False
1983,新设,2,,,,220400000000,辽源市,吉林省-辽源市,,False
1983,新设,3,,,,220401000000,龙山区,吉林省-辽源市-龙山区,,False
1983,新设,3,,,,220402000000,西安区,吉林省-辽源市-西安区,,False
1983,新设,3,,,,220422000000,东辽县,吉林省-辽源市-东辽县,,False
1983,新设,3,,,,222427000000,龙井县,吉林省-延边朝鲜族自治州-龙井县,,False
1983,新设,2,,,,230800000000,佳木斯市,黑龙江省-佳木斯市,,False
1983,新设,2,,,,230900000000,七台河市,黑龙江省-七台河市,,False
1983,新设,3,,,,231002000000,东安区,黑龙江省-牡丹江市-东安区,,False
1983,新设,3,,,,231005000000,西安区,黑龙江省-牡丹江市-西安区,,False
1983,新设,3,,,,232603000000,五大连池市,黑龙江省-黑河地区-五大连池市,,False
1983,新设,3,,,,320511000000,郊区,江苏省-苏州市-郊区,,False
1983,新设,3,,,,320802000000,清河区,江苏省-淮阴市-清河区,,False
1983,新设,3,,,,320811000000,清浦区,江苏省-淮阴市-清浦区,,False
1983,新设,3,,,,320902000000,城区,江苏省-盐城市-城区,,False
1983,新设,3,,,,320911000000,郊区,江苏省-盐城市-郊区,,False
1983,新设,3,,,,321002000000,广陵区,江苏省-扬州市-广陵区,,False
1983,新设,3,,,,321102000000,城区,江苏省-镇江市-城区,,False
1983,新设,3,,,,321111000000,郊区,江苏省-镇江市-郊区,,False
1983,新设,3,,,,330402000000,城区,浙江省-嘉兴市-城区,,False
1983,新设,3,,,,330411000000,郊区,浙江省-嘉兴市-郊区,,False
1983,新设,2,,,,330500000000,湖州市,浙江省-湖州市,,False
1983,新设,3,,,,330502000000,城区,浙江省-湖州市-城区,,False
1983,新设,3,,,,330511000000,郊区,浙江省-湖州市-郊区,,False
1983,新设,3,,,,330602000000,越城区,浙江省-绍兴市-越城区,,False
1983,新设,3,,,,332430000000,龙游县,浙江省-金华地区-龙游县,,False
1983,新设,3,,,,332431000000,磐安县,浙江省-金华地区-磐安县,,False
1983,新设,3,,,,340511000000,郊区,安徽省-马鞍山市-郊区,,False
1983,新设,3,,,,340901000000,黄山市,黄山市,,False
1983,新设,3,,,,350302000000,城厢区,福建省-莆田市-城厢区,,False
1983,新设,3,,,,350303000000,涵江区,福建省-莆田市-涵江区,,False
1983,新设,3,,,,350402000000,梅列区,福建省-三明市-梅列区,,False
1983,新设,3,,,,350403000000,三元区,福建省-三明市-三元区,,False
1983,新设,2,,,,360500000000,新余市,江西省-新余市,,False
1983,新设,3,,,,360502000000,渝水区,江西省-新余市-渝水区,,False
1983,新设,2,,,,360600000000,鹰潭市,江西省-鹰潭市,,False
1983,新设,3,,,,360602000000,月湖区,江西省-鹰潭市-月湖区,,False
1983,新设,3,,,,370602000000,芝罘区,山东省-烟台市-芝罘区,,False
1983,新设,3,,,,370702000000,潍城区,山东省-潍坊市-潍城区,,False
1983,新设,3,,,,370703000000,寒亭区,山东省-潍坊市-寒亭区,,False
1983,新设,3,,,,370704000000,坊子区,山东省-潍坊市-坊子区,,False
1983,新设,3,,,,370811000000,市郊区,山东省-济宁市-市郊区,,False
1983,新设,2,,,,410700000000,新乡市,河南省-新乡市,,False
1983,新设,3,,,,410711000000,郊区,河南省-新乡市-郊区,,False
1983,新设,2,,,,410900000000,濮阳市,河南省-濮阳市,,False
1983,新设,3,,,,420621000000,襄阳县,湖北省-襄樊市-襄阳县,,False
1983,新设,2,,,,420700000000,鄂州市,湖北省-鄂州市,,False
1983,新设,2,,,,420800000000,荆门市,湖北省-荆门市,,False
1983,新设,3,,,,422601000000,丹江口市,湖北省-郧阳地区-丹江口市,,False
1983,新设,2,,,,430600000000,岳阳市,湖南省-岳阳市,,False
1983,新设,3,,,,442101000000,海口市,广东省-海南行政区-海口市,,False
1983,新设,2,,,,450500000000,北海市,广西壮族自治区-北海市,,False
1983,新设,2,,,,510500000000,泸州市,四川省-泸州市,,False
1983,新设,2,,,,510600000000,德阳市,四川省-德阳市,,False
1983,新设,3,,,,542134000000,盐井县,西藏自治区-昌都地区-盐井县,,False
1983,新设,3,,,,542135000000,碧土县,西藏自治区-昌都地区-碧土县,,False
1983,新设,3,,,,542136000000,妥坝县,西藏自治区-昌都地区-妥坝县,,False
1983,新设,3,,,,542137000000,生达县,西藏自治区-昌都地区-生达县,,False
1983,新设,3,,,,542430000000,尼玛县,西藏自治区-那曲地区-尼玛县,,False
1983,新设,3,,,,542528000000,隆格尔县,西藏自治区-阿里地区-隆格尔县,,False
1983,新设,2,,,,542600000000,林芝地区,西藏自治区-林芝地区,,False
1983,新设,2,,,,542700000000,江孜地区,西藏自治区-江孜地区,,False
1983,新设,3,,,,610402000000,秦都区,秦都区,,False
1983,新设,3,,,,622901000000,临夏市,甘肃省-临夏回族自治州-临夏市,,False
1983,新设,3,,,,642226000000,彭阳县,宁夏回族自治区-固原地区-彭阳县,,False
1983,新设,3,,,,653201000000,和田市,新疆维吾尔自治区-和田地区-和田市,,False
1984,更名,3,130226000000,玉田县,河北省-唐山市-玉田县,130226000000,迁安县,河北省-唐山市-迁安县,,False
1984,更名,3,130227000000,唐海县,河北省-唐山市-唐海县,130227000000,迁西县,河北省-唐山市-迁西县,,False
1984,更名,3,130228000000,迁安县,河北省-唐山市-迁安县,130228000000,遵化县,河北省-唐山市-遵化县,,False
1984,更名,3,130229000000,迁西县,河北省-唐山市-迁西县,130229000000,玉田县,河北省-唐山市-玉田县,,False
1984,更名,3,130230000000,遵化县,河北省-唐山市-遵化县,130230000000,唐海县,河北省-唐山市-唐海县,,False
1984,更名,3,210311000000,郊区,辽宁省-鞍山市-郊区,210311000000,旧堡区,辽宁省-鞍山市-旧堡区,,False
1984,更名,3,210811000000,郊区,辽宁省-营口市-郊区,210811000000,老边区,辽宁省-营口市-老边区,,False
1984,更名,3,210911000000,郊区,辽宁省-阜新市-郊区,210911000000,细河区,辽宁省-阜新市-细河区,,False
1984,更名,3,211011000000,郊区,辽宁省-辽阳市-郊区,211011000000,太子河区,辽宁省-辽阳市-太子河区,,False
1984,更名,3,220302000000,铁东区,吉林省-四平市-铁东区,220302000000,铁西区,吉林省-四平市-铁西区,,False
1984,更名,3,220402000000,西安区,吉林省-辽源市-西安区,220402000000,龙山区,吉林省-辽源市-龙山区,,False
1984,更名,3,230121000000,阿城县,黑龙江省-哈尔滨市-阿城县,230121000000,呼兰县,黑龙江省-哈尔滨市-呼兰县,,False
1984,更名,3,230122000000,呼兰县,黑龙江省-哈尔滨市-呼兰县,230122000000,阿城县,黑龙江省-哈尔滨市-阿城县,,False
1984,更名,3,230207000000,华安区,黑龙江省-齐齐哈尔市-华安区,230207000000,碾子山区,黑龙江省-齐齐哈尔市-碾子山区,,False
1984,更名,3,230709000000,大丰区,黑龙江省-伊春市-大丰区,230709000000,金山屯区,黑龙江省-伊春市-金山屯区,,False
1984,更名,3,230711000000,乌敏河区,黑龙江省-伊春市-乌敏河区,230711000000,乌马河区,黑龙江省-伊春市-乌马河区,,False
1984,更名,3,230712000000,东风区,黑龙江省-伊春市-东风区,230712000000,汤旺河区,黑龙江省-伊春市-汤旺河区,,False
1984,更名,3,320114000000,雨花区,江苏省-南京市-雨花区,320114000000,雨花台区,江苏省-南京市-雨花台区,,False
1984,更名,3,321102000000,城区,江苏省-镇江市-城区,321102000000,京口区,江苏省-镇江市-京口区,,False
1984,更名,3,321111000000,郊区,江苏省-镇江市-郊区,321111000000,润州区,江苏省-镇江市-润州区,,False
1984,更名,3,330302000000,城区,浙江省-温州市-城区,330302000000,鹿城区,浙江省-温州市-鹿城区,,False
1984,更名,3,422728000000,长阳县,湖北省-宜昌地区-长阳县,422728000000,长阳土家族自治县,湖北省-宜昌地区-长阳土家族自治县,,False
1984,更名,3,422729000000,五峰县,湖北省-宜昌地区-五峰县,422729000000,五峰土家族自治县,湖北省-宜昌地区-五峰土家族自治县,,False
1984,更名,2,430300000000,邵阳市,湖南省-邵阳市,430300000000,湘潭市,湖南省-湘潭市,,False
1984,更名,3,430302000000,东区,湖南省-邵阳市-东区,430302000000,雨湖区,湖南省-湘潭市-雨湖区,,False
1984,更名,3,430303000000,西区,湖南省-邵阳市-西区,430303000000,湘江区,湖南省-湘潭市-湘江区,,False
1984,更名,3,430304000000,桥头区,湖南省-邵阳市-桥头区,430304000000,岳塘区,湖南省-湘潭市-岳塘区,,False
1984,更名,3,430321000000,邵东县,湖南省-邵阳市-邵东县,430321000000,湘潭县,湖南省-湘潭市-湘潭县,,False
1984,更名,3,430322000000,新邵县,湖南省-邵阳市-新邵县,430322000000,湘乡县,湖南省-湘潭市-湘乡县,,False
1984,更名,2,430400000000,湘潭市,湖南省-湘潭市,430400000000,衡阳市,湖南省-衡阳市,,False
1984,更名,3,430402000000,雨湖区,湖南省-湘潭市-雨湖区,430402000000,江东区,湖南省-衡阳市-江东区,,False
1984,更名,3,430403000000,湘江区,湖南省-湘潭市-湘江区,430403000000,城南区,湖南省-衡阳市-城南区,,False
1984,更名,3,430404000000,岳塘区,湖南省-湘潭市-岳塘区,430404000000,城北区,湖南省-衡阳市-城北区,,False
1984,更名,3,430421000000,湘潭县,湖南省-湘潭市-湘潭县,430421000000,衡阳县,湖南省-衡阳市-衡阳县,,False
1984,更名,3,430422000000,湘乡县,湖南省-湘潭市-湘乡县,430422000000,衡南县,湖南省-衡阳市-衡南县,,False
1984,更名,2,430500000000,衡阳市,湖南省-衡阳市,430500000000,邵阳市,湖南省-邵阳市,,False
1984,更名,3,430502000000,江东区,湖南省-衡阳市-江东区,430502000000,东区,湖南省-邵阳市-东区,,False
1984,更名,3,430503000000,城南区,湖南省-衡阳市-城南区,430503000000,西区,湖南省-邵阳市-西区,,False
1984,更名,3,430504000000,城北区,湖南省-衡阳市-城北区,430504000000,桥头区,湖南省-邵阳市-桥头区,,False
1984,更名,3,430521000000,衡阳县,湖南省-衡阳市-衡阳县,430521000000,邵东县,湖南省-邵阳市-邵东县,,False
1984,更名,3,430522000000,衡南县,湖南省-衡阳市-衡南县,430522000000,新邵县,湖南省-邵阳市-新邵县,,False
1984,更名,3,450405000000,鸳江区,广西壮族自治区-梧州市-鸳江区,450405000000,市郊区,广西壮族自治区-梧州市-市郊区,,False
1984,同名改码,3,130305000000,郊区,河北省-秦皇岛市-郊区,211111000000,郊区,辽宁省-盘锦市-郊区,,False
1984,同名改码,3,132905000000,泊头市,河北省-沧州地区-泊头市,132902000000,泊头市,河北省-沧州地区-泊头市,,False
1984,撤县设市,3,152821000000,临河县,内蒙古自治区-巴彦淖尔盟-临河县,152801000000,临河市,内蒙古自治区-巴彦淖尔盟-临河市,,False
1984,撤销,3,210511000000,立新区,辽宁省-本溪市-立新区,,,,,False
1984,撤县设区,3,210822000000,盘山县,辽宁省-营口市-盘山县,211102000000,盘山区,辽宁省-盘锦市-盘山区,,False
1984,同名改码,3,210823000000,大洼县,辽宁省-营口市-大洼县,211121000000,大洼县,辽宁省-盘锦市-大洼县,,False
1984,撤地设市,2,212100000000,铁岭地区,辽宁省-铁岭地区,211200000000,铁岭市,辽宁省-铁岭市,,False
1984,区划调整,3,212101000000,铁岭市,辽宁省-铁岭地区-铁岭市,211221000000,铁岭县,辽宁省-铁岭市-铁岭县,,False
1984,撤市设区,3,212102000000,铁法市,辽宁省-铁岭地区-铁法市,211203000000,铁法区,辽宁省-铁岭市-铁法区,,False
1984,撤销,3,212121000000,铁岭县,辽宁省-铁岭地区-铁岭县,,,,,False
1984,同名改码,3,212122000000,开原县,辽宁省-铁岭地区-开原县,211222000000,开原县,辽宁省-铁岭市-开原县,,False
1984,同名改码,3,212123000000,西丰县,辽宁省-铁岭地区-西丰县,211223000000,西丰县,辽宁省-铁岭市-西丰县,,False
1984,同名改码,3,212124000000,昌图县,辽宁省-铁岭地区-昌图县,211224000000,昌图县,辽宁省-铁岭市-昌图县,,False
1984,同名改码,3,212125000000,康平县,辽宁省-铁岭地区-康平县,211225000000,康平县,辽宁省-铁岭市-康平县,,False
1984,同名改码,3,212126000000,法库县,辽宁省-铁岭地区-法库县,211226000000,法库县,辽宁省-铁岭市-法库县,,False
1984,撤地设市,2,212200000000,朝阳地区,辽宁省-朝阳地区,211300000000,朝阳市,辽宁省-朝阳市,,False
1984,区划调整,3,212201000000,朝阳市,辽宁省-朝阳地区-朝阳市,211321000000,朝阳县,辽宁省-朝阳市-朝阳县,,False
1984,撤销,3,212221000000,朝阳县,辽宁省-朝阳地区-朝阳县,,,,,False
1984,同名改码,3,212222000000,建平县,辽宁省-朝阳地区-建平县,211322000000,建平县,辽宁省-朝阳市-建平县,,False
1984,同名改码,3,212223000000,凌源县,辽宁省-朝阳地区-凌源县,211323000000,凌源县,辽宁省-朝阳市-凌源县,,False
1984,同名改码,3,212224000000,喀喇沁左翼蒙古族自治县,辽宁省-朝阳地区-喀喇沁左翼蒙古族自治县,211324000000,喀喇沁左翼蒙古族自治县,辽宁省-朝阳市-喀喇沁左翼蒙古族自治县,,False
1984,同名改码,3,212225000000,建昌县,辽宁省-朝阳地区-建昌县,211325000000,建昌县,辽宁省-朝阳市-建昌县,,False
1984,同名改码,3,212226000000,北票县,辽宁省-朝阳地区-北票县,211326000000,北票县,辽宁省-朝阳市-北票县,,False
1984,同名改码,3,220301000000,铁西区,吉林省-四平市-铁西区,410504000000,铁西区,河南省-安阳市-铁西区,,False
1984,撤销,3,220401000000,龙山区,吉林省-辽源市-龙山区,,,,,False
1984,同名改码,3,222427000000,龙井县,吉林省-延边朝鲜族自治州-龙井县,222421000000,龙井县,吉林省-延边朝鲜族自治州-龙井县,,False
1984,同名改码,3,231006000000,爱民区,黑龙江省-牡丹江市-爱民区,231004000000,爱民区,黑龙江省-牡丹江市-爱民区,,False
1984,同名改码,3,231007000000,阳明区,黑龙江省-牡丹江市-阳明区,231003000000,阳明区,黑龙江省-牡丹江市-阳明区,,False
1984,同名改码,3,231101000000,绥芬河市,绥芬河市,231020000000,绥芬河市,黑龙江省-牡丹江市-绥芬河市,,False
1984,撤销,2,232200000000,嫩江地区,黑龙江省-嫩江地区,,,,,False
1984,同名改码,3,232221000000,龙江县,黑龙江省-嫩江地区-龙江县,230221000000,龙江县,黑龙江省-齐齐哈尔市-龙江县,,False
1984,同名改码,3,232222000000,讷河县,黑龙江省-嫩江地区-讷河县,230222000000,讷河县,黑龙江省-齐齐哈尔市-讷河县,,False
1984,同名改码,3,232223000000,依安县,黑龙江省-嫩江地区-依安县,230223000000,依安县,黑龙江省-齐齐哈尔市-依安县,,False
1984,同名改码,3,232224000000,泰来县,黑龙江省-嫩江地区-泰来县,230224000000,泰来县,黑龙江省-齐齐哈尔市-泰来县,,False
1984,同名改码,3,232225000000,甘南县,黑龙江省-嫩江地区-甘南县,230225000000,甘南县,黑龙江省-齐齐哈尔市-甘南县,,False
1984,同名改码,3,232226000000,杜尔伯特蒙古族自治县,黑龙江省-嫩江地区-杜尔伯特蒙古族自治县,230226000000,杜尔伯特蒙古族自治县,黑龙江省-齐齐哈尔市-杜尔伯特蒙古族自治县,,False
1984,同名改码,3,232227000000,富裕县,黑龙江省-嫩江地区-富裕县,230227000000,富裕县,黑龙江省-齐齐哈尔市-富裕县,,False
1984,同名改码,3,232228000000,林甸县,黑龙江省-嫩江地区-林甸县,230228000000,林甸县,黑龙江省-齐齐哈尔市-林甸县,,False
1984,同名改码,3,232229000000,克山县,黑龙江省-嫩江地区-克山县,230229000000,克山县,黑龙江省-齐齐哈尔市-克山县,,False
1984,同名改码,3,232230000000,克东县,黑龙江省-嫩江地区-克东县,230230000000,克东县,黑龙江省-齐齐哈尔市-克东县,,False
1984,同名改码,3,232231000000,拜泉县,黑龙江省-嫩江地区-拜泉县,230231000000,拜泉县,黑龙江省-齐齐哈尔市-拜泉县,,False
1984,撤县设市,3,232327000000,安达县,黑龙江省-绥化地区-安达县,232302000000,安达市,黑龙江省-绥化地区-安达市,,False
1984,撤销,2,232400000000,合江地区,黑龙江省-合江地区,,,,,False
1984,同名改码,3,232421000000,富锦县,黑龙江省-合江地区-富锦县,230821000000,富锦县,黑龙江省-佳木斯市-富锦县,,False
1984,同名改码,3,232422000000,桦南县,黑龙江省-合江地区-桦南县,230822000000,桦南县,黑龙江省-佳木斯市-桦南县,,False
1984,同名改码,3,232423000000,依兰县,黑龙江省-合江地区-依兰县,230823000000,依兰县,黑龙江省-佳木斯市-依兰县,,False
1984,同名改码,3,232425000000,集贤县,黑龙江省-合江地区-集贤县,230825000000,集贤县,黑龙江省-佳木斯市-集贤县,,False
1984,同名改码,3,232426000000,桦川县,黑龙江省-合江地区-桦川县,230826000000,桦川县,黑龙江省-佳木斯市-桦川县,,False
1984,同名改码,3,232427000000,宝清县,黑龙江省-合江地区-宝清县,230827000000,宝清县,黑龙江省-佳木斯市-宝清县,,False
1984,同名改码,3,232428000000,汤原县,黑龙江省-合江地区-汤原县,230828000000,汤原县,黑龙江省-佳木斯市-汤原县,,False
1984,同名改码,3,232429000000,绥滨县,黑龙江省-合江地区-绥滨县,230829000000,绥滨县,黑龙江省-佳木斯市-绥滨县,,False
1984,同名改码,3,232430000000,萝北县,黑龙江省-合江地区-萝北县,230830000000,萝北县,黑龙江省-佳木斯市-萝北县,,False
1984,同名改码,3,232431000000,同江县,黑龙江省-合江地区-同江县,230831000000,同江县,黑龙江省-佳木斯市-同江县,,False
1984,同名改码,3,232432000000,饶河县,黑龙江省-合江地区-饶河县,230832000000,饶河县,黑龙江省-佳木斯市-饶河县,,False
1984,同名改码,3,232433000000,抚远县,黑龙江省-合江地区-抚远县,230833000000,抚远县,黑龙江省-佳木斯市-抚远县,,False
1984,同名改码,3,321201000000,泰州市,泰州市,329001000000,泰州市,泰州市,,False
1984,同名改码,3,321301000000,常熟市,常熟市,329003000000,常熟市,常熟市,,False
1984,同名改码,3,340511000000,郊区,安徽省-马鞍山市-郊区,321011000000,郊区,江苏省-扬州市-郊区,,False
1984,同名改码,3,340611000000,郊区,安徽省-淮北市-郊区,410511000000,郊区,河南省-安阳市-郊区,,False
1984,撤县设市,3,350422000000,永安县,福建省-三明市-永安县,350501000000,永安市,福建省-三明市-永安市,,False
1984,同名改码,3,360411000000,郊区,江西省-九江市-郊区,410911000000,郊区,河南省-濮阳市-郊区,,False
1984,撤县设市,3,362433000000,井冈山县,江西省-吉安地区-井冈山县,362402000000,井冈山市,江西省-吉安地区-井冈山市,,False
1984,区划调整,3,412101000000,安阳市,安阳市,410522000000,安阳县,河南省-安阳市-安阳县,,False
1984,同名改码,3,412102000000,文峰区,文峰区,410502000000,文峰区,河南省-安阳市-文峰区,,False
1984,同名改码,3,412103000000,北关区,北关区,410503000000,北关区,河南省-安阳市-北关区,,False
1984,撤销,3,412104000000,铁西区,铁西区,,,,,False
1984,同名改码,3,412111000000,郊区,郊区,420611000000,郊区,湖北省-襄樊市-郊区,,False
1984,同名改码,3,412121000000,林县,林县,410521000000,林县,河南省-安阳市-林县,,False
1984,撤销,3,412122000000,安阳县,安阳县,,,,,False
1984,同名改码,3,412123000000,汤阴县,汤阴县,410523000000,汤阴县,河南省-安阳市-汤阴县,,False
1984,同名改码,3,412124000000,淇县,淇县,410524000000,淇县,河南省-安阳市-淇县,,False
1984,同名改码,3,412125000000,浚县,浚县,410525000000,浚县,河南省-安阳市-浚县,,False
1984,同名改码,3,420901000000,随州市,随州市,429001000000,随州市,随州市,,False
1984,同名改码,3,421001000000,老河口市,老河口市,429002000000,老河口市,老河口市,,False
1984,同名改码,3,422921000000,神农架林区,神农架林区,429021000000,神农架林区,神农架林区,,False
1984,同名改码,3,430405000000,板塘区,湖南省-湘潭市-板塘区,430305000000,板塘区,湖南省-湘潭市-板塘区,,False
1984,同名改码,3,430523000000,衡山县,湖南省-衡阳市-衡山县,430423000000,衡山县,湖南省-衡阳市-衡山县,,False
1984,同名改码,3,430524000000,衡东县,湖南省-衡阳市-衡东县,430424000000,衡东县,湖南省-衡阳市-衡东县,,False
1984,同名改码,3,430525000000,常宁县,湖南省-衡阳市-常宁县,430425000000,常宁县,湖南省-衡阳市-常宁县,,False
1984,同名改码,3,430526000000,祁东县,湖南省-衡阳市-祁东县,430426000000,祁东县,湖南省-衡阳市-祁东县,,False
1984,同名改码,3,430527000000,耒阳县,湖南省-衡阳市-耒阳县,430427000000,耒阳县,湖南省-衡阳市-耒阳县,,False
1984,撤县设市,3,432825000000,资兴县,湖南省-郴州地区-资兴县,432802000000,资兴市,湖南省-郴州地区-资兴市,,False
1984,撤销,3,432921000000,零陵县,湖南省-零陵地区-零陵县,,,,,False
1984,同名改码,3,440620000000,中山市,广东省-佛山市-中山市,449002000000,中山市,广东省-佛山市-中山市,,False
1984,同名改码,3,441001000000,潮州市,潮州市,449001000000,潮州市,潮州市,,False
1984,撤销,3,442221000000,崖县,广东省-海南黎族苗族自治州-崖县,,,,,False
1984,撤销,3,450402000000,白云区,广西壮族自治区-梧州市-白云区,,,,,False
1984,撤销,3,510621000000,德阳县,四川省-德阳市-德阳县,,,,,False
1984,撤销,3,610401000000,咸阳市,咸阳市,,,,,False
1984,同名改码,3,632421000000,河南蒙古族自治县,河南蒙古族自治县,632324000000,河南蒙古族自治县,青海省-黄南藏族自治州-河南蒙古族自治县,,False
1984,撤县设市,3,642122000000,青铜峡县,宁夏回族自治区-银南地区-青铜峡县,642102000000,青铜峡市,宁夏回族自治区-银南地区-青铜峡市,,False
1984,撤县设市,3,652121000000,吐鲁番县,新疆维吾尔自治区-吐鲁番地区-吐鲁番县,652101000000,吐鲁番市,新疆维吾尔自治区-吐鲁番地区-吐鲁番市,,False
1984,同名改码,2,652400000000,伊犁哈萨克自治州,新疆维吾尔自治区-伊犁哈萨克自治州,654000000000,伊犁哈萨克自治州,新疆维吾尔自治区-伊犁哈萨克自治州,,False
1984,同名改码,3,652401000000,伊宁市,新疆维吾尔自治区-伊犁哈萨克自治州-伊宁市,654101000000,伊宁市,新疆维吾尔自治区-伊犁地区-伊宁市,,False
1984,同名改码,3,652404000000,奎屯市,新疆维吾尔自治区-伊犁哈萨克自治州-奎屯市,654001000000,奎屯市,新疆维吾尔自治区-伊犁哈萨克自治州-奎屯市,,False
1984,同名改码,3,652421000000,伊宁县,新疆维吾尔自治区-伊犁哈萨克自治州-伊宁县,654121000000,伊宁县,新疆维吾尔自治区-伊犁地区-伊宁县,,False
1984,同名改码,3,652422000000,察布查尔锡伯自治县,新疆维吾尔自治区-伊犁哈萨克自治州-察布查尔锡伯自治县,654122000000,察布查尔锡伯自治县,新疆维吾尔自治区-伊犁地区-察布查尔锡伯自治县,,False
1984,同名改码,3,652423000000,霍城县,新疆维吾尔自治区-伊犁哈萨克自治州-霍城县,654123000000,霍城县,新疆维吾尔自治区-伊犁地区-霍城县,,False
1984,同名改码,3,652424000000,巩留县,新疆维吾尔自治区-伊犁哈萨克自治州-巩留县,654124000000,巩留县,新疆维吾尔自治区-伊犁地区-巩留县,,False
1984,同名改码,3,652425000000,新源县,新疆维吾尔自治区-伊犁哈萨克自治州-新源县,654125000000,新源县,新疆维吾尔自治区-伊犁地区-新源县,,False
1984,同名改码,3,652426000000,昭苏县,新疆维吾尔自治区-伊犁哈萨克自治州-昭苏县,654126000000,昭苏县,新疆维吾尔自治区-伊犁地区-昭苏县,,False
1984,同名改码,3,652427000000,特克斯县,新疆维吾尔自治区-伊犁哈萨克自治州-特克斯县,654127000000,特克斯县,新疆维吾尔自治区-伊犁地区-特克斯县,,False
1984,同名改码,3,652428000000,尼勒克县,新疆维吾尔自治区-伊犁哈萨克自治州-尼勒克县,654128000000,尼勒克县,新疆维吾尔自治区-伊犁地区-尼勒克县,,False
1984,同名改码,2,652500000000,塔城地区,新疆维吾尔自治区-塔城地区,654200000000,塔城地区,新疆维吾尔自治区-塔城地区,,False
1984,撤县设市,3,652521000000,塔城县,新疆维吾尔自治区-塔城地区-塔城县,654201000000,塔城市,新疆维吾尔自治区-塔城地区-塔城市,,False
1984,同名改码,3,652522000000,额敏县,新疆维吾尔自治区-塔城地区-额敏县,654221000000,额敏县,新疆维吾尔自治区-塔城地区-额敏县,,False
1984,同名改码,3,652523000000,乌苏县,新疆维吾尔自治区-塔城地区-乌苏县,654222000000,乌苏县,新疆维吾尔自治区-塔城地区-乌苏县,,False
1984,同名改码,3,652524000000,沙湾县,新疆维吾尔自治区-塔城地区-沙湾县,654223000000,沙湾县,新疆维吾尔自治区-塔城地区-沙湾县,,False
1984,同名改码,3,652525000000,托里县,新疆维吾尔自治区-塔城地区-托里县,654224000000,托里县,新疆维吾尔自治区-塔城地区-托里县,,False
1984,同名改码,3,652526000000,裕民县,新疆维吾尔自治区-塔城地区-裕民县,654225000000,裕民县,新疆维吾尔自治区-塔城地区-裕民县,,False
1984,同名改码,3,652527000000,和布克赛尔蒙古自治县,新疆维吾尔自治区-塔城地区-和布克赛尔蒙古自治县,654226000000,和布克赛尔蒙古自治县,新疆维吾尔自治区-塔城地区-和布克赛尔蒙古自治县,,False
1984,同名改码,2,652600000000,阿勒泰地区,新疆维吾尔自治区-阿勒泰地区,654300000000,阿勒泰地区,新疆维吾尔自治区-阿勒泰地区,,False
1984,撤县设市,3,652621000000,阿勒泰县,新疆维吾尔自治区-阿勒泰地区-阿勒泰县,654301000000,阿勒泰市,新疆维吾尔自治区-阿勒泰地区-阿勒泰市,,False
1984,同名改码,3,652622000000,布尔津县,新疆维吾尔自治区-阿勒泰地区-布尔津县,654321000000,布尔津县,新疆维吾尔自治区-阿勒泰地区-布尔津县,,False
1984,同名改码,3,652623000000,富蕴县,新疆维吾尔自治区-阿勒泰地区-富蕴县,654322000000,富蕴县,新疆维吾尔自治区-阿勒泰地区-富蕴县,,False
1984,同名改码,3,652624000000,福海县,新疆维吾尔自治区-阿勒泰地区-福海县,654323000000,福海县,新疆维吾尔自治区-阿勒泰地区-福海县,,False
1984,同名改码,3,652625000000,哈巴河县,新疆维吾尔自治区-阿勒泰地区-哈巴河县,654324000000,哈巴河县,新疆维吾尔自治区-阿勒泰地区-哈巴河县,,False
1984,同名改码,3,652626000000,青河县,新疆维吾尔自治区-阿勒泰地区-青河县,654325000000,青河县,新疆维吾尔自治区-阿勒泰地区-青河县,,False
1984,同名改码,3,652627000000,吉木乃县,新疆维吾尔自治区-阿勒泰地区-吉木乃县,654326000000,吉木乃县,新疆维吾尔自治区-阿勒泰地区-吉木乃县,,False
1984,新设,3,,,,210504000000,明山区,辽宁省-本溪市-明山区,,False
1984,新设,3,,,,210505000000,南芬区,辽宁省-本溪市-南芬区,,False
1984,新设,3,,,,210804000000,鲅鱼圈区,辽宁省-营口市-鲅鱼圈区,,False
1984,新设,3,,,,211005000000,弓长岭区,辽宁省-辽阳市-弓长岭区,,False
1984,新设,2,,,,211100000000,盘锦市,辽宁省-盘锦市,,False
1984,新设,3,,,,211103000000,兴隆台区,辽宁省-盘锦市-兴隆台区,,False
1984,新设,3,,,,211202000000,银州区,辽宁省-铁岭市-银州区,,False
1984,新设,3,,,,211204000000,清河区,辽宁省-铁岭市-清河区,,False
1984,新设,3,,,,211302000000,双塔区,辽宁省-朝阳市-双塔区,,False
1984,新设,3,,,,211303000000,龙城区,辽宁省-朝阳市-龙城区,,False
1984,新设,3,,,,220303000000,铁东区,吉林省-四平市-铁东区,,False
1984,新设,3,,,,220403000000,西安区,吉林省-辽源市-西安区,,False
1984,新设,3,,,,230824000000,友谊县,黑龙江省-佳木斯市-友谊县,,False
1984,新设,3,,,,230902000000,新兴区,黑龙江省-七台河市-新兴区,,False
1984,新设,3,,,,230903000000,桃山区,黑龙江省-七台河市-桃山区,,False
1984,新设,3,,,,230904000000,茄子河区,黑龙江省-七台河市-茄子河区,,False
1984,新设,3,,,,330303000000,龙湾区,浙江省-温州市-龙湾区,,False
1984,新设,3,,,,332529000000,景宁畲族自治县,浙江省-丽水地区-景宁畲族自治县,,False
1984,新设,2,,,,410500000000,安阳市,河南省-安阳市,,False
1984,新设,3,,,,420113000000,汉南区,湖北省-武汉市-汉南区,,False
1984,新设,3,,,,420302000000,茅箭区,湖北省-十堰市-茅箭区,,False
1984,新设,3,,,,420303000000,张湾区,湖北省-十堰市-张湾区,,False
1984,新设,3,,,,420602000000,襄城区,湖北省-襄樊市-襄城区,,False
1984,新设,3,,,,420603000000,樊东区,湖北省-襄樊市-樊东区,,False
1984,新设,3,,,,420604000000,樊西区,湖北省-襄樊市-樊西区,,False
1984,新设,3,,,,420703000000,黄州区,湖北省-鄂州市-黄州区,,False
1984,新设,3,,,,420704000000,鄂城区,湖北省-鄂州市-鄂城区,,False
1984,新设,3,,,,430602000000,南区,湖南省-岳阳市-南区,,False
1984,新设,3,,,,430603000000,北区,湖南省-岳阳市-北区,,False
1984,新设,3,,,,430611000000,郊区,湖南省-岳阳市-郊区,,False
1984,新设,3,,,,432902000000,冷水滩市,湖南省-零陵地区-冷水滩市,,False
1984,新设,3,,,,440202000000,北江区,广东省-韶关市-北江区,,False
1984,新设,3,,,,440203000000,浈江区,广东省-韶关市-浈江区,,False
1984,新设,3,,,,440204000000,武江区,广东省-韶关市-武江区,,False
1984,新设,3,,,,440402000000,香洲区,广东省-珠海市-香洲区,,False
1984,新设,3,,,,440506000000,达豪区,广东省-汕头市-达豪区,,False
1984,新设,3,,,,440602000000,汾江区,广东省-佛山市-汾江区,,False
1984,新设,3,,,,440603000000,石湾区,广东省-佛山市-石湾区,,False
1984,新设,3,,,,440702000000,城区,广东省-江门市-城区,,False
1984,新设,3,,,,440711000000,郊区,广东省-江门市-郊区,,False
1984,新设,3,,,,440804000000,坡头区,广东省-湛江市-坡头区,,False
1984,新设,3,,,,440902000000,茂南区,广东省-茂名市-茂南区,,False
1984,新设,3,,,,442201000000,三亚市,广东省-海南黎族苗族自治州-三亚市,,False
1984,新设,3,,,,450107000000,市郊区,广西壮族自治区-南宁市-市郊区,,False
1984,新设,3,,,,450206000000,市郊区,广西壮族自治区-柳州市-市郊区,,False
1984,新设,3,,,,450306000000,市郊区,广西壮族自治区-桂林市-市郊区,,False
1984,新设,3,,,,450502000000,海城区,广西壮族自治区-北海市-海城区,,False
1984,新设,3,,,,450503000000,市郊区,广西壮族自治区-北海市-市郊区,,False
1984,新设,3,,,,510502000000,市中区,四川省-泸州市-市中区,,False
1984,新设,3,,,,510602000000,市中区,四川省-德阳市-市中区,,False
1984,新设,2,,,,610400000000,咸阳市,陕西省-咸阳市,,False
1984,新设,3,,,,620302000000,金川区,甘肃省-金昌市-金川区,,False
1984,新设,2,,,,654100000000,伊犁地区,新疆维吾尔自治区-伊犁地区,,False
1985,更名,3,210422000000,新宾县,辽宁省-抚顺市-新宾县,210422000000,新宾满族自治县,辽宁省-抚顺市-新宾满族自治县,,False
1985,更名,3,210621000000,凤城县,辽宁省-丹东市-凤城县,210621000000,凤城满族自治县,辽宁省-丹东市-凤城满族自治县,,False
1985,更名,3,210622000000,岫岩县,辽宁省-丹东市-岫岩县,210622000000,岫岩满族自治县,辽宁省-丹东市-岫岩满族自治县,,False
1985,更名,3,530128000000,禄劝县,云南省-昆明市-禄劝县,530128000000,禄劝彝族苗族自治县,云南省-昆明市-禄劝彝族苗族自治县,,False
1985,更名,3,532530000000,金平县,云南省-红河哈尼族彝族自治州-金平县,532530000000,金平苗族瑶族傣族自治县,云南省-红河哈尼族彝族自治州-金平苗族瑶族傣族自治县,,False
1985,更名,3,532722000000,普洱县,云南省-思茅地区-普洱县,532722000000,普洱哈尼族彝族自治县,云南省-思茅地区-普洱哈尼族彝族自治县,,False
1985,更名,3,532724000000,景东县,云南省-思茅地区-景东县,532724000000,景东彝族自治县,云南省-思茅地区-景东彝族自治县,,False
1985,更名,3,532725000000,景谷县,云南省-思茅地区-景谷县,532725000000,景谷傣族彝族自治县,云南省-思茅地区-景谷傣族彝族自治县,,False
1985,更名,3,532922000000,漾濞县,云南省-大理白族自治州-漾濞县,532922000000,漾濞彝族自治县,云南省-大理白族自治州-漾濞彝族自治县,,False
1985,更名,3,533423000000,维西县,云南省-迪庆藏族自治州-维西县,533423000000,维西傈僳族自治县,云南省-迪庆藏族自治州-维西傈僳族自治县,,False
1985,更名,3,533526000000,双江县,云南省-临沧地区-双江县,533526000000,双江拉祜族佤族布朗族傣族自治县,云南省-临沧地区-双江拉祜族佤族布朗族傣族自治县,,False
1985,更名,2,622600000000,武都地区,甘肃省-武都地区,622600000000,陇南地区,甘肃省-陇南地区,,False
1985,更名,3,630121000000,大通县,青海省-西宁市-大通县,630121000000,大通回族土族自治县,青海省-西宁市-大通回族土族自治县,,False
1985,更名,3,632122000000,民和县,青海省-海东地区-民和县,632122000000,民和回族土族自治县,青海省-海东地区-民和回族土族自治县,,False
1985,撤地设市,2,142500000000,晋东南地区,山西省-晋东南地区,140500000000,晋城市,山西省-晋城市,,False
1985,撤销,3,142501000000,晋城市,山西省-晋东南地区-晋城市,,,,,False
1985,同名改码,3,142523000000,屯留县,山西省-晋东南地区-屯留县,140424000000,屯留县,山西省-长治市-屯留县,,False
1985,同名改码,3,142524000000,长子县,山西省-晋东南地区-长子县,140428000000,长子县,山西省-长治市-长子县,,False
1985,同名改码,3,142525000000,沁水县,山西省-晋东南地区-沁水县,140521000000,沁水县,山西省-晋城市-沁水县,,False
1985,同名改码,3,142526000000,阳城县,山西省-晋东南地区-阳城县,140522000000,阳城县,山西省-晋城市-阳城县,,False
1985,同名改码,3,142528000000,高平县,山西省-晋东南地区-高平县,140523000000,高平县,山西省-晋城市-高平县,,False
1985,同名改码,3,142529000000,陵川县,山西省-晋东南地区-陵川县,140524000000,陵川县,山西省-晋城市-陵川县,,False
1985,同名改码,3,142530000000,壶关县,山西省-晋东南地区-壶关县,140427000000,壶关县,山西省-长治市-壶关县,,False
1985,同名改码,3,142531000000,平顺县,山西省-晋东南地区-平顺县,140425000000,平顺县,山西省-长治市-平顺县,,False
1985,同名改码,3,142532000000,黎城县,山西省-晋东南地区-黎城县,140426000000,黎城县,山西省-长治市-黎城县,,False
1985,同名改码,3,142533000000,武乡县,山西省-晋东南地区-武乡县,140429000000,武乡县,山西省-长治市-武乡县,,False
1985,同名改码,3,142534000000,襄垣县,山西省-晋东南地区-襄垣县,140423000000,襄垣县,山西省-长治市-襄垣县,,False
1985,同名改码,3,142535000000,沁县,山西省-晋东南地区-沁县,140430000000,沁县,山西省-长治市-沁县,,False
1985,同名改码,3,142536000000,沁源县,山西省-晋东南地区-沁源县,140431000000,沁源县,山西省-长治市-沁源县,,False
1985,撤销,3,210223000000,复县,辽宁省-大连市-复县,,,,,False
1985,撤县设市,3,210322000000,海城县,辽宁省-鞍山市-海城县,210319000000,海城市,辽宁省-鞍山市-海城市,,False
1985,同名改码,3,210505000000,南芬区,辽宁省-本溪市-南芬区,210511000000,南芬区,辽宁省-本溪市-南芬区,,False
1985,撤县设市,3,210721000000,锦西县,辽宁省-锦州市-锦西县,210719000000,锦西市,辽宁省-锦州市-锦西市,,False
1985,撤县设市,3,211326000000,北票县,辽宁省-朝阳市-北票县,211319000000,北票市,辽宁省-朝阳市-北票市,,False
1985,撤销,3,220321000000,怀德县,吉林省-四平市-怀德县,,,,,False
1985,撤地设市,2,222200000000,通化地区,吉林省-通化地区,220500000000,通化市,吉林省-通化市,,False
1985,区划调整,3,222201000000,通化市,吉林省-通化地区-通化市,220521000000,通化县,吉林省-通化市-通化县,,False
1985,撤销,3,222202000000,浑江市,吉林省-通化地区-浑江市,,,,,False
1985,撤销,3,222221000000,海龙县,吉林省-通化地区-海龙县,,,,,False
1985,撤销,3,222222000000,通化县,吉林省-通化地区-通化县,,,,,False
1985,同名改码,3,222223000000,柳河县,吉林省-通化地区-柳河县,220524000000,柳河县,吉林省-通化市-柳河县,,False
1985,同名改码,3,222224000000,辉南县,吉林省-通化地区-辉南县,220523000000,辉南县,吉林省-通化市-辉南县,,False
1985,同名改码,3,222225000000,集安县,吉林省-通化地区-集安县,220522000000,集安县,吉林省-通化市-集安县,,False
1985,同名改码,3,222226000000,抚松县,吉林省-通化地区-抚松县,220621000000,抚松县,吉林省-浑江市-抚松县,,False
1985,同名改码,3,222227000000,靖宇县,吉林省-通化地区-靖宇县,220622000000,靖宇县,吉林省-浑江市-靖宇县,,False
1985,同名改码,3,222228000000,长白朝鲜族自治县,吉林省-通化地区-长白朝鲜族自治县,220623000000,长白朝鲜族自治县,吉林省-浑江市-长白朝鲜族自治县,,False
1985,撤县设市,3,222422000000,敦化县,吉林省-延边朝鲜族自治州-敦化县,222403000000,敦化市,吉林省-延边朝鲜族自治州-敦化市,,False
1985,更名,3,330202000000,镇明区,浙江省-宁波市-镇明区,330211000000,镇海区,浙江省-宁波市-镇海区,,False
1985,撤销,3,330221000000,镇海县,浙江省-宁波市-镇海县,,,,,False
1985,撤县设市,3,330223000000,余姚县,浙江省-宁波市-余姚县,330219000000,余姚市,浙江省-宁波市-余姚市,,False
1985,撤地设市,2,332400000000,金华地区,浙江省-金华地区,330700000000,金华市,浙江省-金华市,,False
1985,区划调整,3,332401000000,金华市,浙江省-金华地区-金华市,330721000000,金华县,浙江省-金华市-金华县,,False
1985,撤销,3,332402000000,衢州市,浙江省-金华地区-衢州市,,,,,False
1985,撤县设市,3,332421000000,兰溪县,浙江省-金华地区-兰溪县,330701000000,兰溪市,浙江省-金华市-兰溪市,,False
1985,同名改码,3,332422000000,永康县,浙江省-金华地区-永康县,330722000000,永康县,浙江省-金华市-永康县,,False
1985,同名改码,3,332423000000,武义县,浙江省-金华地区-武义县,330723000000,武义县,浙江省-金华市-武义县,,False
1985,同名改码,3,332424000000,东阳县,浙江省-金华地区-东阳县,330724000000,东阳县,浙江省-金华市-东阳县,,False
1985,同名改码,3,332425000000,义乌县,浙江省-金华地区-义乌县,330725000000,义乌县,浙江省-金华市-义乌县,,False
1985,同名改码,3,332426000000,浦江县,浙江省-金华地区-浦江县,330726000000,浦江县,浙江省-金华市-浦江县,,False
1985,同名改码,3,332427000000,常山县,浙江省-金华地区-常山县,330822000000,常山县,浙江省-衢州市-常山县,,False
1985,同名改码,3,332428000000,江山县,浙江省-金华地区-江山县,330823000000,江山县,浙江省-衢州市-江山县,,False
1985,同名改码,3,332429000000,开化县,浙江省-金华地区-开化县,330824000000,开化县,浙江省-衢州市-开化县,,False
1985,同名改码,3,332430000000,龙游县,浙江省-金华地区-龙游县,330825000000,龙游县,浙江省-衢州市-龙游县,,False
1985,同名改码,3,332431000000,磐安县,浙江省-金华地区-磐安县,330727000000,磐安县,浙江省-金华市-磐安县,,False
1985,同名改码,3,350501000000,永安市,永安市,350420000000,永安市,福建省-三明市-永安市,,False
1985,撤销,2,352400000000,晋江地区,福建省-晋江地区,,,,,False
1985,撤销,3,352401000000,泉州市,福建省-晋江地区-泉州市,,,,,False
1985,同名改码,3,352421000000,惠安县,福建省-晋江地区-惠安县,350521000000,惠安县,福建省-泉州市-惠安县,,False
1985,同名改码,3,352422000000,晋江县,福建省-晋江地区-晋江县,350522000000,晋江县,福建省-泉州市-晋江县,,False
1985,同名改码,3,352423000000,南安县,福建省-晋江地区-南安县,350523000000,南安县,福建省-泉州市-南安县,,False
1985,同名改码,3,352424000000,安溪县,福建省-晋江地区-安溪县,350524000000,安溪县,福建省-泉州市-安溪县,,False
1985,同名改码,3,352425000000,永春县,福建省-晋江地区-永春县,350525000000,永春县,福建省-泉州市-永春县,,False
1985,同名改码,3,352426000000,德化县,福建省-晋江地区-德化县,350526000000,德化县,福建省-泉州市-德化县,,False
1985,同名改码,3,352427000000,金门县,福建省-晋江地区-金门县,350527000000,金门县,福建省-泉州市-金门县,,False
1985,撤销,2,352500000000,龙溪地区,福建省-龙溪地区,,,,,False
1985,撤销,3,352501000000,漳州市,福建省-龙溪地区-漳州市,,,,,False
1985,同名改码,3,352521000000,龙海县,福建省-龙溪地区-龙海县,350621000000,龙海县,福建省-漳州市-龙海县,,False
1985,同名改码,3,352522000000,云霄县,福建省-龙溪地区-云霄县,350622000000,云霄县,福建省-漳州市-云霄县,,False
1985,同名改码,3,352523000000,漳浦县,福建省-龙溪地区-漳浦县,350623000000,漳浦县,福建省-漳州市-漳浦县,,False
1985,同名改码,3,352524000000,诏安县,福建省-龙溪地区-诏安县,350624000000,诏安县,福建省-漳州市-诏安县,,False
1985,同名改码,3,352525000000,长泰县,福建省-龙溪地区-长泰县,350625000000,长泰县,福建省-漳州市-长泰县,,False
1985,同名改码,3,352526000000,东山县,福建省-龙溪地区-东山县,350626000000,东山县,福建省-漳州市-东山县,,False
1985,同名改码,3,352527000000,南靖县,福建省-龙溪地区-南靖县,350627000000,南靖县,福建省-漳州市-南靖县,,False
1985,同名改码,3,352528000000,平和县,福建省-龙溪地区-平和县,350628000000,平和县,福建省-漳州市-平和县,,False
1985,同名改码,3,352529000000,华安县,福建省-龙溪地区-华安县,350629000000,华安县,福建省-漳州市-华安县,,False
1985,撤销,3,362225000000,宜春县,江西省-宜春地区-宜春县,,,,,False
1985,同名改码,3,370901000000,威海市,威海市,370620000000,威海市,山东省-烟台市-威海市,,False
1985,撤地设市,2,372600000000,泰安地区,山东省-泰安地区,370900000000,泰安市,山东省-泰安市,,False
1985,撤销,3,372601000000,泰安市,山东省-泰安地区-泰安市,,,,,False
1985,同名改码,3,372602000000,莱芜市,山东省-泰安地区-莱芜市,370981000000,莱芜市,山东省-泰安市-莱芜市,,False
1985,同名改码,3,372603000000,新泰市,山东省-泰安地区-新泰市,370982000000,新泰市,山东省-泰安市-新泰市,,False
1985,同名改码,3,372624000000,宁阳县,山东省-泰安地区-宁阳县,370921000000,宁阳县,山东省-泰安市-宁阳县,,False
1985,同名改码,3,372625000000,肥城县,山东省-泰安地区-肥城县,370922000000,肥城县,山东省-泰安市-肥城县,,False
1985,同名改码,3,372626000000,东平县,山东省-泰安地区-东平县,370923000000,东平县,山东省-泰安市-东平县,,False
1985,同名改码,3,372627000000,平阴县,山东省-泰安地区-平阴县,370124000000,平阴县,山东省-济南市-平阴县,,False
1985,同名改码,3,372629000000,汶上县,山东省-泰安地区-汶上县,370830000000,汶上县,山东省-济宁市-汶上县,,False
1985,同名改码,3,372630000000,泗水县,山东省-泰安地区-泗水县,370831000000,泗水县,山东省-济宁市-泗水县,,False
1985,撤县设市,3,430222000000,醴陵县,湖南省-株洲市-醴陵县,430219000000,醴陵市,湖南省-株洲市-醴陵市,,False
1985,撤县设市,3,433128000000,大庸县,湖南省-湘西土家族苗族自治州-大庸县,433102000000,大庸市,湖南省-湘西土家族苗族自治州-大庸市,,False
1985,撤县设市,3,442527000000,东莞县,广东省-惠阳地区-东莞县,442502000000,东莞市,广东省-惠阳地区-东莞市,,False
1985,撤地设市,2,512400000000,内江地区,四川省-内江地区,511000000000,内江市,四川省-内江市,,False
1985,区划调整,3,512401000000,内江市,四川省-内江地区-内江市,511021000000,内江县,四川省-内江市-内江县,,False
1985,撤销,3,512421000000,内江县,四川省-内江地区-内江县,,,,,False
1985,同名改码,3,512422000000,资中县,四川省-内江地区-资中县,511025000000,资中县,四川省-内江市-资中县,,False
1985,同名改码,3,512423000000,资阳县,四川省-内江地区-资阳县,511026000000,资阳县,四川省-内江市-资阳县,,False
1985,同名改码,3,512424000000,简阳县,四川省-内江地区-简阳县,511027000000,简阳县,四川省-内江市-简阳县,,False
1985,同名改码,3,512425000000,威远县,四川省-内江地区-威远县,511024000000,威远县,四川省-内江市-威远县,,False
1985,同名改码,3,512426000000,隆昌县,四川省-内江地区-隆昌县,511028000000,隆昌县,四川省-内江市-隆昌县,,False
1985,同名改码,3,512427000000,安岳县,四川省-内江地区-安岳县,511023000000,安岳县,四川省-内江市-安岳县,,False
1985,同名改码,3,512428000000,乐至县,四川省-内江地区-乐至县,511022000000,乐至县,四川省-内江市-乐至县,,False
1985,同名改码,3,512525000000,叙永县,四川省-宜宾地区-叙永县,510524000000,叙永县,四川省-泸州市-叙永县,,False
1985,同名改码,3,512526000000,古蔺县,四川省-宜宾地区-古蔺县,510525000000,古蔺县,四川省-泸州市-古蔺县,,False
1985,撤地设市,2,512600000000,乐山地区,四川省-乐山地区,511100000000,乐山市,四川省-乐山市,,False
1985,撤销,3,512601000000,乐山市,四川省-乐山地区-乐山市,,,,,False
1985,同名改码,3,512621000000,仁寿县,四川省-乐山地区-仁寿县,511121000000,仁寿县,四川省-乐山市-仁寿县,,False
1985,同名改码,3,512622000000,眉山县,四川省-乐山地区-眉山县,511122000000,眉山县,四川省-乐山市-眉山县,,False
1985,同名改码,3,512623000000,犍为县,四川省-乐山地区-犍为县,511123000000,犍为县,四川省-乐山市-犍为县,,False
1985,同名改码,3,512624000000,井研县,四川省-乐山地区-井研县,511124000000,井研县,四川省-乐山市-井研县,,False
1985,同名改码,3,512625000000,峨眉县,四川省-乐山地区-峨眉县,511125000000,峨眉县,四川省-乐山市-峨眉县,,False
1985,同名改码,3,512626000000,夹江县,四川省-乐山地区-夹江县,511126000000,夹江县,四川省-乐山市-夹江县,,False
1985,同名改码,3,512627000000,洪雅县,四川省-乐山地区-洪雅县,511127000000,洪雅县,四川省-乐山市-洪雅县,,False
1985,同名改码,3,512628000000,彭山县,四川省-乐山地区-彭山县,511128000000,彭山县,四川省-乐山市-彭山县,,False
1985,同名改码,3,512629000000,沐川县,四川省-乐山地区-沐川县,511129000000,沐川县,四川省-乐山市-沐川县,,False
1985,同名改码,3,512630000000,青神县,四川省-乐山地区-青神县,511130000000,青神县,四川省-乐山市-青神县,,False
1985,同名改码,3,512631000000,丹棱县,四川省-乐山地区-丹棱县,511131000000,丹棱县,四川省-乐山市-丹棱县,,False
1985,同名改码,3,512632000000,峨边彝族自治县,四川省-乐山地区-峨边彝族自治县,511132000000,峨边彝族自治县,四川省-乐山市-峨边彝族自治县,,False
1985,同名改码,3,512633000000,马边彝族自治县,四川省-乐山地区-马边彝族自治县,511133000000,马边彝族自治县,四川省-乐山市-马边彝族自治县,,False
1985,更名,3,512634000000,金口河工农区,四川省-乐山地区-金口河工农区,511113000000,金口河区,四川省-乐山市-金口河区,,False
1985,撤地设市,2,512800000000,绵阳地区,四川省-绵阳地区,510700000000,绵阳市,四川省-绵阳市,,False
1985,撤销,3,512801000000,绵阳市,四川省-绵阳地区-绵阳市,,,,,False
1985,同名改码,3,512823000000,安县,四川省-绵阳地区-安县,510724000000,安县,四川省-绵阳市-安县,,False
1985,同名改码,3,512824000000,江油县,四川省-绵阳地区-江油县,510721000000,江油县,四川省-绵阳市-江油县,,False
1985,同名改码,3,512825000000,梓潼县,四川省-绵阳地区-梓潼县,510725000000,梓潼县,四川省-绵阳市-梓潼县,,False
1985,同名改码,3,512826000000,剑阁县,四川省-绵阳地区-剑阁县,510823000000,剑阁县,四川省-广元市-剑阁县,,False
1985,撤销,3,512827000000,广元县,四川省-绵阳地区-广元县,,,,,False
1985,同名改码,3,512828000000,旺苍县,四川省-绵阳地区-旺苍县,510821000000,旺苍县,四川省-广元市-旺苍县,,False
1985,同名改码,3,512829000000,青川县,四川省-绵阳地区-青川县,510822000000,青川县,四川省-广元市-青川县,,False
1985,同名改码,3,512830000000,平武县,四川省-绵阳地区-平武县,510727000000,平武县,四川省-绵阳市-平武县,,False
1985,同名改码,3,512831000000,北川县,四川省-绵阳地区-北川县,510726000000,北川县,四川省-绵阳市-北川县,,False
1985,撤销,3,512832000000,遂宁县,四川省-绵阳地区-遂宁县,,,,,False
1985,同名改码,3,512833000000,三台县,四川省-绵阳地区-三台县,510722000000,三台县,四川省-绵阳市-三台县,,False
1985,同名改码,3,512835000000,蓬溪县,四川省-绵阳地区-蓬溪县,510921000000,蓬溪县,四川省-遂宁市-蓬溪县,,False
1985,同名改码,3,512836000000,射洪县,四川省-绵阳地区-射洪县,510922000000,射洪县,四川省-遂宁市-射洪县,,False
1985,同名改码,3,512837000000,盐亭县,四川省-绵阳地区-盐亭县,510723000000,盐亭县,四川省-绵阳市-盐亭县,,False
1985,同名改码,3,512931000000,苍溪县,四川省-南充地区-苍溪县,510824000000,苍溪县,四川省-广元市-苍溪县,,False
1985,区划调整,3,512932000000,华云工农区,四川省-南充地区-华云工农区,512902000000,华蓥市,四川省-南充地区-华蓥市,,False
1985,区划调整,3,533126000000,畹町镇,云南省-德宏傣族景颇族自治州-畹町镇,533101000000,畹町市,云南省-德宏傣族景颇族自治州-畹町市,,False
1985,同名改码,3,620112000000,白银区,甘肃省-兰州市-白银区,620402000000,白银区,甘肃省-白银市-白银区,,False
1985,撤县设市,3,622121000000,酒泉县,甘肃省-酒泉地区-酒泉县,622102000000,酒泉市,甘肃省-酒泉地区-酒泉市,,False
1985,撤县设市,3,622221000000,张掖县,甘肃省-张掖地区-张掖县,622201000000,张掖市,甘肃省-张掖地区-张掖市,,False
1985,撤县设市,3,622321000000,武威县,甘肃省-武威地区-武威县,622301000000,武威市,甘肃省-武威地区-武威市,,False
1985,同名改码,3,622324000000,景泰县,甘肃省-武威地区-景泰县,620423000000,景泰县,甘肃省-白银市-景泰县,,False
1985,同名改码,3,622422000000,靖远县,甘肃省-定西地区-靖远县,620421000000,靖远县,甘肃省-白银市-靖远县,,False
1985,同名改码,3,622423000000,会宁县,甘肃省-定西地区-会宁县,620422000000,会宁县,甘肃省-白银市-会宁县,,False
1985,撤地设市,2,622500000000,天水地区,甘肃省-天水地区,620500000000,天水市,甘肃省-天水市,,False
1985,撤销,3,622501000000,天水市,甘肃省-天水地区-天水市,,,,,False
1985,同名改码,3,622521000000,张家川回族自治县,甘肃省-天水地区-张家川回族自治县,620525000000,张家川回族自治县,甘肃省-天水市-张家川回族自治县,,False
1985,撤销,3,622522000000,天水县,甘肃省-天水地区-天水县,,,,,False
1985,同名改码,3,622523000000,清水县,甘肃省-天水地区-清水县,620521000000,清水县,甘肃省-天水市-清水县,,False
1985,同名改码,3,622524000000,徽县,甘肃省-天水地区-徽县,622630000000,徽县,甘肃省-陇南地区-徽县,,False
1985,同名改码,3,622525000000,两当县,甘肃省-天水地区-两当县,622629000000,两当县,甘肃省-陇南地区-两当县,,False
1985,同名改码,3,622526000000,礼县,甘肃省-天水地区-礼县,622628000000,礼县,甘肃省-陇南地区-礼县,,False
1985,同名改码,3,622527000000,西和县,甘肃省-天水地区-西和县,622627000000,西和县,甘肃省-陇南地区-西和县,,False
1985,同名改码,3,622528000000,武山县,甘肃省-天水地区-武山县,620524000000,武山县,甘肃省-天水市-武山县,,False
1985,同名改码,3,622529000000,甘谷县,甘肃省-天水地区-甘谷县,620523000000,甘谷县,甘肃省-天水市-甘谷县,,False
1985,同名改码,3,622530000000,秦安县,甘肃省-天水地区-秦安县,620522000000,秦安县,甘肃省-天水市-秦安县,,False
1985,同名改码,3,622531000000,漳县,甘肃省-天水地区-漳县,622428000000,漳县,甘肃省-定西地区-漳县,,False
1985,同名改码,3,622622000000,岷县,甘肃省-武都地区-岷县,622429000000,岷县,甘肃省-定西地区-岷县,,False
1985,撤销,2,650300000000,石河子市,新疆维吾尔自治区-石河子市,,,,,False
1985,撤县设市,3,652721000000,博乐县,新疆维吾尔自治区-博尔塔拉蒙古自治州-博乐县,652701000000,博乐市,新疆维吾尔自治区-博尔塔拉蒙古自治州-博乐市,,False
1985,新设,3,,,,140502000000,城区,山西省-晋城市-城区,,False
1985,新设,3,,,,140503000000,郊区,山西省-晋城市-郊区,,False
1985,新设,3,,,,152302000000,霍林郭勒市,内蒙古自治区-哲里木盟-霍林郭勒市,,False
1985,新设,3,,,,210219000000,瓦房店市,辽宁省-大连市-瓦房店市,,False
1985,新设,3,,,,220319000000,公主岭市,吉林省-四平市-公主岭市,,False
1985,新设,3,,,,220519000000,梅河口市,吉林省-通化市-梅河口市,,False
1985,新设,2,,,,220600000000,浑江市,吉林省-浑江市,,False
1985,新设,3,,,,330206000000,滨海区,浙江省-宁波市-滨海区,,False
1985,新设,3,,,,330702000000,婺城区,浙江省-金华市-婺城区,,False
1985,新设,2,,,,330800000000,衢州市,浙江省-衢州市,,False
1985,新设,3,,,,330802000000,柯城区,浙江省-衢州市-柯城区,,False
1985,新设,3,,,,330821000000,衢县,浙江省-衢州市-衢县,,False
1985,新设,2,,,,350500000000,泉州市,福建省-泉州市,,False
1985,新设,3,,,,350502000000,鲤城区,福建省-泉州市-鲤城区,,False
1985,新设,2,,,,350600000000,漳州市,福建省-漳州市,,False
1985,新设,3,,,,350602000000,芗城区,福建省-漳州市-芗城区,,False
1985,新设,3,,,,370902000000,泰山区,山东省-泰安市-泰山区,,False
1985,新设,3,,,,370911000000,郊区,山东省-泰安市-郊区,,False
1985,新设,3,,,,410902000000,市区,河南省-濮阳市-市区,,False
1985,新设,3,,,,420802000000,东宝区,湖北省-荆门市-东宝区,,False
1985,新设,3,,,,420803000000,沙洋区,湖北省-荆门市-沙洋区,,False
1985,新设,3,,,,440106000000,芳村区,广东省-广州市-芳村区,,False
1985,新设,3,,,,440107000000,天河区,广东省-广州市-天河区,,False
1985,新设,3,,,,510702000000,市中区,四川省-绵阳市-市中区,,False
1985,新设,2,,,,510800000000,广元市,四川省-广元市,,False
1985,新设,3,,,,510802000000,市中区,四川省-广元市-市中区,,False
1985,新设,2,,,,510900000000,遂宁市,四川省-遂宁市,,False
1985,新设,3,,,,510902000000,市中区,四川省-遂宁市-市中区,,False
1985,新设,3,,,,511002000000,市中区,四川省-内江市-市中区,,False
1985,新设,3,,,,511102000000,市中区,四川省-乐山市-市中区,,False
1985,新设,3,,,,511111000000,沙湾区,四川省-乐山市-沙湾区,,False
1985,新设,3,,,,511112000000,五通桥区,四川省-乐山市-五通桥区,,False
1985,新设,2,,,,620400000000,白银市,甘肃省-白银市,,False
1985,新设,3,,,,620403000000,平川区,甘肃省-白银市-平川区,,False
1985,新设,3,,,,620502000000,秦城区,甘肃省-天水市-秦城区,,False
1985,新设,3,,,,620503000000,北道区,甘肃省-天水市-北道区,,False
1985,新设,3,,,,622801000000,西峰市,甘肃省-庆阳地区-西峰市,,False
1985,新设,3,,,,659001000000,石河子市,石河子市,,False
1986,更名,3,130321000000,青龙县,河北省-秦皇岛市-青龙县,130321000000,青龙满族自治县,河北省-秦皇岛市-青龙满族自治县,,False
1986,更名,3,132627000000,丰宁县,河北省-承德地区-丰宁县,132627000000,丰宁满族自治县,河北省-承德地区-丰宁满族自治县,,False
1986,更名,3,211102000000,盘山区,辽宁省-盘锦市-盘山区,211102000000,双台子区,辽宁省-盘锦市-双台子区,,False
1986,更名,3,433027000000,芷江县,湖南省-怀化地区-芷江县,433027000000,芷江侗族自治县,湖南省-怀化地区-芷江侗族自治县,,False
1986,更名,3,452724000000,环江县,广西壮族自治区-河池地区-环江县,452724000000,环江毛南族自治县,广西壮族自治区-河池地区-环江毛南族自治县,,False
1986,更名,3,522125000000,道真县,贵州省-遵义地区-道真县,522125000000,道真仡佬族苗族自治县,贵州省-遵义地区-道真仡佬族苗族自治县,,False
1986,更名,3,522126000000,务川县,贵州省-遵义地区-务川县,522126000000,务川仡佬族苗族自治县,贵州省-遵义地区-务川仡佬族苗族自治县,,False
1986,更名,3,522226000000,印江县,贵州省-铜仁地区-印江县,522226000000,印江土家族苗族自治县,贵州省-铜仁地区-印江土家族苗族自治县,,False
1986,更名,3,522228000000,沿河县,贵州省-铜仁地区-沿河县,522228000000,沿河土家族自治县,贵州省-铜仁地区-沿河土家族自治县,,False
1986,更名,3,542225000000,穷结县,西藏自治区-山南地区-穷结县,542225000000,琼结县,西藏自治区-山南地区-琼结县,,False
1986,撤销,3,110110000000,燕山区,燕山区,,,,,False
1986,撤县设区,3,110225000000,房山县,房山县,110111000000,房山区,房山区,,False
1986,撤销,3,130405000000,郊区,河北省-邯郸市-郊区,,,,,False
1986,同名改码,3,132131000000,武安县,河北省-邯郸地区-武安县,130422000000,武安县,河北省-邯郸市-武安县,,False
1986,同名改码,3,132221000000,邢台县,河北省-邢台地区-邢台县,130521000000,邢台县,河北省-邢台市-邢台县,,False
1986,撤县设市,3,132230000000,南宫县,河北省-邢台地区-南宫县,132201000000,南宫市,河北省-邢台地区-南宫市,,False
1986,撤销,3,132321000000,束鹿县,河北省-石家庄地区-束鹿县,,,,,False
1986,同名改码,3,132327000000,栾城县,河北省-石家庄地区-栾城县,130123000000,栾城县,河北省-石家庄市-栾城县,,False
1986,同名改码,3,132328000000,正定县,河北省-石家庄地区-正定县,130124000000,正定县,河北省-石家庄市-正定县,,False
1986,撤县设市,3,132430000000,涿县,河北省-保定地区-涿县,132402000000,涿州市,河北省-保定地区-涿州市,,False
1986,同名改码,3,132431000000,清苑县,河北省-保定地区-清苑县,130622000000,清苑县,河北省-保定市-清苑县,,False
1986,撤县设市,3,132439000000,定县,河北省-保定地区-定县,132401000000,定州市,河北省-保定地区-定州市,,False
1986,同名改码,3,132932000000,青县,河北省-沧州地区-青县,130922000000,青县,河北省-沧州市-青县,,False
1986,撤县设市,3,132933000000,任丘县,河北省-沧州地区-任丘县,132903000000,任丘市,河北省-沧州地区-任丘市,,False
1986,撤销,3,152321000000,通辽县,内蒙古自治区-哲里木盟-通辽县,,,,,False
1986,同名改码,3,210219000000,瓦房店市,辽宁省-大连市-瓦房店市,219001000000,瓦房店市,辽宁省-大连市-瓦房店市,,False
1986,同名改码,3,210319000000,海城市,辽宁省-鞍山市-海城市,219002000000,海城市,辽宁省-鞍山市-海城市,,False
1986,同名改码,3,210511000000,南芬区,辽宁省-本溪市-南芬区,210505000000,南芬区,辽宁省-本溪市-南芬区,,False
1986,同名改码,3,210719000000,锦西市,辽宁省-锦州市-锦西市,219003000000,锦西市,辽宁省-锦州市-锦西市,,False
1986,撤县设市,3,210722000000,兴城县,辽宁省-锦州市-兴城县,219004000000,兴城市,辽宁省-锦州市-兴城市,,False
1986,撤销,3,211111000000,郊区,辽宁省-盘锦市-郊区,,,,,False
1986,区划调整,3,211203000000,铁法区,辽宁省-铁岭市-铁法区,219005000000,铁法市,辽宁省-铁岭市-铁法市,,False
1986,同名改码,3,211319000000,北票市,辽宁省-朝阳市-北票市,219006000000,北票市,辽宁省-朝阳市-北票市,,False
1986,同名改码,3,231020000000,绥芬河市,黑龙江省-牡丹江市-绥芬河市,239001000000,绥芬河市,黑龙江省-牡丹江市-绥芬河市,,False
1986,撤县设市,3,232322000000,肇东县,黑龙江省-绥化地区-肇东县,232303000000,肇东市,黑龙江省-绥化地区-肇东市,,False
1986,撤销,3,320403000000,广化区,江苏省-常州市-广化区,,,,,False
1986,撤销,3,320521000000,沙洲县,江苏省-苏州市-沙洲县,,,,,False
1986,更名,3,320702000000,新海区,江苏省-连云港市-新海区,320705000000,新浦区,江苏省-连云港市-新浦区,,False
1986,撤县设市,3,321029000000,仪征县,江苏省-扬州市-仪征县,329002000000,仪征市,江苏省-扬州市-仪征市,,False
1986,同名改码,3,330219000000,余姚市,浙江省-宁波市-余姚市,339001000000,余姚市,浙江省-宁波市-余姚市,,False
1986,撤县设市,3,330423000000,海宁县,浙江省-嘉兴市-海宁县,339002000000,海宁市,浙江省-嘉兴市-海宁市,,False
1986,同名改码,3,330701000000,兰溪市,浙江省-金华市-兰溪市,339003000000,兰溪市,浙江省-金华市-兰溪市,,False
1986,撤县设市,3,332521000000,丽水县,浙江省-丽水地区-丽水县,332501000000,丽水市,浙江省-丽水地区-丽水市,,False
1986,撤县设市,3,332621000000,临海县,浙江省-台州地区-临海县,332602000000,临海市,浙江省-台州地区-临海市,,False
1986,撤县设市,3,342126000000,亳县,安徽省-阜阳地区-亳县,342102000000,亳州市,安徽省-阜阳地区-亳州市,,False
1986,同名改码,3,350420000000,永安市,福建省-三明市-永安市,359001000000,永安市,福建省-三明市-永安市,,False
1986,同名改码,3,370620000000,威海市,山东省-烟台市-威海市,379006000000,威海市,山东省-烟台市-威海市,,False
1986,撤销,3,370623000000,黄县,山东省-烟台市-黄县,,,,,False
1986,撤销,3,370721000000,益都县,山东省-潍坊市-益都县,,,,,False
1986,撤县设市,3,370823000000,曲阜县,山东省-济宁市-曲阜县,379003000000,曲阜市,山东省-济宁市-曲阜市,,False
1986,同名改码,3,370981000000,莱芜市,山东省-泰安市-莱芜市,379004000000,莱芜市,山东省-泰安市-莱芜市,,False
1986,同名改码,3,370982000000,新泰市,山东省-泰安市-新泰市,379005000000,新泰市,山东省-泰安市-新泰市,,False
1986,同名改码,3,410524000000,淇县,河南省-安阳市-淇县,410622000000,淇县,河南省-鹤壁市-淇县,,False
1986,同名改码,3,410525000000,浚县,河南省-安阳市-浚县,410621000000,浚县,河南省-鹤壁市-浚县,,False
1986,同名改码,3,410921000000,滑县,河南省-濮阳市-滑县,410526000000,滑县,河南省-安阳市-滑县,,False
1986,同名改码,3,410924000000,内黄县,河南省-濮阳市-内黄县,410527000000,内黄县,河南省-安阳市-内黄县,,False
1986,同名改码,3,410925000000,长垣县,河南省-濮阳市-长垣县,410728000000,长垣县,河南省-新乡市-长垣县,,False
1986,撤销,2,412200000000,新乡地区,河南省-新乡地区,,,,,False
1986,同名改码,3,412221000000,沁阳县,河南省-新乡地区-沁阳县,410824000000,沁阳县,河南省-焦作市-沁阳县,,False
1986,同名改码,3,412223000000,济源县,河南省-新乡地区-济源县,410827000000,济源县,河南省-焦作市-济源县,,False
1986,同名改码,3,412224000000,孟县,河南省-新乡地区-孟县,410826000000,孟县,河南省-焦作市-孟县,,False
1986,同名改码,3,412225000000,温县,河南省-新乡地区-温县,410825000000,温县,河南省-焦作市-温县,,False
1986,同名改码,3,412226000000,武陟县,河南省-新乡地区-武陟县,410823000000,武陟县,河南省-焦作市-武陟县,,False
1986,同名改码,3,412228000000,获嘉县,河南省-新乡地区-获嘉县,410724000000,获嘉县,河南省-新乡市-获嘉县,,False
1986,同名改码,3,412230000000,辉县,河南省-新乡地区-辉县,410723000000,辉县,河南省-新乡市-辉县,,False
1986,同名改码,3,412232000000,原阳县,河南省-新乡地区-原阳县,410725000000,原阳县,河南省-新乡市-原阳县,,False
1986,同名改码,3,412233000000,延津县,河南省-新乡地区-延津县,410726000000,延津县,河南省-新乡市-延津县,,False
1986,同名改码,3,412234000000,封丘县,河南省-新乡地区-封丘县,410727000000,封丘县,河南省-新乡市-封丘县,,False
1986,撤销,2,412500000000,洛阳地区,河南省-洛阳地区,,,,,False
1986,撤销,3,412501000000,三门峡市,河南省-洛阳地区-三门峡市,,,,,False
1986,同名改码,3,412502000000,义马市,河南省-洛阳地区-义马市,419001000000,义马市,河南省-洛阳地区-义马市,,False
1986,同名改码,3,412524000000,渑池县,河南省-洛阳地区-渑池县,411221000000,渑池县,河南省-三门峡市-渑池县,,False
1986,同名改码,3,412525000000,陕县,河南省-洛阳地区-陕县,411222000000,陕县,河南省-三门峡市-陕县,,False
1986,同名改码,3,412526000000,灵宝县,河南省-洛阳地区-灵宝县,411223000000,灵宝县,河南省-三门峡市-灵宝县,,False
1986,同名改码,3,412527000000,伊川县,河南省-洛阳地区-伊川县,410329000000,伊川县,河南省-洛阳市-伊川县,,False
1986,同名改码,3,412528000000,汝阳县,河南省-洛阳地区-汝阳县,410326000000,汝阳县,河南省-洛阳市-汝阳县,,False
1986,同名改码,3,412529000000,嵩县,河南省-洛阳地区-嵩县,410325000000,嵩县,河南省-洛阳市-嵩县,,False
1986,同名改码,3,412530000000,洛宁县,河南省-洛阳地区-洛宁县,410328000000,洛宁县,河南省-洛阳市-洛宁县,,False
1986,同名改码,3,412531000000,卢氏县,河南省-洛阳地区-卢氏县,411224000000,卢氏县,河南省-三门峡市-卢氏县,,False
1986,同名改码,3,412532000000,栾川县,河南省-洛阳地区-栾川县,410324000000,栾川县,河南省-洛阳市-栾川县,,False
1986,同名改码,3,412533000000,临汝县,河南省-洛阳地区-临汝县,410424000000,临汝县,河南省-平顶山市-临汝县,,False
1986,同名改码,3,412534000000,宜阳县,河南省-洛阳地区-宜阳县,410327000000,宜阳县,河南省-洛阳市-宜阳县,,False
1986,撤地设市,2,412600000000,许昌地区,河南省-许昌地区,411000000000,许昌市,河南省-许昌市,,False
1986,区划调整,3,412601000000,许昌市,河南省-许昌地区-许昌市,411023000000,许昌县,河南省-许昌市-许昌县,,False
1986,撤销,3,412602000000,漯河市,河南省-许昌地区-漯河市,,,,,False
1986,同名改码,3,412621000000,长葛县,河南省-许昌地区-长葛县,411022000000,长葛县,河南省-许昌市-长葛县,,False
1986,同名改码,3,412622000000,禹县,河南省-许昌地区-禹县,411021000000,禹县,河南省-许昌市-禹县,,False
1986,同名改码,3,412623000000,鄢陵县,河南省-许昌地区-鄢陵县,411024000000,鄢陵县,河南省-许昌市-鄢陵县,,False
1986,撤销,3,412624000000,许昌县,河南省-许昌地区-许昌县,,,,,False
1986,同名改码,3,412625000000,郏县,河南省-许昌地区-郏县,410425000000,郏县,河南省-平顶山市-郏县,,False
1986,同名改码,3,412626000000,临颍县,河南省-许昌地区-临颍县,411122000000,临颍县,河南省-漯河市-临颍县,,False
1986,同名改码,3,412627000000,襄城县,河南省-许昌地区-襄城县,410426000000,襄城县,河南省-平顶山市-襄城县,,False
1986,同名改码,3,412629000000,郾城县,河南省-许昌地区-郾城县,411123000000,郾城县,河南省-漯河市-郾城县,,False
1986,同名改码,3,412632000000,舞阳县,河南省-许昌地区-舞阳县,411121000000,舞阳县,河南省-漯河市-舞阳县,,False
1986,撤县设市,3,422124000000,麻城县,湖北省-黄冈地区-麻城县,422101000000,麻城市,湖北省-黄冈地区-麻城市,,False
1986,撤县设市,3,422227000000,应城县,湖北省-孝感地区-应城县,422202000000,应城市,湖北省-孝感地区-应城市,,False
1986,撤县设市,3,422323000000,蒲圻县,湖北省-咸宁地区-蒲圻县,422302000000,蒲圻市,湖北省-咸宁地区-蒲圻市,,False
1986,撤县设市,3,422424000000,石首县,湖北省-荆州地区-石首县,422402000000,石首市,湖北省-荆州地区-石首市,,False
1986,撤销,3,422427000000,沔阳县,湖北省-荆州地区-沔阳县,,,,,False
1986,撤县设市,3,422824000000,利川县,湖北省-鄂西土家族苗族自治州-利川县,422802000000,利川市,湖北省-鄂西土家族苗族自治州-利川市,国函〔1986〕70号,False
1986,同名改码,3,430219000000,醴陵市,湖南省-株洲市-醴陵市,439001000000,醴陵市,湖南省-株洲市-醴陵市,,False
1986,撤县设市,3,430322000000,湘乡县,湖南省-湘潭市-湘乡县,439002000000,湘乡市,湖南省-湘潭市-湘乡市,,False
1986,撤县设市,3,430427000000,耒阳县,湖南省-衡阳市-耒阳县,439003000000,耒阳市,湖南省-衡阳市-耒阳市,,False
1986,撤销,2,432200000000,岳阳地区,湖南省-岳阳地区,,,,,False
1986,同名改码,3,432222000000,平江县,湖南省-岳阳地区-平江县,430626000000,平江县,湖南省-岳阳市-平江县,,False
1986,同名改码,3,432223000000,湘阴县,湖南省-岳阳地区-湘阴县,430624000000,湘阴县,湖南省-岳阳市-湘阴县,,False
1986,同名改码,3,432224000000,汨罗县,湖南省-岳阳地区-汨罗县,430627000000,汨罗县,湖南省-岳阳市-汨罗县,,False
1986,同名改码,3,432225000000,临湘县,湖南省-岳阳地区-临湘县,430622000000,临湘县,湖南省-岳阳市-临湘县,,False
1986,同名改码,3,432226000000,华容县,湖南省-岳阳地区-华容县,430623000000,华容县,湖南省-岳阳市-华容县,,False
1986,撤销,2,432600000000,邵阳地区,湖南省-邵阳地区,,,,,False
1986,同名改码,3,432621000000,邵阳县,湖南省-邵阳地区-邵阳县,430523000000,邵阳县,湖南省-邵阳市-邵阳县,,False
1986,同名改码,3,432622000000,隆回县,湖南省-邵阳地区-隆回县,430524000000,隆回县,湖南省-邵阳市-隆回县,,False
1986,同名改码,3,432623000000,武冈县,湖南省-邵阳地区-武冈县,430526000000,武冈县,湖南省-邵阳市-武冈县,,False
1986,同名改码,3,432624000000,洞口县,湖南省-邵阳地区-洞口县,430525000000,洞口县,湖南省-邵阳市-洞口县,,False
1986,同名改码,3,432625000000,新宁县,湖南省-邵阳地区-新宁县,430528000000,新宁县,湖南省-邵阳市-新宁县,,False
1986,同名改码,3,432626000000,绥宁县,湖南省-邵阳地区-绥宁县,430527000000,绥宁县,湖南省-邵阳市-绥宁县,,False
1986,同名改码,3,432627000000,城步苗族自治县,湖南省-邵阳地区-城步苗族自治县,430529000000,城步苗族自治县,湖南省-邵阳市-城步苗族自治县,,False
1986,同名改码,3,442101000000,海口市,广东省-海南行政区-海口市,449003000000,海口市,广东省-海南行政区-海口市,,False
1986,撤销,3,513421000000,西昌县,四川省-凉山彝族自治州-西昌县,,,,,False
1986,撤销,3,533322000000,碧江县,云南省-怒江傈僳族自治州-碧江县,,,,,False
1986,撤县设市,3,542321000000,日喀则县,西藏自治区-日喀则地区-日喀则县,542301000000,日喀则市,西藏自治区-日喀则地区-日喀则市,,False
1986,撤销,2,542700000000,江孜地区,西藏自治区-江孜地区,,,,,False
1986,同名改码,3,542721000000,江孜县,西藏自治区-江孜地区-江孜县,542323000000,江孜县,西藏自治区-日喀则地区-江孜县,,False
1986,同名改码,3,542722000000,浪卡子县,西藏自治区-江孜地区-浪卡子县,542233000000,浪卡子县,西藏自治区-山南地区-浪卡子县,,False
1986,同名改码,3,542723000000,白朗县,西藏自治区-江孜地区-白朗县,542329000000,白朗县,西藏自治区-日喀则地区-白朗县,,False
1986,同名改码,3,542724000000,仁布县,西藏自治区-江孜地区-仁布县,542330000000,仁布县,西藏自治区-日喀则地区-仁布县,,False
1986,同名改码,3,542725000000,康马县,西藏自治区-江孜地区-康马县,542331000000,康马县,西藏自治区-日喀则地区-康马县,,False
1986,同名改码,3,542726000000,亚东县,西藏自治区-江孜地区-亚东县,542334000000,亚东县,西藏自治区-日喀则地区-亚东县,,False
1986,同名改码,3,542727000000,岗巴县,西藏自治区-江孜地区-岗巴县,542338000000,岗巴县,西藏自治区-日喀则地区-岗巴县,,False
1986,撤销,3,630111000000,郊区,青海省-西宁市-郊区,,,,,False
1986,撤县设市,3,653021000000,阿图什县,新疆维吾尔自治区-克孜勒苏柯尔克孜自治州-阿图什县,653001000000,阿图什市,新疆维吾尔自治区-克孜勒苏柯尔克孜自治州-阿图什市,,False
1986,新设,3,,,,132301000000,辛集市,河北省-石家庄地区-辛集市,,False
1986,新设,3,,,,211122000000,盘山县,辽宁省-盘锦市-盘山县,,False
1986,新设,3,,,,220502000000,东昌区,吉林省-通化市-东昌区,,False
1986,新设,3,,,,220503000000,二道江区,吉林省-通化市-二道江区,,False
1986,新设,3,,,,220602000000,八道江区,吉林省-浑江市-八道江区,,False
1986,新设,3,,,,220603000000,三岔子区,吉林省-浑江市-三岔子区,,False
1986,新设,3,,,,220604000000,临江区,吉林省-浑江市-临江区,,False
1986,新设,3,,,,239002000000,镜泊湖市,镜泊湖市,,False
1986,新设,3,,,,320706000000,海州区,江苏省-连云港市-海州区,,False
1986,新设,3,,,,329004000000,张家港市,张家港市,,False
1986,新设,3,,,,379001000000,青州市,青州市,,False
1986,新设,3,,,,379002000000,龙口市,龙口市,,False
1986,新设,3,,,,411002000000,魏都区,河南省-许昌市-魏都区,,False
1986,新设,2,,,,411100000000,漯河市,河南省-漯河市,,False
1986,新设,3,,,,411102000000,源汇区,河南省-漯河市-源汇区,,False
1986,新设,2,,,,411200000000,三门峡市,河南省-三门峡市,,False
1986,新设,3,,,,411202000000,湖滨区,河南省-三门峡市-湖滨区,,False
1986,新设,3,,,,420502000000,西陵区,湖北省-宜昌市-西陵区,,False
1986,新设,3,,,,420503000000,伍家岗区,湖北省-宜昌市-伍家岗区,,False
1986,新设,3,,,,420504000000,点军区,湖北省-宜昌市-点军区,,False
1986,新设,3,,,,422401000000,仙桃市,湖北省-荆州地区-仙桃市,,False
1986,新设,3,,,,442202000000,通什市,广东省-海南黎族苗族自治州-通什市,,False
1986,新设,3,,,,610404000000,渭城区,陕西省-咸阳市-渭城区,,False
1986,新设,3,,,,630105000000,城北区,青海省-西宁市-城北区,,False
1987,更名,3,239002000000,镜泊湖市,镜泊湖市,239002000000,阿城市,阿城市,,False
1987,更名,3,330206000000,滨海区,浙江省-宁波市-滨海区,330206000000,北仑区,浙江省-宁波市-北仑区,,False
1987,更名,3,350211000000,郊区,福建省-厦门市-郊区,350211000000,集美区,福建省-厦门市-集美区,,False
1987,更名,3,362501000000,抚州市,江西省-抚州地区-抚州市,362501000000,临川市,江西省-抚州地区-临川市,,False
1987,更名,3,379006000000,威海市,威海市,379006000000,胶州市,胶州市,,False
1987,更名,3,420703000000,黄州区,湖北省-鄂州市-黄州区,420703000000,华容区,湖北省-鄂州市-华容区,,False
1987,更名,3,433030000000,靖县,湖南省-怀化地区-靖县,433030000000,靖州苗族侗族自治县,湖南省-怀化地区-靖州苗族侗族自治县,,False
1987,更名,3,440111000000,郊区,广东省-广州市-郊区,440111000000,白云区,广东省-广州市-白云区,,False
1987,更名,3,440602000000,汾江区,广东省-佛山市-汾江区,440602000000,城区,广东省-佛山市-城区,,False
1987,更名,2,510400000000,渡口市,四川省-渡口市,510400000000,攀枝花市,四川省-攀枝花市,,False
1987,更名,2,513200000000,阿坝藏族自治州,四川省-阿坝藏族自治州,513200000000,阿坝藏族羌族自治州,四川省-阿坝藏族羌族自治州,,False
1987,更名,3,513223000000,茂汶羌族自治县,四川省-阿坝藏族自治州-茂汶羌族自治县,513223000000,茂县,四川省-阿坝藏族羌族自治州-茂县,,False
1987,更名,3,520201000000,水城特区,贵州省-六盘水市-水城特区,520201000000,钟山区,贵州省-六盘水市-钟山区,,False
1987,更名,3,533325000000,兰坪县,云南省-怒江傈僳族自治州-兰坪县,533325000000,兰坪白族普米族自治县,云南省-怒江傈僳族自治州-兰坪白族普米族自治县,,False
1987,更名,2,640200000000,石咀山市,宁夏回族自治区-石咀山市,640200000000,石嘴山市,宁夏回族自治区-石嘴山市,,False
1987,更名,3,640205000000,石咀山区,宁夏回族自治区-石咀山市-石咀山区,640205000000,石嘴山区,宁夏回族自治区-石嘴山市-石嘴山区,,False
1987,撤销,3,130605000000,郊区,河北省-保定市-郊区,,,,,False
1987,撤县设市,3,132222000000,沙河县,河北省-邢台地区-沙河县,132202000000,沙河市,河北省-邢台地区-沙河市,,False
1987,撤县设区,3,210221000000,金县,辽宁省-大连市-金县,210213000000,金州区,辽宁省-大连市-金州区,,False
1987,撤县设市,3,222321000000,扶余县,吉林省-白城地区-扶余县,222303000000,扶余市,吉林省-白城地区-扶余市,,False
1987,撤县设市,3,222322000000,洮安县,吉林省-白城地区-洮安县,222302000000,洮南市,吉林省-白城地区-洮南市,,False
1987,撤销,3,230122000000,阿城县,黑龙江省-哈尔滨市-阿城县,,,,,False
1987,撤销,3,230504000000,岭西区,黑龙江省-双鸭山市-岭西区,,,,,False
1987,同名改码,3,230825000000,集贤县,黑龙江省-佳木斯市-集贤县,230521000000,集贤县,黑龙江省-双鸭山市-集贤县,,False
1987,同名改码,3,230829000000,绥滨县,黑龙江省-佳木斯市-绥滨县,230422000000,绥滨县,黑龙江省-鹤岗市-绥滨县,,False
1987,同名改码,3,230830000000,萝北县,黑龙江省-佳木斯市-萝北县,230421000000,萝北县,黑龙江省-鹤岗市-萝北县,,False
1987,撤县设市,3,230831000000,同江县,黑龙江省-佳木斯市-同江县,239003000000,同江市,黑龙江省-佳木斯市-同江市,,False
1987,撤县设市,3,320221000000,江阴县,江苏省-无锡市-江阴县,329005000000,江阴市,江苏省-无锡市-江阴市,,False
1987,撤县设市,3,320824000000,宿迁县,江苏省-淮阴市-宿迁县,329006000000,宿迁市,江苏省-淮阴市-宿迁市,,False
1987,撤县设市,3,320828000000,淮安县,江苏省-淮阴市-淮安县,329010000000,淮安市,江苏省-淮阴市-淮安市,,False
1987,撤县设市,3,320927000000,东台县,江苏省-盐城市-东台县,329008000000,东台市,江苏省-盐城市-东台市,,False
1987,撤县设市,3,321021000000,兴化县,江苏省-扬州市-兴化县,329009000000,兴化市,江苏省-扬州市-兴化市,,False
1987,撤县设市,3,321122000000,丹阳县,江苏省-镇江市-丹阳县,329007000000,丹阳市,江苏省-镇江市-丹阳市,,False
1987,撤县设市,3,330121000000,萧山县,浙江省-杭州市-萧山县,339005000000,萧山市,浙江省-杭州市-萧山市,,False
1987,撤县设市,3,330325000000,瑞安县,浙江省-温州市-瑞安县,339004000000,瑞安市,浙江省-温州市-瑞安市,,False
1987,撤县设市,3,330823000000,江山县,浙江省-衢州市-江山县,339006000000,江山市,浙江省-衢州市-江山市,,False
1987,撤地设市,2,332700000000,舟山地区,浙江省-舟山地区,330900000000,舟山市,浙江省-舟山市,,False
1987,撤县设区,3,332721000000,定海县,浙江省-舟山地区-定海县,330902000000,定海区,浙江省-舟山市-定海区,,False
1987,撤县设区,3,332722000000,普陀县,浙江省-舟山地区-普陀县,330903000000,普陀区,浙江省-舟山市-普陀区,,False
1987,同名改码,3,332723000000,岱山县,浙江省-舟山地区-岱山县,330921000000,岱山县,浙江省-舟山市-岱山县,,False
1987,同名改码,3,332724000000,嵊泗县,浙江省-舟山地区-嵊泗县,330922000000,嵊泗县,浙江省-舟山市-嵊泗县,,False
1987,撤销,3,340704000000,铜山区,安徽省-铜陵市-铜山区,,,,,False
1987,撤市设区,3,340901000000,黄山市,黄山市,341003000000,黄山区,安徽省-黄山市-黄山区,,False
1987,撤县设市,3,342521000000,宣城县,安徽省-宣城地区-宣城县,342501000000,宣城市,安徽省-宣城地区-宣城市,,False
1987,撤销,2,342700000000,徽州地区,安徽省-徽州地区,,,,,False
1987,撤市设区,3,342701000000,屯溪市,安徽省-徽州地区-屯溪市,341002000000,屯溪区,安徽省-黄山市-屯溪区,,False
1987,同名改码,3,342721000000,绩溪县,安徽省-徽州地区-绩溪县,342531000000,绩溪县,安徽省-宣城地区-绩溪县,,False
1987,同名改码,3,342722000000,旌德县,安徽省-徽州地区-旌德县,342530000000,旌德县,安徽省-宣城地区-旌德县,,False
1987,同名改码,3,342723000000,歙县,安徽省-徽州地区-歙县,341021000000,歙县,安徽省-黄山市-歙县,,False
1987,同名改码,3,342724000000,休宁县,安徽省-徽州地区-休宁县,341022000000,休宁县,安徽省-黄山市-休宁县,,False
1987,同名改码,3,342725000000,黟县,安徽省-徽州地区-黟县,341023000000,黟县,安徽省-黄山市-黟县,,False
1987,同名改码,3,342726000000,祁门县,安徽省-徽州地区-祁门县,341024000000,祁门县,安徽省-黄山市-祁门县,,False
1987,同名改码,3,342728000000,石台县,安徽省-徽州地区-石台县,342831000000,石台县,安徽省-安庆地区-石台县,,False
1987,撤销,3,362521000000,临川县,江西省-抚州地区-临川县,,,,,False
1987,撤销,3,370111000000,郊区,山东省-济南市-郊区,,,,,False
1987,撤县设区,3,370121000000,历城县,山东省-济南市-历城县,370112000000,历城区,山东省-济南市-历城区,,False
1987,撤销,3,370224000000,胶县,山东省-青岛市-胶县,,,,,False
1987,撤销,3,370504000000,牛庄区,山东省-东营市-牛庄区,,,,,False
1987,撤县设市,3,370627000000,莱阳县,山东省-烟台市-莱阳县,379008000000,莱阳市,山东省-烟台市-莱阳市,,False
1987,同名改码,3,370630000000,乳山县,山东省-烟台市-乳山县,371021000000,乳山县,山东省-威海市-乳山县,,False
1987,同名改码,3,370632000000,文登县,山东省-烟台市-文登县,371022000000,文登县,山东省-威海市-文登县,,False
1987,同名改码,3,370633000000,荣成县,山东省-烟台市-荣成县,371023000000,荣成县,山东省-威海市-荣成县,,False
1987,撤县设市,3,370728000000,诸城县,山东省-潍坊市-诸城县,379007000000,诸城市,山东省-潍坊市-诸城市,,False
1987,撤销,3,372322000000,滨县,山东省-惠民地区-滨县,,,,,False
1987,撤销,3,410107000000,新密区,河南省-郑州市-新密区,,,,,False
1987,撤销,3,410111000000,金海区,河南省-郑州市-金海区,,,,,False
1987,撤销,3,410112000000,郊区,河南省-郑州市-郊区,,,,,False
1987,撤销,3,410911000000,郊区,河南省-濮阳市-郊区,,,,,False
1987,撤销,3,422129000000,广济县,湖北省-黄冈地区-广济县,,,,,False
1987,撤县设市,3,422225000000,安陆县,湖北省-孝感地区-安陆县,422203000000,安陆市,湖北省-孝感地区-安陆市,,False
1987,撤县设市,3,422426000000,洪湖县,湖北省-荆州地区-洪湖县,422403000000,洪湖市,湖北省-荆州地区-洪湖市,,False
1987,撤县设市,3,422428000000,天门县,湖北省-荆州地区-天门县,422404000000,天门市,湖北省-荆州地区-天门市,,False
1987,撤销,3,422722000000,宜都县,湖北省-宜昌地区-宜都县,,,,,False
1987,撤销,3,430504000000,桥头区,湖南省-邵阳市-桥头区,,,,,False
1987,撤县设市,3,430627000000,汨罗县,湖南省-岳阳市-汨罗县,439004000000,汨罗市,湖南省-岳阳市-汨罗市,,False
1987,撤县设市,3,432521000000,涟源县,湖南省-娄底地区-涟源县,432503000000,涟源市,湖南省-娄底地区-涟源市,国函〔1987〕103号,False
1987,区划调整,2,442200000000,海南黎族苗族自治州,广东省-海南黎族苗族自治州,441000000000,海口市,广东省-海口市,,False
1987,撤销,3,442201000000,三亚市,广东省-海南黎族苗族自治州-三亚市,,,,,False
1987,同名改码,3,442202000000,通什市,广东省-海南黎族苗族自治州-通什市,442102000000,通什市,广东省-海南行政区-通什市,,False
1987,更名,3,442222000000,东方县,广东省-海南黎族苗族自治州-东方县,442130000000,东方黎族自治县,广东省-海南行政区-东方黎族自治县,,False
1987,更名,3,442223000000,乐东县,广东省-海南黎族苗族自治州-乐东县,442131000000,乐东黎族自治县,广东省-海南行政区-乐东黎族自治县,,False
1987,更名,3,442224000000,琼中县,广东省-海南黎族苗族自治州-琼中县,442132000000,琼中黎族苗族自治县,广东省-海南行政区-琼中黎族苗族自治县,,False
1987,更名,3,442225000000,保亭县,广东省-海南黎族苗族自治州-保亭县,442133000000,保亭黎族苗族自治县,广东省-海南行政区-保亭黎族苗族自治县,,False
1987,更名,3,442226000000,陵水县,广东省-海南黎族苗族自治州-陵水县,442134000000,陵水黎族自治县,广东省-海南行政区-陵水黎族自治县,,False
1987,更名,3,442227000000,白沙县,广东省-海南黎族苗族自治州-白沙县,442135000000,白沙黎族自治县,广东省-海南行政区-白沙黎族自治县,,False
1987,更名,3,442228000000,昌江县,广东省-海南黎族苗族自治州-昌江县,442136000000,昌江黎族自治县,广东省-海南行政区-昌江黎族自治县,,False
1987,撤销,3,449003000000,海口市,海口市,,,,,False
1987,同名改码,3,452825000000,合浦县,广西壮族自治区-钦州地区-合浦县,450521000000,合浦县,广西壮族自治区-北海市-合浦县,,False
1987,撤县设市,3,522221000000,铜仁县,贵州省-铜仁地区-铜仁县,522201000000,铜仁市,贵州省-铜仁地区-铜仁市,,False
1987,撤县设市,3,522321000000,兴义县,贵州省-黔西南布依族苗族自治州-兴义县,522301000000,兴义市,贵州省-黔西南布依族苗族自治州-兴义市,,False
1987,撤县设市,3,622122000000,敦煌县,甘肃省-酒泉地区-敦煌县,622103000000,敦煌市,甘肃省-酒泉地区-敦煌市,,False
1987,撤销,3,640211000000,郊区,宁夏回族自治区-石咀山市-郊区,,,,,False
1987,新设,3,,,,320205000000,马山区,江苏省-无锡市-马山区,,False
1987,新设,2,,,,341000000000,黄山市,安徽省-黄山市,,False
1987,新设,3,,,,341004000000,徽州区,安徽省-黄山市-徽州区,,False
1987,新设,3,,,,350206000000,湖里区,福建省-厦门市-湖里区,,False
1987,新设,3,,,,359002000000,石狮市,石狮市,,False
1987,新设,2,,,,371000000000,威海市,山东省-威海市,,False
1987,新设,3,,,,371002000000,环翠区,山东省-威海市-环翠区,,False
1987,新设,3,,,,410108000000,邙山区,河南省-郑州市-邙山区,,False
1987,新设,3,,,,410928000000,濮阳县,河南省-濮阳市-濮阳县,,False
1987,新设,3,,,,420702000000,梁子湖区,湖北省-鄂州市-梁子湖区,,False
1987,新设,3,,,,422102000000,武穴市,湖北省-黄冈地区-武穴市,,False
1987,新设,3,,,,422701000000,枝城市,湖北省-宜昌地区-枝城市,,False
1987,新设,2,,,,441100000000,三亚市,广东省-三亚市,,False
1987,新设,3,,,,452731000000,大化瑶族自治县,广西壮族自治区-河池地区-大化瑶族自治县,,False
1987,新设,3,,,,520221000000,水城县,贵州省-六盘水市-水城县,,False
1987,新设,3,,,,640223000000,惠农县,宁夏回族自治区-石嘴山市-惠农县,,False
1987,新设,3,,,,650108000000,东山区,新疆维吾尔自治区-乌鲁木齐市-东山区,,False
1988,更名,3,210411000000,郊区,辽宁省-抚顺市-郊区,210411000000,顺城区,辽宁省-抚顺市-顺城区,,False
1988,更名,3,220323000000,伊通县,吉林省-四平市-伊通县,220323000000,伊通满族自治县,吉林省-四平市-伊通满族自治县,,False
1988,更名,3,230208000000,梅里斯区,黑龙江省-齐齐哈尔市-梅里斯区,230208000000,梅里斯达斡尔族区,黑龙江省-齐齐哈尔市-梅里斯达斡尔族区,,False
1988,更名,2,352100000000,建阳地区,福建省-建阳地区,352100000000,南平地区,福建省-南平地区,,False
1988,更名,3,433025000000,麻阳县,湖南省-怀化地区-麻阳县,433025000000,麻阳苗族自治县,湖南省-怀化地区-麻阳苗族自治县,,False
1988,更名,3,440106000000,芳村区,广东省-广州市-芳村区,440106000000,天河区,广东省-广州市-天河区,,False
1988,更名,3,440107000000,天河区,广东省-广州市-天河区,440107000000,芳村区,广东省-广州市-芳村区,,False
1988,撤县设市,3,130422000000,武安县,河北省-邯郸市-武安县,139001000000,武安市,河北省-邯郸市-武安市,,False
1988,同名改码,3,130504000000,郊区,河北省-邢台市-郊区,441611000000,郊区,广东省-河源市-郊区,,False
1988,撤地设市,2,132800000000,廊坊地区,河北省-廊坊地区,131000000000,廊坊市,河北省-廊坊市,,False
1988,撤销,3,132801000000,廊坊市,河北省-廊坊地区-廊坊市,,,,,False
1988,同名改码,3,132821000000,三河县,河北省-廊坊地区-三河县,131021000000,三河县,河北省-廊坊市-三河县,,False
1988,同名改码,3,132822000000,大厂回族自治县,河北省-廊坊地区-大厂回族自治县,131028000000,大厂回族自治县,河北省-廊坊市-大厂回族自治县,,False
1988,同名改码,3,132823000000,香河县,河北省-廊坊地区-香河县,131024000000,香河县,河北省-廊坊市-香河县,,False
1988,同名改码,3,132825000000,永清县,河北省-廊坊地区-永清县,131023000000,永清县,河北省-廊坊市-永清县,,False
1988,同名改码,3,132826000000,固安县,河北省-廊坊地区-固安县,131022000000,固安县,河北省-廊坊市-固安县,,False
1988,同名改码,3,132827000000,霸县,河北省-廊坊地区-霸县,131027000000,霸县,河北省-廊坊市-霸县,,False
1988,同名改码,3,132828000000,文安县,河北省-廊坊地区-文安县,131026000000,文安县,河北省-廊坊市-文安县,,False
1988,同名改码,3,132829000000,大城县,河北省-廊坊地区-大城县,131025000000,大城县,河北省-廊坊市-大城县,,False
1988,区划调整,3,140111000000,古交工矿区,山西省-太原市-古交工矿区,149001000000,古交市,山西省-太原市-古交市,,False
1988,同名改码,3,142127000000,山阴县,山西省-雁北地区-山阴县,140621000000,山阴县,山西省-朔州市-山阴县,,False
1988,撤销,3,142128000000,朔县,山西省-雁北地区-朔县,,,,,False
1988,撤县设区,3,142129000000,平鲁县,山西省-雁北地区-平鲁县,140603000000,平鲁区,山西省-朔州市-平鲁区,,False
1988,撤县设市,3,211222000000,开原县,辽宁省-铁岭市-开原县,219007000000,开原市,辽宁省-铁岭市-开原市,,False
1988,撤县设市,3,220123000000,九台县,吉林省-长春市-九台县,229005000000,九台市,吉林省-长春市-九台市,,False
1988,撤县设市,3,220225000000,桦甸县,吉林省-吉林市-桦甸县,229004000000,桦甸市,吉林省-吉林市-桦甸市,,False
1988,同名改码,3,220319000000,公主岭市,吉林省-四平市-公主岭市,229001000000,公主岭市,吉林省-四平市-公主岭市,,False
1988,同名改码,3,220519000000,梅河口市,吉林省-通化市-梅河口市,229002000000,梅河口市,吉林省-通化市-梅河口市,,False
1988,撤县设市,3,220522000000,集安县,吉林省-通化市-集安县,229003000000,集安市,吉林省-通化市-集安市,,False
1988,撤县设市,3,222325000000,大安县,吉林省-白城地区-大安县,222304000000,大安市,吉林省-白城地区-大安市,,False
1988,撤县设市,3,222421000000,龙井县,吉林省-延边朝鲜族自治州-龙井县,222405000000,龙井市,吉林省-延边朝鲜族自治州-龙井市,,False
1988,撤县设市,3,222425000000,珲春县,吉林省-延边朝鲜族自治州-珲春县,222404000000,珲春市,吉林省-延边朝鲜族自治州-珲春市,,False
1988,撤县设市,3,230721000000,铁力县,黑龙江省-伊春市-铁力县,239005000000,铁力市,黑龙江省-伊春市-铁力市,,False
1988,撤县设市,3,230821000000,富锦县,黑龙江省-佳木斯市-富锦县,239004000000,富锦市,黑龙江省-佳木斯市-富锦市,,False
1988,撤县设市,3,231026000000,密山县,黑龙江省-牡丹江市-密山县,239006000000,密山市,黑龙江省-牡丹江市-密山市,,False
1988,撤县设市,3,232124000000,双城县,黑龙江省-松花江地区-双城县,232101000000,双城市,黑龙江省-松花江地区-双城市,,False
1988,撤县设市,3,232129000000,尚志县,黑龙江省-松花江地区-尚志县,232102000000,尚志市,黑龙江省-松花江地区-尚志市,,False
1988,撤销,3,310111000000,吴淞区,吴淞区,,,,,False
1988,撤县设区,3,310223000000,宝山县,宝山县,310113000000,宝山区,宝山区,,False
1988,撤县设市,3,320223000000,宜兴县,江苏省-无锡市-宜兴县,329011000000,宜兴市,江苏省-无锡市-宜兴市,,False
1988,撤县设市,3,330222000000,慈溪县,浙江省-宁波市-慈溪县,339009000000,慈溪市,浙江省-宁波市-慈溪市,,False
1988,撤县设市,3,330224000000,奉化县,浙江省-宁波市-奉化县,339010000000,奉化市,浙江省-宁波市-奉化市,,False
1988,同名改码,3,330502000000,城区,浙江省-湖州市-城区,441502000000,城区,广东省-汕尾市-城区,,False
1988,撤销,3,330511000000,郊区,浙江省-湖州市-郊区,,,,,False
1988,撤县设市,3,330724000000,东阳县,浙江省-金华市-东阳县,339008000000,东阳市,浙江省-金华市-东阳市,,False
1988,撤县设市,3,330725000000,义乌县,浙江省-金华市-义乌县,339007000000,义乌市,浙江省-金华市-义乌市,,False
1988,同名改码,3,340224000000,青阳县,安徽省-芜湖市-青阳县,342923000000,青阳县,安徽省-池州地区-青阳县,,False
1988,撤销,2,342800000000,安庆地区,安徽省-安庆地区,,,,,False
1988,同名改码,3,342821000000,怀宁县,安徽省-安庆地区-怀宁县,340822000000,怀宁县,安徽省-安庆市-怀宁县,,False
1988,同名改码,3,342822000000,桐城县,安徽省-安庆地区-桐城县,340821000000,桐城县,安徽省-安庆市-桐城县,,False
1988,同名改码,3,342823000000,枞阳县,安徽省-安庆地区-枞阳县,340823000000,枞阳县,安徽省-安庆市-枞阳县,,False
1988,同名改码,3,342824000000,潜山县,安徽省-安庆地区-潜山县,340824000000,潜山县,安徽省-安庆市-潜山县,,False
1988,同名改码,3,342825000000,太湖县,安徽省-安庆地区-太湖县,340825000000,太湖县,安徽省-安庆市-太湖县,,False
1988,同名改码,3,342826000000,宿松县,安徽省-安庆地区-宿松县,340826000000,宿松县,安徽省-安庆市-宿松县,,False
1988,同名改码,3,342827000000,望江县,安徽省-安庆地区-望江县,340827000000,望江县,安徽省-安庆市-望江县,,False
1988,同名改码,3,342828000000,岳西县,安徽省-安庆地区-岳西县,340828000000,岳西县,安徽省-安庆市-岳西县,,False
1988,同名改码,3,342829000000,东至县,安徽省-安庆地区-东至县,342921000000,东至县,安徽省-池州地区-东至县,,False
1988,撤县设市,3,342830000000,贵池县,安徽省-安庆地区-贵池县,342901000000,贵池市,安徽省-池州地区-贵池市,,False
1988,同名改码,3,342831000000,石台县,安徽省-安庆地区-石台县,342922000000,石台县,安徽省-池州地区-石台县,,False
1988,撤县设市,3,352221000000,宁德县,福建省-宁德地区-宁德县,352201000000,宁德市,福建省-宁德地区-宁德市,,False
1988,撤销,3,360211000000,鹅湖区,江西省-景德镇市-鹅湖区,,,,,False
1988,撤销,3,360212000000,蛟潭区,江西省-景德镇市-蛟潭区,,,,,False
1988,撤县设市,3,362221000000,丰城县,江西省-宜春地区-丰城县,362202000000,丰城市,江西省-宜春地区-丰城市,,False
1988,撤销,3,362223000000,清江县,江西省-宜春地区-清江县,,,,,False
1988,撤县设区,3,370221000000,崂山县,山东省-青岛市-崂山县,370212000000,崂山区,山东省-青岛市-崂山区,,False
1988,撤销,3,370421000000,滕县,山东省-枣庄市-滕县,,,,,False
1988,撤销,3,370625000000,掖县,山东省-烟台市-掖县,,,,,False
1988,撤县设市,3,371022000000,文登县,山东省-威海市-文登县,379011000000,文登市,山东省-威海市-文登市,,False
1988,撤县设市,3,371023000000,荣成县,山东省-威海市-荣成县,379012000000,荣成市,山东省-威海市-荣成市,,False
1988,撤县设市,3,372427000000,乐陵县,山东省-德州地区-乐陵县,372402000000,乐陵市,山东省-德州地区-乐陵市,,False
1988,撤销,3,410424000000,临汝县,河南省-平顶山市-临汝县,,,,,False
1988,撤销,3,410722000000,汲县,河南省-新乡市-汲县,,,,,False
1988,撤县设市,3,410723000000,辉县,河南省-新乡市-辉县,419006000000,辉县市,河南省-新乡市-辉县市,,False
1988,撤县设市,3,410827000000,济源县,河南省-焦作市-济源县,419003000000,济源市,河南省-焦作市-济源市,,False
1988,撤销,3,411021000000,禹县,河南省-许昌市-禹县,,,,,False
1988,撤县设市,3,412930000000,邓县,河南省-南阳地区-邓县,412902000000,邓州市,河南省-南阳地区-邓州市,,False
1988,撤县设市,3,420622000000,枣阳县,湖北省-襄樊市-枣阳县,429003000000,枣阳市,湖北省-襄樊市-枣阳市,,False
1988,撤销,3,422224000000,应山县,湖北省-孝感地区-应山县,,,,,False
1988,撤县设市,3,422429000000,潜江县,湖北省-荆州地区-潜江县,422405000000,潜江市,湖北省-荆州地区-潜江市,,False
1988,撤县设市,3,422724000000,当阳县,湖北省-宜昌地区-当阳县,422702000000,当阳市,湖北省-宜昌地区-当阳市,,False
1988,撤县设市,3,432323000000,沅江县,湖南省-益阳地区-沅江县,432302000000,沅江市,湖南省-益阳地区-沅江市,,False
1988,撤地设市,2,432400000000,常德地区,湖南省-常德地区,430700000000,常德市,湖南省-常德市,,False
1988,撤销,3,432401000000,常德市,湖南省-常德地区-常德市,,,,,False
1988,同名改码,3,432402000000,津市市,湖南省-常德地区-津市市,439005000000,津市市,湖南省-常德地区-津市市,,False
1988,撤销,3,432421000000,常德县,湖南省-常德地区-常德县,,,,,False
1988,同名改码,3,432422000000,安乡县,湖南省-常德地区-安乡县,430721000000,安乡县,湖南省-常德市-安乡县,,False
1988,同名改码,3,432423000000,汉寿县,湖南省-常德地区-汉寿县,430722000000,汉寿县,湖南省-常德市-汉寿县,,False
1988,同名改码,3,432424000000,澧县,湖南省-常德地区-澧县,430723000000,澧县,湖南省-常德市-澧县,,False
1988,同名改码,3,432425000000,临澧县,湖南省-常德地区-临澧县,430724000000,临澧县,湖南省-常德市-临澧县,,False
1988,同名改码,3,432426000000,桃源县,湖南省-常德地区-桃源县,430725000000,桃源县,湖南省-常德市-桃源县,,False
1988,同名改码,3,432427000000,石门县,湖南省-常德地区-石门县,430726000000,石门县,湖南省-常德市-石门县,,False
1988,同名改码,3,432428000000,慈利县,湖南省-常德地区-慈利县,430821000000,慈利县,湖南省-大庸市-慈利县,,False
1988,撤销,3,433102000000,大庸市,湖南省-湘西土家族苗族自治州-大庸市,,,,,False
1988,同名改码,3,433129000000,桑植县,湖南省-湘西土家族苗族自治州-桑植县,430822000000,桑植县,湖南省-大庸市-桑植县,,False
1988,同名改码,3,440123000000,新丰县,广东省-广州市-新丰县,440233000000,新丰县,广东省-韶关市-新丰县,,False
1988,同名改码,3,440124000000,龙门县,广东省-广州市-龙门县,441324000000,龙门县,广东省-惠州市-龙门县,,False
1988,撤销,3,440127000000,清远县,广东省-广州市-清远县,,,,,False
1988,同名改码,3,440128000000,佛冈县,广东省-广州市-佛冈县,441821000000,佛冈县,广东省-清远市-佛冈县,,False
1988,同名改码,3,440226000000,连县,广东省-韶关市-连县,441824000000,连县,广东省-清远市-连县,,False
1988,同名改码,3,440227000000,阳山县,广东省-韶关市-阳山县,441823000000,阳山县,广东省-清远市-阳山县,,False
1988,同名改码,3,440228000000,英德县,广东省-韶关市-英德县,441822000000,英德县,广东省-清远市-英德县,,False
1988,同名改码,3,440230000000,连山壮族瑶族自治县,广东省-韶关市-连山壮族瑶族自治县,441825000000,连山壮族瑶族自治县,广东省-清远市-连山壮族瑶族自治县,,False
1988,同名改码,3,440231000000,连南瑶族自治县,广东省-韶关市-连南瑶族自治县,441826000000,连南瑶族自治县,广东省-清远市-连南瑶族自治县,,False
1988,撤销,3,440726000000,阳江县,广东省-江门市-阳江县,,,,,False
1988,同名改码,3,440727000000,阳春县,广东省-江门市-阳春县,441722000000,阳春县,广东省-阳江市-阳春县,,False
1988,同名改码,2,441000000000,海口市,广东省-海口市,460100000000,海口市,海南省-海口市,,False
1988,同名改码,2,441100000000,三亚市,广东省-三亚市,460200000000,三亚市,海南省-三亚市,,False
1988,撤销,2,442100000000,海南行政区,广东省-海南行政区,,,,,False
1988,同名改码,3,442102000000,通什市,广东省-海南行政区-通什市,460001000000,通什市,海南省-通什市,,False
1988,同名改码,3,442121000000,琼山县,广东省-海南行政区-琼山县,460021000000,琼山县,海南省-琼山县,,False
1988,同名改码,3,442122000000,文昌县,广东省-海南行政区-文昌县,460022000000,文昌县,海南省-文昌县,,False
1988,同名改码,3,442123000000,琼海县,广东省-海南行政区-琼海县,460023000000,琼海县,海南省-琼海县,,False
1988,同名改码,3,442124000000,万宁县,广东省-海南行政区-万宁县,460024000000,万宁县,海南省-万宁县,,False
1988,同名改码,3,442125000000,定安县,广东省-海南行政区-定安县,460025000000,定安县,海南省-定安县,,False
1988,同名改码,3,442126000000,屯昌县,广东省-海南行政区-屯昌县,460026000000,屯昌县,海南省-屯昌县,,False
1988,同名改码,3,442127000000,澄迈县,广东省-海南行政区-澄迈县,460027000000,澄迈县,海南省-澄迈县,,False
1988,同名改码,3,442128000000,临高县,广东省-海南行政区-临高县,460028000000,临高县,海南省-临高县,,False
1988,同名改码,3,442129000000,儋县,广东省-海南行政区-儋县,460029000000,儋县,海南省-儋县,,False
1988,同名改码,3,442130000000,东方黎族自治县,广东省-海南行政区-东方黎族自治县,460032000000,东方黎族自治县,海南省-东方黎族自治县,,False
1988,同名改码,3,442131000000,乐东黎族自治县,广东省-海南行政区-乐东黎族自治县,460033000000,乐东黎族自治县,海南省-乐东黎族自治县,,False
1988,同名改码,3,442132000000,琼中黎族苗族自治县,广东省-海南行政区-琼中黎族苗族自治县,460036000000,琼中黎族苗族自治县,海南省-琼中黎族苗族自治县,,False
1988,同名改码,3,442133000000,保亭黎族苗族自治县,广东省-海南行政区-保亭黎族苗族自治县,460035000000,保亭黎族苗族自治县,海南省-保亭黎族苗族自治县,,False
1988,同名改码,3,442134000000,陵水黎族自治县,广东省-海南行政区-陵水黎族自治县,460034000000,陵水黎族自治县,海南省-陵水黎族自治县,,False
1988,同名改码,3,442135000000,白沙黎族自治县,广东省-海南行政区-白沙黎族自治县,460030000000,白沙黎族自治县,海南省-白沙黎族自治县,,False
1988,同名改码,3,442136000000,昌江黎族自治县,广东省-海南行政区-昌江黎族自治县,460031000000,昌江黎族自治县,海南省-昌江黎族自治县,,False
1988,撤地设市,2,442400000000,梅县地区,广东省-梅县地区,441400000000,梅州市,广东省-梅州市,,False
1988,区划调整,3,442401000000,梅县市,广东省-梅县地区-梅县市,441421000000,梅县,广东省-梅州市-梅县,,False
1988,同名改码,3,442422000000,大埔县,广东省-梅县地区-大埔县,441422000000,大埔县,广东省-梅州市-大埔县,,False
1988,同名改码,3,442423000000,丰顺县,广东省-梅县地区-丰顺县,441423000000,丰顺县,广东省-梅州市-丰顺县,,False
1988,同名改码,3,442424000000,五华县,广东省-梅县地区-五华县,441424000000,五华县,广东省-梅州市-五华县,,False
1988,同名改码,3,442425000000,兴宁县,广东省-梅县地区-兴宁县,441425000000,兴宁县,广东省-梅州市-兴宁县,,False
1988,同名改码,3,442426000000,平远县,广东省-梅县地区-平远县,441426000000,平远县,广东省-梅州市-平远县,,False
1988,同名改码,3,442427000000,蕉岭县,广东省-梅县地区-蕉岭县,441427000000,蕉岭县,广东省-梅州市-蕉岭县,,False
1988,撤地设市,2,442500000000,惠阳地区,广东省-惠阳地区,441300000000,惠州市,广东省-惠州市,,False
1988,撤销,3,442501000000,惠州市,广东省-惠阳地区-惠州市,,,,,False
1988,撤销,3,442502000000,东莞市,广东省-惠阳地区-东莞市,,,,,False
1988,同名改码,3,442521000000,惠阳县,广东省-惠阳地区-惠阳县,441321000000,惠阳县,广东省-惠州市-惠阳县,,False
1988,同名改码,3,442522000000,紫金县,广东省-惠阳地区-紫金县,441621000000,紫金县,广东省-河源市-紫金县,,False
1988,同名改码,3,442523000000,和平县,广东省-惠阳地区-和平县,441624000000,和平县,广东省-河源市-和平县,,False
1988,同名改码,3,442524000000,连平县,广东省-惠阳地区-连平县,441623000000,连平县,广东省-河源市-连平县,,False
1988,撤销,3,442525000000,河源县,广东省-惠阳地区-河源县,,,,,False
1988,同名改码,3,442526000000,博罗县,广东省-惠阳地区-博罗县,441322000000,博罗县,广东省-惠州市-博罗县,,False
1988,同名改码,3,442528000000,惠东县,广东省-惠阳地区-惠东县,441323000000,惠东县,广东省-惠州市-惠东县,,False
1988,同名改码,3,442529000000,龙川县,广东省-惠阳地区-龙川县,441622000000,龙川县,广东省-河源市-龙川县,,False
1988,同名改码,3,442530000000,陆丰县,广东省-惠阳地区-陆丰县,441522000000,陆丰县,广东省-汕尾市-陆丰县,,False
1988,同名改码,3,442531000000,海丰县,广东省-惠阳地区-海丰县,441521000000,海丰县,广东省-汕尾市-海丰县,,False
1988,撤地设市,2,442800000000,肇庆地区,广东省-肇庆地区,441200000000,肇庆市,广东省-肇庆市,,False
1988,撤销,3,442801000000,肇庆市,广东省-肇庆地区-肇庆市,,,,,False
1988,同名改码,3,442821000000,高要县,广东省-肇庆地区-高要县,441221000000,高要县,广东省-肇庆市-高要县,,False
1988,同名改码,3,442822000000,四会县,广东省-肇庆地区-四会县,441222000000,四会县,广东省-肇庆市-四会县,,False
1988,同名改码,3,442823000000,广宁县,广东省-肇庆地区-广宁县,441223000000,广宁县,广东省-肇庆市-广宁县,,False
1988,同名改码,3,442824000000,怀集县,广东省-肇庆地区-怀集县,441224000000,怀集县,广东省-肇庆市-怀集县,,False
1988,同名改码,3,442825000000,封开县,广东省-肇庆地区-封开县,441225000000,封开县,广东省-肇庆市-封开县,,False
1988,同名改码,3,442826000000,德庆县,广东省-肇庆地区-德庆县,441226000000,德庆县,广东省-肇庆市-德庆县,,False
1988,同名改码,3,442827000000,云浮县,广东省-肇庆地区-云浮县,441227000000,云浮县,广东省-肇庆市-云浮县,,False
1988,同名改码,3,442828000000,新兴县,广东省-肇庆地区-新兴县,441228000000,新兴县,广东省-肇庆市-新兴县,,False
1988,同名改码,3,442829000000,郁南县,广东省-肇庆地区-郁南县,441229000000,郁南县,广东省-肇庆市-郁南县,,False
1988,同名改码,3,442830000000,罗定县,广东省-肇庆地区-罗定县,441230000000,罗定县,广东省-肇庆市-罗定县,,False
1988,撤销,3,449002000000,中山市,中山市,,,,,False
1988,撤县设市,3,452522000000,贵县,广西壮族自治区-玉林地区-贵县,452502000000,贵港市,广西壮族自治区-玉林地区-贵港市,,False
1988,撤销,3,510127000000,灌县,四川省-成都市-灌县,,,,,False
1988,撤县设市,3,510624000000,广汉县,四川省-德阳市-广汉县,519001000000,广汉市,四川省-德阳市-广汉市,,False
1988,撤县设市,3,510721000000,江油县,四川省-绵阳市-江油县,519002000000,江油市,四川省-绵阳市-江油市,,False
1988,撤销,3,511102000000,市中区,四川省-乐山市-市中区,,,,,False
1988,撤县设市,3,511125000000,峨眉县,四川省-乐山市-峨眉县,519004000000,峨眉山市,四川省-乐山市-峨眉山市,,False
1988,同名改码,3,512325000000,石柱土家族自治县,四川省-涪陵地区-石柱土家族自治县,513521000000,石柱土家族自治县,四川省-黔江地区-石柱土家族自治县,,False
1988,同名改码,3,512327000000,彭水苗族土家族自治县,四川省-涪陵地区-彭水苗族土家族自治县,513525000000,彭水苗族土家族自治县,四川省-黔江地区-彭水苗族土家族自治县,,False
1988,同名改码,3,512328000000,黔江土家族苗族自治县,四川省-涪陵地区-黔江土家族苗族自治县,513523000000,黔江土家族苗族自治县,四川省-黔江地区-黔江土家族苗族自治县,,False
1988,同名改码,3,512329000000,酉阳土家族苗族自治县,四川省-涪陵地区-酉阳土家族苗族自治县,513524000000,酉阳土家族苗族自治县,四川省-黔江地区-酉阳土家族苗族自治县,,False
1988,同名改码,3,512330000000,秀山土家族苗族自治县,四川省-涪陵地区-秀山土家族苗族自治县,513522000000,秀山土家族苗族自治县,四川省-黔江地区-秀山土家族苗族自治县,,False
1988,撤县设市,3,612421000000,安康县,陕西省-安康地区-安康县,612401000000,安康市,陕西省-安康地区-安康市,,False
1988,撤县设市,3,612521000000,商县,陕西省-商洛地区-商县,612501000000,商州市,陕西省-商洛地区-商州市,,False
1988,撤县设市,3,612721000000,榆林县,陕西省-榆林地区-榆林县,612701000000,榆林市,陕西省-榆林地区-榆林市,,False
1988,新设,3,,,,131002000000,安次区,河北省-廊坊市-安次区,,False
1988,新设,2,,,,140600000000,朔州市,山西省-朔州市,,False
1988,新设,3,,,,140602000000,朔城区,山西省-朔州市-朔城区,,False
1988,新设,2,,,,342900000000,池州地区,安徽省-池州地区,,False
1988,新设,3,,,,360222000000,浮梁县,江西省-景德镇市-浮梁县,,False
1988,新设,3,,,,362203000000,樟树市,江西省-宜春地区-樟树市,,False
1988,新设,3,,,,379009000000,莱州市,莱州市,,False
1988,新设,3,,,,379010000000,滕州市,滕州市,,False
1988,新设,3,,,,419002000000,汝州市,汝州市,,False
1988,新设,3,,,,419004000000,禹州市,禹州市,,False
1988,新设,3,,,,419005000000,卫辉市,卫辉市,,False
1988,新设,3,,,,422204000000,广水市,湖北省-孝感地区-广水市,,False
1988,新设,3,,,,430306000000,韶山区,湖南省-湘潭市-韶山区,,False
1988,新设,3,,,,430412000000,南岳区,湖南省-衡阳市-南岳区,,False
1988,新设,3,,,,430702000000,武陵区,湖南省-常德市-武陵区,,False
1988,新设,3,,,,430703000000,鼎城区,湖南省-常德市-鼎城区,,False
1988,新设,2,,,,430800000000,大庸市,湖南省-大庸市,,False
1988,新设,3,,,,430802000000,永定区,湖南省-大庸市-永定区,,False
1988,新设,3,,,,430811000000,武陵源区,湖南省-大庸市-武陵源区,,False
1988,新设,3,,,,441202000000,端州区,广东省-肇庆市-端州区,,False
1988,新设,3,,,,441203000000,鼎湖区,广东省-肇庆市-鼎湖区,,False
1988,新设,3,,,,441302000000,惠城区,广东省-惠州市-惠城区,,False
1988,新设,3,,,,441402000000,梅江区,广东省-梅州市-梅江区,,False
1988,新设,2,,,,441500000000,汕尾市,广东省-汕尾市,,False
1988,新设,3,,,,441523000000,陆河县,广东省-汕尾市-陆河县,,False
1988,新设,2,,,,441600000000,河源市,广东省-河源市,,False
1988,新设,3,,,,441602000000,源城区,广东省-河源市-源城区,,False
1988,新设,2,,,,441700000000,阳江市,广东省-阳江市,,False
1988,新设,3,,,,441702000000,江城区,广东省-阳江市-江城区,,False
1988,新设,3,,,,441703000000,阳东区,广东省-阳江市-阳东区,,False
1988,新设,3,,,,441721000000,阳西县,广东省-阳江市-阳西县,,False
1988,新设,2,,,,441800000000,清远市,广东省-清远市,,False
1988,新设,3,,,,441802000000,清城区,广东省-清远市-清城区,,False
1988,新设,3,,,,441811000000,清郊区,广东省-清远市-清郊区,,False
1988,新设,2,,,,441900000000,东莞市,广东省-东莞市,,False
1988,新设,2,,,,442000000000,中山市,广东省-中山市,,False
1988,新设,1,,,,460000000000,海南省,海南省,,False
1988,新设,2,,,,513500000000,黔江地区,四川省-黔江地区,,False
1988,新设,3,,,,519003000000,都江堰市,都江堰市,,False
1988,新设,3,,,,632802000000,德令哈市,青海省-海西蒙古族藏族自治州-德令哈市,,False
1989,更名,3,132622000000,宽城县,河北省-承德地区-宽城县,132622000000,宽城满族自治县,河北省-承德地区-宽城满族自治县,,False
1989,更名,3,132629000000,围场县,河北省-承德地区-围场县,132629000000,围场满族蒙古族自治县,河北省-承德地区-围场满族蒙古族自治县,,False
1989,更名,3,210423000000,清原县,辽宁省-抚顺市-清原县,210423000000,清原满族自治县,辽宁省-抚顺市-清原满族自治县,,False
1989,更名,3,210521000000,本溪县,辽宁省-本溪市-本溪县,210521000000,本溪满族自治县,辽宁省-本溪市-本溪满族自治县,,False
1989,更名,3,210522000000,桓仁县,辽宁省-本溪市-桓仁县,210522000000,桓仁满族自治县,辽宁省-本溪市-桓仁满族自治县,,False
1989,更名,3,210624000000,宽甸县,辽宁省-丹东市-宽甸县,210624000000,宽甸满族自治县,辽宁省-丹东市-宽甸满族自治县,,False
1989,更名,3,210725000000,北镇县,辽宁省-锦州市-北镇县,210725000000,北镇满族自治县,辽宁省-锦州市-北镇满族自治县,,False
1989,更名,3,410204000000,古楼区,河南省-开封市-古楼区,410204000000,鼓楼区,河南省-开封市-鼓楼区,,False
1989,更名,3,650107000000,南山区,新疆维吾尔自治区-乌鲁木齐市-南山区,650107000000,南山矿区,新疆维吾尔自治区-乌鲁木齐市-南山矿区,,False
1989,撤销,3,130107000000,井陉矿区,河北省-石家庄市-井陉矿区,,,,,False
1989,撤销,3,130704000000,茶坊区,河北省-张家口市-茶坊区,,,,,False
1989,撤销,3,130707000000,庞家堡区,河北省-张家口市-庞家堡区,,,,,False
1989,撤县设市,3,132325000000,藁城县,河北省-石家庄地区-藁城县,132302000000,藁城市,河北省-石家庄地区-藁城市,,False
1989,撤县设市,3,132930000000,黄骅县,河北省-沧州地区-黄骅县,132904000000,黄骅市,河北省-沧州地区-黄骅市,,False
1989,撤县设市,3,142626000000,霍县,山西省-临汾地区-霍县,142603000000,霍州市,山西省-临汾地区-霍州市,,False
1989,同名改码,3,210704000000,南票区,辽宁省-锦州市-南票区,211404000000,南票区,辽宁省-锦西市-南票区,,False
1989,同名改码,3,210705000000,葫芦岛区,辽宁省-锦州市-葫芦岛区,211405000000,葫芦岛区,辽宁省-锦西市-葫芦岛区,,False
1989,同名改码,3,210723000000,绥中县,辽宁省-锦州市-绥中县,211421000000,绥中县,辽宁省-锦西市-绥中县,,False
1989,同名改码,3,211325000000,建昌县,辽宁省-朝阳市-建昌县,211422000000,建昌县,辽宁省-锦西市-建昌县,,False
1989,撤销,3,219003000000,锦西市,锦西市,,,,,False
1989,撤县设市,3,220224000000,蛟河县,吉林省-吉林市-蛟河县,229006000000,蛟河市,吉林省-吉林市-蛟河市,,False
1989,撤县设市,3,232321000000,海伦县,黑龙江省-绥化地区-海伦县,232304000000,海伦市,黑龙江省-绥化地区-海伦市,,False
1989,撤县设市,3,320523000000,昆山县,江苏省-苏州市-昆山县,329012000000,昆山市,江苏省-苏州市-昆山市,,False
1989,撤县设市,3,320626000000,启东县,江苏省-南通市-启东县,329013000000,启东市,江苏省-南通市-启东市,,False
1989,撤县设市,3,330625000000,诸暨县,浙江省-绍兴市-诸暨县,339011000000,诸暨市,浙江省-绍兴市-诸暨市,,False
1989,撤县设市,3,332622000000,黄岩县,浙江省-台州地区-黄岩县,332603000000,黄岩市,浙江省-台州地区-黄岩市,,False
1989,撤县设市,3,342129000000,界首县,安徽省-阜阳地区-界首县,342103000000,界首市,安徽省-阜阳地区-界首市,,False
1989,撤销,3,352126000000,崇安县,福建省-南平地区-崇安县,,,,,False
1989,撤县设市,3,352226000000,福安县,福建省-宁德地区-福安县,352202000000,福安市,福建省-宁德地区-福安市,,False
1989,撤县设市,3,360422000000,瑞昌县,江西省-九江市-瑞昌县,369001000000,瑞昌市,江西省-九江市-瑞昌市,,False
1989,撤县设市,3,370222000000,即墨县,山东省-青岛市-即墨县,379013000000,即墨市,山东省-青岛市-即墨市,,False
1989,撤县设市,3,370226000000,平度县,山东省-青岛市-平度县,379014000000,平度市,山东省-青岛市-平度市,,False
1989,同名改码,3,372331000000,高青县,山东省-惠民地区-高青县,370322000000,高青县,山东省-淄博市-高青县,,False
1989,同名改码,3,372429000000,商河县,山东省-德州地区-商河县,370126000000,商河县,山东省-济南市-商河县,,False
1989,同名改码,3,372430000000,济阳县,山东省-德州地区-济阳县,370125000000,济阳县,山东省-济南市-济阳县,,False
1989,撤销,3,372825000000,日照县,山东省-临沂地区-日照县,,,,,False
1989,同名改码,3,372828000000,沂源县,山东省-临沂地区-沂源县,370323000000,沂源县,山东省-淄博市-沂源县,,False
1989,同名改码,3,372927000000,梁山县,山东省-菏泽地区-梁山县,370832000000,梁山县,山东省-济宁市-梁山县,,False
1989,撤县设市,3,410824000000,沁阳县,河南省-焦作市-沁阳县,419007000000,沁阳市,河南省-焦作市-沁阳市,,False
1989,撤销,3,511021000000,内江县,四川省-内江市-内江县,,,,,False
1989,新设,2,,,,211400000000,锦西市,辽宁省-锦西市,,False
1989,新设,3,,,,211402000000,连山区,辽宁省-锦西市-连山区,,False
1989,新设,3,,,,352103000000,武夷山市,福建省-南平地区-武夷山市,,False
1989,新设,2,,,,371100000000,日照市,山东省-日照市,,False
1989,新设,3,,,,510811000000,元坝区,四川省-广元市-元坝区,,False
1989,新设,3,,,,510812000000,朝天区,四川省-广元市-朝天区,,False
1989,新设,3,,,,511011000000,东兴区,四川省-内江市-东兴区,,False
1989,新设,3,,,,511102000000,市中区,四川省-乐山市-市中区,,False
1990,更名,3,340205000000,裕溪口区,安徽省-芜湖市-裕溪口区,340205000000,鸠江区,安徽省-芜湖市-鸠江区,,False
1990,更名,3,410811000000,郊区,河南省-焦作市-郊区,410811000000,山阳区,河南省-焦作市-山阳区,,False
1990,更名,3,452332000000,恭城县,广西壮族自治区-桂林地区-恭城县,452332000000,恭城瑶族自治县,广西壮族自治区-桂林地区-恭城瑶族自治县,,False
1990,更名,3,532726000000,镇沅县,云南省-思茅地区-镇沅县,532726000000,镇沅彝族哈尼族拉祜族自治县,云南省-思茅地区-镇沅彝族哈尼族拉祜族自治县,,False
1990,撤销,3,131027000000,霸县,河北省-廊坊市-霸县,,,,,False
1990,撤县设市,3,132922000000,河间县,河北省-沧州地区-河间县,132905000000,河间市,河北省-沧州地区-河间市,,False
1990,撤县设市,3,152628000000,丰镇县,内蒙古自治区-乌兰察布盟-丰镇县,152602000000,丰镇市,内蒙古自治区-乌兰察布盟-丰镇市,,False
1990,撤县设市,3,220121000000,榆树县,吉林省-长春市-榆树县,229007000000,榆树市,吉林省-长春市-榆树市,,False
1990,撤县设市,3,320326000000,新沂县,江苏省-徐州市-新沂县,329014000000,新沂市,江苏省-徐州市-新沂市,,False
1990,撤县设市,3,320423000000,溧阳县,江苏省-常州市-溧阳县,329015000000,溧阳市,江苏省-常州市-溧阳市,,False
1990,撤销,3,330107000000,半山区,浙江省-杭州市-半山区,,,,,False
1990,撤县设市,3,332524000000,龙泉县,浙江省-丽水地区-龙泉县,332502000000,龙泉市,浙江省-丽水地区-龙泉市,,False
1990,撤销,3,340206000000,四褐山区,安徽省-芜湖市-四褐山区,,,,,False
1990,撤销,3,340211000000,郊区,安徽省-芜湖市-郊区,,,,,False
1990,撤县设市,3,350127000000,福清县,福建省-福州市-福清县,359003000000,福清市,福建省-福州市-福清市,,False
1990,撤县设市,3,352626000000,漳平县,福建省-龙岩地区-漳平县,352602000000,漳平市,福建省-龙岩地区-漳平市,,False
1990,撤县设市,3,362333000000,德兴县,江西省-上饶地区-德兴县,362302000000,德兴市,江西省-上饶地区-德兴市,,False
1990,撤县设市,3,370223000000,胶南县,山东省-青岛市-胶南县,379016000000,胶南市,山东省-青岛市-胶南市,,False
1990,撤县设市,3,370225000000,莱西县,山东省-青岛市-莱西县,379015000000,莱西市,山东省-青岛市-莱西市,,False
1990,区划调整,3,410412000000,舞钢区,河南省-平顶山市-舞钢区,419008000000,舞钢市,河南省-平顶山市-舞钢市,,False
1990,撤县设市,3,422121000000,黄冈县,湖北省-黄冈地区-黄冈县,422103000000,黄州市,湖北省-黄冈地区-黄州市,,False
1990,区划调整,3,430306000000,韶山区,湖南省-湘潭市-韶山区,439006000000,韶山市,湖南省-湘潭市-韶山市,,False
1990,撤销,3,510102000000,东城区,四川省-成都市-东城区,,,,,False
1990,撤销,3,510103000000,西城区,四川省-成都市-西城区,,,,,False
1990,同名改码,3,510111000000,金牛区,四川省-成都市-金牛区,510106000000,金牛区,四川省-成都市-金牛区,,False
1990,撤县设市,3,522131000000,赤水县,贵州省-遵义地区-赤水县,522102000000,赤水市,贵州省-遵义地区-赤水市,,False
1990,撤销,3,522521000000,安顺县,贵州省-安顺地区-安顺县,,,,,False
1990,撤县设市,3,612125000000,华阴县,陕西省-渭南地区-华阴县,612103000000,华阴市,陕西省-渭南地区-华阴市,,False
1990,新设,3,,,,139002000000,霸州市,霸州市,,False
1990,新设,3,,,,440303000000,罗湖区,广东省-深圳市-罗湖区,,False
1990,新设,3,,,,440304000000,福田区,广东省-深圳市-福田区,,False
1990,新设,3,,,,440305000000,南山区,广东省-深圳市-南山区,,False
1990,新设,3,,,,460102000000,振东区,海南省-海口市-振东区,,False
1990,新设,3,,,,460103000000,新华区,海南省-海口市-新华区,,False
1990,新设,3,,,,460104000000,秀英区,海南省-海口市-秀英区,,False
1990,新设,3,,,,510104000000,锦江区,四川省-成都市-锦江区,,False
1990,新设,3,,,,510105000000,青羊区,四川省-成都市-青羊区,,False
1990,新设,3,,,,510107000000,武侯区,四川省-成都市-武侯区,,False
1990,新设,3,,,,510108000000,成华区,四川省-成都市-成华区,,False
1991,更名,3,320602000000,城区,江苏省-南通市-城区,320602000000,崇川区,江苏省-南通市-崇川区,,False
1991,更名,3,320611000000,郊区,江苏省-南通市-郊区,320611000000,港闸区,江苏省-南通市-港闸区,,False
1991,更名,3,440502000000,同平区,广东省-汕头市-同平区,440502000000,龙湖区,广东省-汕头市-龙湖区,,False
1991,更名,3,440503000000,安平区,广东省-汕头市-安平区,440503000000,金园区,广东省-汕头市-金园区,,False
1991,更名,3,440504000000,公园区,广东省-汕头市-公园区,440504000000,升平区,广东省-汕头市-升平区,,False
1991,撤县设市,3,132322000000,晋县,河北省-石家庄地区-晋县,132303000000,晋州市,河北省-石家庄地区-晋州市,,False
1991,撤县设市,3,132440000000,安国县,河北省-保定地区-安国县,132403000000,安国市,河北省-保定地区-安国市,,False
1991,撤销,3,210222000000,新金县,辽宁省-大连市-新金县,,,,,False
1991,撤县设市,3,211323000000,凌源县,辽宁省-朝阳市-凌源县,219009000000,凌源市,辽宁省-朝阳市-凌源市,,False
1991,同名改码,3,230823000000,依兰县,黑龙江省-佳木斯市-依兰县,230123000000,依兰县,黑龙江省-哈尔滨市-依兰县,,False
1991,同名改码,3,230824000000,友谊县,黑龙江省-佳木斯市-友谊县,230522000000,友谊县,黑龙江省-双鸭山市-友谊县,,False
1991,同名改码,3,230827000000,宝清县,黑龙江省-佳木斯市-宝清县,230523000000,宝清县,黑龙江省-双鸭山市-宝清县,,False
1991,同名改码,3,232122000000,宾县,黑龙江省-松花江地区-宾县,230125000000,宾县,黑龙江省-哈尔滨市-宾县,,False
1991,同名改码,3,232130000000,方正县,黑龙江省-松花江地区-方正县,230124000000,方正县,黑龙江省-哈尔滨市-方正县,,False
1991,撤县设市,3,320622000000,如皋县,江苏省-南通市-如皋县,329016000000,如皋市,江苏省-南通市-如皋市,,False
1991,撤县设市,3,321022000000,高邮县,江苏省-扬州市-高邮县,329017000000,高邮市,江苏省-扬州市-高邮市,,False
1991,撤县设市,3,330422000000,平湖县,浙江省-嘉兴市-平湖县,339012000000,平湖市,浙江省-嘉兴市-平湖市,,False
1991,撤县设市,3,370622000000,蓬莱县,山东省-烟台市-蓬莱县,379017000000,蓬莱市,山东省-烟台市-蓬莱市,,False
1991,撤县设市,3,370624000000,招远县,山东省-烟台市-招远县,379018000000,招远市,山东省-烟台市-招远市,,False
1991,撤销,3,410124000000,巩县,河南省-郑州市-巩县,,,,,False
1991,撤销,3,440505000000,金沙区,广东省-汕头市-金沙区,,,,,False
1991,撤销,3,440511000000,郊区,广东省-汕头市-郊区,,,,,False
1991,同名改码,3,440522000000,饶平县,广东省-汕头市-饶平县,445122000000,饶平县,广东省-潮州市-饶平县,,False
1991,撤销,3,440525000000,揭阳县,广东省-汕头市-揭阳县,,,,,False
1991,同名改码,3,440526000000,揭西县,广东省-汕头市-揭西县,445222000000,揭西县,广东省-揭阳市-揭西县,,False
1991,同名改码,3,440527000000,普宁县,广东省-汕头市-普宁县,445223000000,普宁县,广东省-揭阳市-普宁县,,False
1991,同名改码,3,440528000000,惠来县,广东省-汕头市-惠来县,445224000000,惠来县,广东省-揭阳市-惠来县,,False
1991,区划调整,3,441703000000,阳东区,广东省-阳江市-阳东区,441723000000,阳东县,广东省-阳江市-阳东县,,False
1991,撤销,3,449001000000,潮州市,潮州市,,,,,False
1991,撤县设市,3,512930000000,阆中县,四川省-南充地区-阆中县,512903000000,阆中市,四川省-南充地区-阆中市,,False
1991,新设,3,,,,219008000000,普兰店市,普兰店市,,False
1991,新设,3,,,,419009000000,巩义市,巩义市,,False
1991,新设,2,,,,445100000000,潮州市,广东省-潮州市,,False
1991,新设,3,,,,445102000000,湘桥区,广东省-潮州市-湘桥区,,False
1991,新设,3,,,,445121000000,潮安县,广东省-潮州市-潮安县,,False
1991,新设,2,,,,445200000000,揭阳市,广东省-揭阳市,,False
1991,新设,3,,,,445202000000,榕城区,广东省-揭阳市-榕城区,,False
1991,新设,3,,,,445221000000,揭东县,广东省-揭阳市-揭东县,,False
1992,更名,3,120110000000,东郊区,东郊区,120110000000,东丽区,东丽区,,False
1992,更名,3,120111000000,西郊区,西郊区,120111000000,西青区,西青区,,False
1992,更名,3,120112000000,南郊区,南郊区,120112000000,津南区,津南区,,False
1992,更名,3,120113000000,北郊区,北郊区,120113000000,北辰区,北辰区,,False
1992,更名,3,220211000000,郊区,吉林省-吉林市-郊区,220211000000,丰满区,吉林省-吉林市-丰满区,,False
1992,更名,2,372300000000,惠民地区,山东省-惠民地区,372300000000,滨州地区,山东省-滨州地区,,False
1992,撤县设市,3,130228000000,遵化县,河北省-唐山市-遵化县,139003000000,遵化市,河北省-唐山市-遵化市,,False
1992,撤县设市,3,132329000000,新乐县,河北省-石家庄地区-新乐县,132304000000,新乐市,河北省-石家庄地区-新乐市,,False
1992,撤县设市,3,142324000000,孝义县,山西省-吕梁地区-孝义县,142301000000,孝义市,山西省-吕梁地区-孝义市,,False
1992,撤县设市,3,142432000000,介休县,山西省-晋中地区-介休县,142402000000,介休市,山西省-晋中地区-介休市,,False
1992,撤县设市,3,210225000000,庄河县,辽宁省-大连市-庄河县,219010000000,庄河市,辽宁省-大连市-庄河市,,False
1992,同名改码,3,210622000000,岫岩满族自治县,辽宁省-丹东市-岫岩满族自治县,210323000000,岫岩满族自治县,辽宁省-鞍山市-岫岩满族自治县,,False
1992,撤销,3,210821000000,营口县,辽宁省-营口市-营口县,,,,,False
1992,撤销,3,210824000000,盖县,辽宁省-营口市-盖县,,,,,False
1992,同名改码,3,211225000000,康平县,辽宁省-铁岭市-康平县,210123000000,康平县,辽宁省-沈阳市-康平县,,False
1992,同名改码,3,211226000000,法库县,辽宁省-铁岭市-法库县,210124000000,法库县,辽宁省-沈阳市-法库县,,False
1992,撤县设市,3,220222000000,舒兰县,吉林省-吉林市-舒兰县,229008000000,舒兰市,吉林省-吉林市-舒兰市,,False
1992,区划调整,3,220604000000,临江区,吉林省-浑江市-临江区,220624000000,临江县,吉林省-浑江市-临江县,,False
1992,撤市设区,3,222303000000,扶余市,吉林省-白城地区-扶余市,220702000000,扶余区,吉林省-松原市-扶余区,,False
1992,同名改码,3,222323000000,长岭县,吉林省-白城地区-长岭县,220722000000,长岭县,吉林省-松原市-长岭县,,False
1992,同名改码,3,222324000000,前郭尔罗斯蒙古族自治县,吉林省-白城地区-前郭尔罗斯蒙古族自治县,220721000000,前郭尔罗斯蒙古族自治县,吉林省-松原市-前郭尔罗斯蒙古族自治县,,False
1992,同名改码,3,222328000000,乾安县,吉林省-白城地区-乾安县,220723000000,乾安县,吉林省-松原市-乾安县,,False
1992,撤县设市,3,230222000000,讷河县,黑龙江省-齐齐哈尔市-讷河县,239008000000,讷河市,黑龙江省-齐齐哈尔市-讷河市,,False
1992,同名改码,3,230226000000,杜尔伯特蒙古族自治县,黑龙江省-齐齐哈尔市-杜尔伯特蒙古族自治县,230624000000,杜尔伯特蒙古族自治县,黑龙江省-大庆市-杜尔伯特蒙古族自治县,,False
1992,同名改码,3,230228000000,林甸县,黑龙江省-齐齐哈尔市-林甸县,230623000000,林甸县,黑龙江省-大庆市-林甸县,,False
1992,撤县设市,3,231022000000,海林县,黑龙江省-牡丹江市-海林县,239007000000,海林市,黑龙江省-牡丹江市-海林市,,False
1992,同名改码,3,232328000000,肇源县,黑龙江省-绥化地区-肇源县,230622000000,肇源县,黑龙江省-大庆市-肇源县,,False
1992,同名改码,3,232329000000,肇州县,黑龙江省-绥化地区-肇州县,230621000000,肇州县,黑龙江省-大庆市-肇州县,,False
1992,撤销,3,310221000000,上海县,上海县,,,,,False
1992,撤县设区,3,310222000000,嘉定县,嘉定县,310114000000,嘉定区,嘉定区,,False
1992,撤销,3,310224000000,川沙县,川沙县,,,,,False
1992,撤销,3,320325000000,邳县,江苏省-徐州市-邳县,,,,,False
1992,撤县设市,3,320525000000,吴江县,江苏省-苏州市-吴江县,329018000000,吴江市,江苏省-苏州市-吴江市,,False
1992,撤县设市,3,321025000000,泰兴县,江苏省-扬州市-泰兴县,329020000000,泰兴市,江苏省-扬州市-泰兴市,,False
1992,撤县设市,3,330126000000,建德县,浙江省-杭州市-建德县,339013000000,建德市,浙江省-杭州市-建德市,,False
1992,撤县设区,3,330321000000,瓯海县,浙江省-温州市-瓯海县,330304000000,瓯海区,浙江省-温州市-瓯海区,,False
1992,撤县设市,3,330622000000,上虞县,浙江省-绍兴市-上虞县,339015000000,上虞市,浙江省-绍兴市-上虞市,,False
1992,撤县设市,3,330722000000,永康县,浙江省-金华市-永康县,339014000000,永康市,浙江省-金华市-永康市,,False
1992,撤销,3,342121000000,阜阳县,安徽省-阜阳地区-阜阳县,,,,,False
1992,撤销,3,342223000000,宿县,安徽省-宿县地区-宿县,,,,,False
1992,撤地设市,2,342300000000,滁县地区,安徽省-滁县地区,341100000000,滁州市,安徽省-滁州市,,False
1992,撤销,3,342301000000,滁州市,安徽省-滁县地区-滁州市,,,,,False
1992,同名改码,3,342321000000,天长县,安徽省-滁县地区-天长县,341121000000,天长县,安徽省-滁州市-天长县,,False
1992,同名改码,3,342322000000,来安县,安徽省-滁县地区-来安县,341122000000,来安县,安徽省-滁州市-来安县,,False
1992,同名改码,3,342324000000,全椒县,安徽省-滁县地区-全椒县,341124000000,全椒县,安徽省-滁州市-全椒县,,False
1992,同名改码,3,342325000000,定远县,安徽省-滁县地区-定远县,341125000000,定远县,安徽省-滁州市-定远县,,False
1992,同名改码,3,342326000000,凤阳县,安徽省-滁县地区-凤阳县,341126000000,凤阳县,安徽省-滁州市-凤阳县,,False
1992,同名改码,3,342327000000,嘉山县,安徽省-滁县地区-嘉山县,341127000000,嘉山县,安徽省-滁州市-嘉山县,,False
1992,撤销,3,342421000000,六安县,安徽省-六安地区-六安县,,,,,False
1992,撤县设市,3,350522000000,晋江县,福建省-泉州市-晋江县,359004000000,晋江市,福建省-泉州市-晋江市,,False
1992,撤县设市,3,352123000000,建瓯县,福建省-南平地区-建瓯县,352104000000,建瓯市,福建省-南平地区-建瓯市,,False
1992,撤县设市,3,360221000000,乐平县,江西省-景德镇市-乐平县,369002000000,乐平市,江西省-景德镇市-乐平市,,False
1992,同名改码,3,362431000000,莲花县,江西省-吉安地区-莲花县,360321000000,莲花县,江西省-萍乡市-莲花县,,False
1992,撤县设市,3,370122000000,章丘县,山东省-济南市-章丘县,379020000000,章丘市,山东省-济南市-章丘市,,False
1992,同名改码,3,370729000000,五莲县,山东省-潍坊市-五莲县,371121000000,五莲县,山东省-日照市-五莲县,,False
1992,撤县设市,3,370822000000,兖州县,山东省-济宁市-兖州县,379021000000,兖州市,山东省-济宁市-兖州市,,False
1992,撤销,3,370825000000,邹县,山东省-济宁市-邹县,,,,,False
1992,撤县设市,3,370922000000,肥城县,山东省-泰安市-肥城县,379019000000,肥城市,山东省-泰安市-肥城市,,False
1992,同名改码,3,372826000000,莒县,山东省-临沂地区-莒县,371122000000,莒县,山东省-日照市-莒县,,False
1992,撤销,3,379004000000,莱芜市,莱芜市,,,,,False
1992,撤销,3,420121000000,汉阳县,湖北省-武汉市-汉阳县,,,,,False
1992,撤县设市,3,422431000000,钟祥县,湖北省-荆州地区-钟祥县,422406000000,钟祥市,湖北省-荆州地区-钟祥市,,False
1992,撤销,2,422700000000,宜昌地区,湖北省-宜昌地区,,,,,False
1992,同名改码,3,422701000000,枝城市,湖北省-宜昌地区-枝城市,429007000000,枝城市,湖北省-宜昌地区-枝城市,,False
1992,同名改码,3,422702000000,当阳市,湖北省-宜昌地区-当阳市,429008000000,当阳市,湖北省-宜昌地区-当阳市,,False
1992,同名改码,3,422721000000,宜昌县,湖北省-宜昌地区-宜昌县,420521000000,宜昌县,湖北省-宜昌市-宜昌县,,False
1992,同名改码,3,422723000000,枝江县,湖北省-宜昌地区-枝江县,420523000000,枝江县,湖北省-宜昌市-枝江县,,False
1992,同名改码,3,422725000000,远安县,湖北省-宜昌地区-远安县,420525000000,远安县,湖北省-宜昌市-远安县,,False
1992,同名改码,3,422726000000,兴山县,湖北省-宜昌地区-兴山县,420526000000,兴山县,湖北省-宜昌市-兴山县,,False
1992,同名改码,3,422727000000,秭归县,湖北省-宜昌地区-秭归县,420527000000,秭归县,湖北省-宜昌市-秭归县,,False
1992,同名改码,3,422728000000,长阳土家族自治县,湖北省-宜昌地区-长阳土家族自治县,420528000000,长阳土家族自治县,湖北省-宜昌市-长阳土家族自治县,,False
1992,同名改码,3,422729000000,五峰土家族自治县,湖北省-宜昌地区-五峰土家族自治县,420529000000,五峰土家族自治县,湖北省-宜昌市-五峰土家族自治县,,False
1992,撤销,3,430303000000,湘江区,湖南省-湘潭市-湘江区,,,,,False
1992,撤销,3,430305000000,板塘区,湖南省-湘潭市-板塘区,,,,,False
1992,撤销,3,430311000000,郊区,湖南省-湘潭市-郊区,,,,,False
1992,撤县设市,3,430622000000,临湘县,湖南省-岳阳市-临湘县,439007000000,临湘市,湖南省-岳阳市-临湘市,,False
1992,撤县设市,3,440126000000,番禺县,广东省-广州市-番禺县,449003000000,番禺市,广东省-广州市-番禺市,,False
1992,撤县设区,3,440321000000,宝安县,广东省-深圳市-宝安县,440306000000,宝安区,广东省-深圳市-宝安区,,False
1992,撤县设市,3,440622000000,南海县,广东省-佛山市-南海县,449004000000,南海市,广东省-佛山市-南海市,,False
1992,撤县设市,3,440623000000,顺德县,广东省-佛山市-顺德县,449001000000,顺德市,广东省-佛山市-顺德市,,False
1992,撤县设市,3,440721000000,新会县,广东省-江门市-新会县,449006000000,新会市,广东省-江门市-新会市,,False
1992,撤县设市,3,440722000000,台山县,广东省-江门市-台山县,449002000000,台山市,广东省-江门市-台山市,,False
1992,撤县设市,3,441227000000,云浮县,广东省-肇庆市-云浮县,449005000000,云浮市,广东省-肇庆市-云浮市,,False
1992,区划调整,3,441811000000,清郊区,广东省-清远市-清郊区,441827000000,清新县,广东省-清远市-清新县,,False
1992,撤县设市,3,460023000000,琼海县,海南省-琼海县,460002000000,琼海市,海南省-琼海市,,False
1992,撤县设市,3,510225000000,江津县,四川省-重庆市-江津县,519007000000,江津市,四川省-重庆市-江津市,,False
1992,撤县设市,3,510226000000,合川县,四川省-重庆市-合川县,519006000000,合川市,四川省-重庆市-合川市,,False
1992,撤县设市,3,510229000000,永川县,四川省-重庆市-永川县,519005000000,永川市,四川省-重庆市-永川市,,False
1992,撤销,3,510702000000,市中区,四川省-绵阳市-市中区,,,,,False
1992,撤地设市,2,512200000000,万县地区,四川省-万县地区,511200000000,万县市,四川省-万县市,,False
1992,撤销,3,512201000000,万县市,四川省-万县地区-万县市,,,,,False
1992,撤销,3,512221000000,万县,四川省-万县地区-万县,,,,,False
1992,同名改码,3,512222000000,开县,四川省-万县地区-开县,511221000000,开县,四川省-万县市-开县,,False
1992,同名改码,3,512223000000,忠县,四川省-万县地区-忠县,511222000000,忠县,四川省-万县市-忠县,,False
1992,同名改码,3,512224000000,梁平县,四川省-万县地区-梁平县,511223000000,梁平县,四川省-万县市-梁平县,,False
1992,同名改码,3,512225000000,云阳县,四川省-万县地区-云阳县,511224000000,云阳县,四川省-万县市-云阳县,,False
1992,同名改码,3,512226000000,奉节县,四川省-万县地区-奉节县,511225000000,奉节县,四川省-万县市-奉节县,,False
1992,同名改码,3,512227000000,巫山县,四川省-万县地区-巫山县,511226000000,巫山县,四川省-万县市-巫山县,,False
1992,同名改码,3,512228000000,巫溪县,四川省-万县地区-巫溪县,511227000000,巫溪县,四川省-万县市-巫溪县,,False
1992,同名改码,3,512229000000,城口县,四川省-万县地区-城口县,511228000000,城口县,四川省-万县市-城口县,,False
1992,撤县设市,3,522525000000,清镇县,贵州省-安顺地区-清镇县,522502000000,清镇市,贵州省-安顺地区-清镇市,,False
1992,撤县设市,3,533125000000,瑞丽县,云南省-德宏傣族景颇族自治州-瑞丽县,533102000000,瑞丽市,云南省-德宏傣族景颇族自治州-瑞丽市,,False
1992,撤县设市,3,652326000000,阜康县,新疆维吾尔自治区-昌吉回族自治州-阜康县,652302000000,阜康市,新疆维吾尔自治区-昌吉回族自治州-阜康市,,False
1992,新设,3,,,,130107000000,井陉矿区,河北省-石家庄市-井陉矿区,,False
1992,新设,3,,,,219011000000,大石桥市,大石桥市,,False
1992,新设,3,,,,219012000000,盖州市,盖州市,,False
1992,新设,2,,,,220700000000,松原市,吉林省-松原市,,False
1992,新设,3,,,,310115000000,浦东新区,浦东新区,,False
1992,新设,3,,,,329019000000,邳州市,邳州市,,False
1992,新设,3,,,,341102000000,琅琊区,安徽省-滁州市-琅琊区,,False
1992,新设,3,,,,341103000000,南谯区,安徽省-滁州市-南谯区,,False
1992,新设,3,,,,371102000000,东港区,山东省-日照市-东港区,,False
1992,新设,2,,,,371200000000,莱芜市,山东省-莱芜市,,False
1992,新设,3,,,,371202000000,莱城区,山东省-莱芜市-莱城区,,False
1992,新设,3,,,,371203000000,钢城区,山东省-莱芜市-钢城区,,False
1992,新设,3,,,,379022000000,邹城市,邹城市,,False
1992,新设,3,,,,420114000000,蔡甸区,湖北省-武汉市-蔡甸区,,False
1992,新设,3,,,,440307000000,龙岗区,广东省-深圳市-龙岗区,,False
1992,新设,3,,,,510703000000,涪城区,四川省-绵阳市-涪城区,,False
1992,新设,3,,,,510704000000,游仙区,四川省-绵阳市-游仙区,,False
1992,新设,3,,,,511202000000,龙宝区,四川省-万县市-龙宝区,,False
1992,新设,3,,,,511203000000,天城区,四川省-万县市-天城区,,False
1992,新设,3,,,,511204000000,五桥区,四川省-万县市-五桥区,,False
1993,更名,3,130123000000,栾城县,河北省-石家庄市-栾城县,130123000000,正定县,河北省-石家庄市-正定县,,False
1993,更名,3,130124000000,正定县,河北省-石家庄市-正定县,130124000000,栾城县,河北省-石家庄市-栾城县,,False
1993,更名,3,132426000000,完县,河北省-保定地区-完县,132426000000,顺平县,河北省-保定地区-顺平县,,False
1993,更名,3,150404000000,郊区,内蒙古自治区-赤峰市-郊区,150404000000,松山区,内蒙古自治区-赤峰市-松山区,,False
1993,更名,3,320311000000,郊区,江苏省-徐州市-郊区,320311000000,泉山区,江苏省-徐州市-泉山区,,False
1993,更名,3,330402000000,城区,浙江省-嘉兴市-城区,330402000000,秀城区,浙江省-嘉兴市-秀城区,,False
1993,更名,3,360302000000,城关区,江西省-萍乡市-城关区,360302000000,安源区,江西省-萍乡市-安源区,,False
1993,更名,3,370811000000,市郊区,山东省-济宁市-市郊区,370811000000,任城区,山东省-济宁市-任城区,,False
1993,更名,2,422800000000,鄂西土家族苗族自治州,湖北省-鄂西土家族苗族自治州,422800000000,恩施土家族苗族自治州,湖北省-恩施土家族苗族自治州,,False
1993,更名,3,510216000000,南桐矿区,四川省-重庆市-南桐矿区,510216000000,万盛区,四川省-重庆市-万盛区,,False
1993,更名,2,513000000000,达县地区,四川省-达县地区,513000000000,达川地区,四川省-达川地区,,False
1993,更名,3,513001000000,达县市,四川省-达县地区-达县市,513001000000,达川市,四川省-达川地区-达川市,,False
1993,同名改码,3,131021000000,三河县,河北省-廊坊市-三河县,139012000000,三河县,河北省-廊坊市-三河县,,False
1993,撤销,2,132100000000,邯郸地区,河北省-邯郸地区,,,,,False
1993,同名改码,3,132121000000,大名县,河北省-邯郸地区-大名县,130425000000,大名县,河北省-邯郸市-大名县,,False
1993,同名改码,3,132122000000,魏县,河北省-邯郸地区-魏县,130434000000,魏县,河北省-邯郸市-魏县,,False
1993,同名改码,3,132123000000,曲周县,河北省-邯郸地区-曲周县,130435000000,曲周县,河北省-邯郸市-曲周县,,False
1993,同名改码,3,132124000000,丘县,河北省-邯郸地区-丘县,130430000000,丘县,河北省-邯郸市-丘县,,False
1993,同名改码,3,132125000000,鸡泽县,河北省-邯郸地区-鸡泽县,130431000000,鸡泽县,河北省-邯郸市-鸡泽县,,False
1993,同名改码,3,132126000000,肥乡县,河北省-邯郸地区-肥乡县,130428000000,肥乡县,河北省-邯郸市-肥乡县,,False
1993,同名改码,3,132127000000,广平县,河北省-邯郸地区-广平县,130432000000,广平县,河北省-邯郸市-广平县,,False
1993,同名改码,3,132128000000,成安县,河北省-邯郸地区-成安县,130424000000,成安县,河北省-邯郸市-成安县,,False
1993,同名改码,3,132129000000,临漳县,河北省-邯郸地区-临漳县,130423000000,临漳县,河北省-邯郸市-临漳县,,False
1993,同名改码,3,132130000000,磁县,河北省-邯郸地区-磁县,130427000000,磁县,河北省-邯郸市-磁县,,False
1993,同名改码,3,132132000000,涉县,河北省-邯郸地区-涉县,130426000000,涉县,河北省-邯郸市-涉县,,False
1993,同名改码,3,132133000000,永年县,河北省-邯郸地区-永年县,130429000000,永年县,河北省-邯郸市-永年县,,False
1993,同名改码,3,132135000000,馆陶县,河北省-邯郸地区-馆陶县,130433000000,馆陶县,河北省-邯郸市-馆陶县,,False
1993,撤销,2,132200000000,邢台地区,河北省-邢台地区,,,,,False
1993,同名改码,3,132201000000,南宫市,河北省-邢台地区-南宫市,139013000000,南宫市,河北省-邢台地区-南宫市,,False
1993,同名改码,3,132202000000,沙河市,河北省-邢台地区-沙河市,139014000000,沙河市,河北省-邢台地区-沙河市,,False
1993,同名改码,3,132223000000,临城县,河北省-邢台地区-临城县,130522000000,临城县,河北省-邢台市-临城县,,False
1993,同名改码,3,132224000000,内丘县,河北省-邢台地区-内丘县,130523000000,内丘县,河北省-邢台市-内丘县,,False
1993,同名改码,3,132225000000,柏乡县,河北省-邢台地区-柏乡县,130524000000,柏乡县,河北省-邢台市-柏乡县,,False
1993,同名改码,3,132226000000,隆尧县,河北省-邢台地区-隆尧县,130525000000,隆尧县,河北省-邢台市-隆尧县,,False
1993,同名改码,3,132227000000,任县,河北省-邢台地区-任县,130526000000,任县,河北省-邢台市-任县,,False
1993,同名改码,3,132228000000,南和县,河北省-邢台地区-南和县,130527000000,南和县,河北省-邢台市-南和县,,False
1993,同名改码,3,132229000000,宁晋县,河北省-邢台地区-宁晋县,130528000000,宁晋县,河北省-邢台市-宁晋县,,False
1993,同名改码,3,132231000000,巨鹿县,河北省-邢台地区-巨鹿县,130529000000,巨鹿县,河北省-邢台市-巨鹿县,,False
1993,同名改码,3,132232000000,新河县,河北省-邢台地区-新河县,130530000000,新河县,河北省-邢台市-新河县,,False
1993,同名改码,3,132233000000,广宗县,河北省-邢台地区-广宗县,130531000000,广宗县,河北省-邢台市-广宗县,,False
1993,同名改码,3,132234000000,平乡县,河北省-邢台地区-平乡县,130532000000,平乡县,河北省-邢台市-平乡县,,False
1993,同名改码,3,132235000000,威县,河北省-邢台地区-威县,130533000000,威县,河北省-邢台市-威县,,False
1993,同名改码,3,132236000000,清河县,河北省-邢台地区-清河县,130534000000,清河县,河北省-邢台市-清河县,,False
1993,同名改码,3,132237000000,临西县,河北省-邢台地区-临西县,130535000000,临西县,河北省-邢台市-临西县,,False
1993,撤销,2,132300000000,石家庄地区,河北省-石家庄地区,,,,,False
1993,同名改码,3,132301000000,辛集市,河北省-石家庄地区-辛集市,139004000000,辛集市,河北省-石家庄地区-辛集市,,False
1993,同名改码,3,132302000000,藁城市,河北省-石家庄地区-藁城市,139005000000,藁城市,河北省-石家庄地区-藁城市,,False
1993,同名改码,3,132303000000,晋州市,河北省-石家庄地区-晋州市,139006000000,晋州市,河北省-石家庄地区-晋州市,,False
1993,同名改码,3,132304000000,新乐市,河北省-石家庄地区-新乐市,139007000000,新乐市,河北省-石家庄地区-新乐市,,False
1993,同名改码,3,132323000000,深泽县,河北省-石家庄地区-深泽县,130128000000,深泽县,河北省-石家庄市-深泽县,,False
1993,同名改码,3,132324000000,无极县,河北省-石家庄地区-无极县,130130000000,无极县,河北省-石家庄市-无极县,,False
1993,同名改码,3,132326000000,赵县,河北省-石家庄地区-赵县,130133000000,赵县,河北省-石家庄市-赵县,,False
1993,同名改码,3,132330000000,高邑县,河北省-石家庄地区-高邑县,130127000000,高邑县,河北省-石家庄市-高邑县,,False
1993,同名改码,3,132331000000,元氏县,河北省-石家庄地区-元氏县,130132000000,元氏县,河北省-石家庄市-元氏县,,False
1993,同名改码,3,132332000000,赞皇县,河北省-石家庄地区-赞皇县,130129000000,赞皇县,河北省-石家庄市-赞皇县,,False
1993,同名改码,3,132335000000,平山县,河北省-石家庄地区-平山县,130131000000,平山县,河北省-石家庄市-平山县,,False
1993,同名改码,3,132336000000,灵寿县,河北省-石家庄地区-灵寿县,130126000000,灵寿县,河北省-石家庄市-灵寿县,,False
1993,同名改码,3,132337000000,行唐县,河北省-石家庄地区-行唐县,130125000000,行唐县,河北省-石家庄市-行唐县,,False
1993,撤销,3,132436000000,新城县,河北省-保定地区-新城县,,,,,False
1993,撤销,2,132500000000,张家口地区,河北省-张家口地区,,,,,False
1993,同名改码,3,132521000000,张北县,河北省-张家口地区-张北县,130722000000,张北县,河北省-张家口市-张北县,,False
1993,同名改码,3,132522000000,康保县,河北省-张家口地区-康保县,130723000000,康保县,河北省-张家口市-康保县,,False
1993,同名改码,3,132523000000,沽源县,河北省-张家口地区-沽源县,130724000000,沽源县,河北省-张家口市-沽源县,,False
1993,同名改码,3,132524000000,尚义县,河北省-张家口地区-尚义县,130725000000,尚义县,河北省-张家口市-尚义县,,False
1993,同名改码,3,132525000000,蔚县,河北省-张家口地区-蔚县,130726000000,蔚县,河北省-张家口市-蔚县,,False
1993,同名改码,3,132526000000,阳原县,河北省-张家口地区-阳原县,130727000000,阳原县,河北省-张家口市-阳原县,,False
1993,同名改码,3,132527000000,怀安县,河北省-张家口地区-怀安县,130728000000,怀安县,河北省-张家口市-怀安县,,False
1993,同名改码,3,132528000000,万全县,河北省-张家口地区-万全县,130729000000,万全县,河北省-张家口市-万全县,,False
1993,同名改码,3,132529000000,怀来县,河北省-张家口地区-怀来县,130730000000,怀来县,河北省-张家口市-怀来县,,False
1993,同名改码,3,132530000000,涿鹿县,河北省-张家口地区-涿鹿县,130731000000,涿鹿县,河北省-张家口市-涿鹿县,,False
1993,同名改码,3,132532000000,赤城县,河北省-张家口地区-赤城县,130732000000,赤城县,河北省-张家口市-赤城县,,False
1993,同名改码,3,132533000000,崇礼县,河北省-张家口地区-崇礼县,130733000000,崇礼县,河北省-张家口市-崇礼县,,False
1993,撤销,2,132600000000,承德地区,河北省-承德地区,,,,,False
1993,同名改码,3,132622000000,宽城满族自治县,河北省-承德地区-宽城满族自治县,130827000000,宽城满族自治县,河北省-承德市-宽城满族自治县,,False
1993,同名改码,3,132623000000,兴隆县,河北省-承德地区-兴隆县,130822000000,兴隆县,河北省-承德市-兴隆县,,False
1993,同名改码,3,132624000000,平泉县,河北省-承德地区-平泉县,130823000000,平泉县,河北省-承德市-平泉县,,False
1993,同名改码,3,132626000000,滦平县,河北省-承德地区-滦平县,130824000000,滦平县,河北省-承德市-滦平县,,False
1993,同名改码,3,132627000000,丰宁满族自治县,河北省-承德地区-丰宁满族自治县,130826000000,丰宁满族自治县,河北省-承德市-丰宁满族自治县,,False
1993,同名改码,3,132628000000,隆化县,河北省-承德地区-隆化县,130825000000,隆化县,河北省-承德市-隆化县,,False
1993,同名改码,3,132629000000,围场满族蒙古族自治县,河北省-承德地区-围场满族蒙古族自治县,130828000000,围场满族蒙古族自治县,河北省-承德市-围场满族蒙古族自治县,,False
1993,撤销,2,132900000000,沧州地区,河北省-沧州地区,,,,,False
1993,同名改码,3,132902000000,泊头市,河北省-沧州地区-泊头市,139008000000,泊头市,河北省-沧州地区-泊头市,,False
1993,同名改码,3,132903000000,任丘市,河北省-沧州地区-任丘市,139009000000,任丘市,河北省-沧州地区-任丘市,,False
1993,同名改码,3,132904000000,黄骅市,河北省-沧州地区-黄骅市,139010000000,黄骅市,河北省-沧州地区-黄骅市,,False
1993,同名改码,3,132905000000,河间市,河北省-沧州地区-河间市,139011000000,河间市,河北省-沧州地区-河间市,,False
1993,同名改码,3,132923000000,肃宁县,河北省-沧州地区-肃宁县,130926000000,肃宁县,河北省-沧州市-肃宁县,,False
1993,同名改码,3,132924000000,献县,河北省-沧州地区-献县,130929000000,献县,河北省-沧州市-献县,,False
1993,同名改码,3,132926000000,吴桥县,河北省-沧州地区-吴桥县,130928000000,吴桥县,河北省-沧州市-吴桥县,,False
1993,同名改码,3,132927000000,东光县,河北省-沧州地区-东光县,130923000000,东光县,河北省-沧州市-东光县,,False
1993,同名改码,3,132928000000,南皮县,河北省-沧州地区-南皮县,130927000000,南皮县,河北省-沧州市-南皮县,,False
1993,同名改码,3,132929000000,盐山县,河北省-沧州地区-盐山县,130925000000,盐山县,河北省-沧州市-盐山县,,False
1993,同名改码,3,132931000000,孟村回族自治县,河北省-沧州地区-孟村回族自治县,130930000000,孟村回族自治县,河北省-沧州市-孟村回族自治县,,False
1993,同名改码,3,132934000000,海兴县,河北省-沧州地区-海兴县,130924000000,海兴县,河北省-沧州市-海兴县,,False
1993,撤县设市,3,133022000000,冀县,河北省-衡水地区-冀县,133002000000,冀州市,河北省-衡水地区-冀州市,,False
1993,撤县设市,3,140523000000,高平县,山西省-晋城市-高平县,149002000000,高平市,山西省-晋城市-高平市,,False
1993,撤销,2,142100000000,雁北地区,山西省-雁北地区,,,,,False
1993,同名改码,3,142121000000,阳高县,山西省-雁北地区-阳高县,140221000000,阳高县,山西省-大同市-阳高县,,False
1993,同名改码,3,142122000000,天镇县,山西省-雁北地区-天镇县,140222000000,天镇县,山西省-大同市-天镇县,,False
1993,同名改码,3,142123000000,广灵县,山西省-雁北地区-广灵县,140223000000,广灵县,山西省-大同市-广灵县,,False
1993,同名改码,3,142124000000,灵丘县,山西省-雁北地区-灵丘县,140224000000,灵丘县,山西省-大同市-灵丘县,,False
1993,同名改码,3,142125000000,浑源县,山西省-雁北地区-浑源县,140225000000,浑源县,山西省-大同市-浑源县,,False
1993,同名改码,3,142126000000,应县,山西省-雁北地区-应县,140622000000,应县,山西省-朔州市-应县,,False
1993,同名改码,3,142130000000,左云县,山西省-雁北地区-左云县,140226000000,左云县,山西省-大同市-左云县,,False
1993,同名改码,3,142131000000,右玉县,山西省-雁北地区-右玉县,140623000000,右玉县,山西省-朔州市-右玉县,,False
1993,同名改码,3,142132000000,大同县,山西省-雁北地区-大同县,140227000000,大同县,山西省-大同市-大同县,,False
1993,同名改码,3,142133000000,怀仁县,山西省-雁北地区-怀仁县,140624000000,怀仁县,山西省-朔州市-怀仁县,,False
1993,撤县设市,3,142224000000,原平县,山西省-忻州地区-原平县,142202000000,原平市,山西省-忻州地区-原平市,,False
1993,撤县设市,3,210121000000,新民县,辽宁省-沈阳市-新民县,219013000000,新民市,辽宁省-沈阳市-新民市,,False
1993,撤销,3,210623000000,东沟县,辽宁省-丹东市-东沟县,,,,,False
1993,撤销,3,210724000000,锦县,辽宁省-锦州市-锦县,,,,,False
1993,撤县设市,3,220624000000,临江县,吉林省-浑江市-临江县,229011000000,临江市,吉林省-浑江市-临江市,,False
1993,撤地设市,2,222300000000,白城地区,吉林省-白城地区,220800000000,白城市,吉林省-白城市,,False
1993,撤销,3,222301000000,白城市,吉林省-白城地区-白城市,,,,,False
1993,同名改码,3,222302000000,洮南市,吉林省-白城地区-洮南市,229010000000,洮南市,吉林省-白城地区-洮南市,,False
1993,同名改码,3,222304000000,大安市,吉林省-白城地区-大安市,229009000000,大安市,吉林省-白城地区-大安市,,False
1993,同名改码,3,222326000000,镇赉县,吉林省-白城地区-镇赉县,220821000000,镇赉县,吉林省-白城市-镇赉县,,False
1993,同名改码,3,222327000000,通榆县,吉林省-白城地区-通榆县,220822000000,通榆县,吉林省-白城市-通榆县,,False
1993,撤县设市,3,222423000000,和龙县,吉林省-延边朝鲜族自治州-和龙县,222406000000,和龙市,吉林省-延边朝鲜族自治州-和龙市,,False
1993,同名改码,3,230832000000,饶河县,黑龙江省-佳木斯市-饶河县,230524000000,饶河县,黑龙江省-双鸭山市-饶河县,,False
1993,撤县设市,3,231021000000,宁安县,黑龙江省-牡丹江市-宁安县,239011000000,宁安市,黑龙江省-牡丹江市-宁安市,,False
1993,同名改码,3,231027000000,虎林县,黑龙江省-牡丹江市-虎林县,230322000000,虎林县,黑龙江省-鸡西市-虎林县,,False
1993,撤县设市,3,232125000000,五常县,黑龙江省-松花江地区-五常县,232103000000,五常市,黑龙江省-松花江地区-五常市,,False
1993,撤地设市,2,232600000000,黑河地区,黑龙江省-黑河地区,231100000000,黑河市,黑龙江省-黑河市,,False
1993,撤销,3,232601000000,黑河市,黑龙江省-黑河地区-黑河市,,,,,False
1993,同名改码,3,232602000000,北安市,黑龙江省-黑河地区-北安市,239009000000,北安市,黑龙江省-黑河地区-北安市,,False
1993,同名改码,3,232603000000,五大连池市,黑龙江省-黑河地区-五大连池市,239010000000,五大连池市,黑龙江省-黑河地区-五大连池市,,False
1993,同名改码,3,232622000000,嫩江县,黑龙江省-黑河地区-嫩江县,231121000000,嫩江县,黑龙江省-黑河市-嫩江县,,False
1993,同名改码,3,232623000000,德都县,黑龙江省-黑河地区-德都县,231122000000,德都县,黑龙江省-黑河市-德都县,,False
1993,同名改码,3,232625000000,逊克县,黑龙江省-黑河地区-逊克县,231123000000,逊克县,黑龙江省-黑河市-逊克县,,False
1993,同名改码,3,232626000000,孙吴县,黑龙江省-黑河地区-孙吴县,231124000000,孙吴县,黑龙江省-黑河市-孙吴县,,False
1993,撤县设市,3,320422000000,金坛县,江苏省-常州市-金坛县,329024000000,金坛市,江苏省-常州市-金坛市,,False
1993,撤县设市,3,320522000000,太仓县,江苏省-苏州市-太仓县,329022000000,太仓市,江苏省-苏州市-太仓市,,False
1993,撤销,3,320624000000,南通县,江苏省-南通市-南通县,,,,,False
1993,撤县设市,3,321024000000,靖江县,江苏省-扬州市-靖江县,329023000000,靖江市,江苏省-扬州市-靖江市,,False
1993,撤县设市,3,330323000000,乐清县,浙江省-温州市-乐清县,339017000000,乐清市,浙江省-温州市-乐清市,,False
1993,撤县设市,3,330425000000,桐乡县,浙江省-嘉兴市-桐乡县,339016000000,桐乡市,浙江省-嘉兴市-桐乡市,,False
1993,撤县设市,3,341121000000,天长县,安徽省-滁州市-天长县,349001000000,天长市,安徽省-滁州市-天长市,,False
1993,撤县设市,3,350523000000,南安县,福建省-泉州市-南安县,359005000000,南安市,福建省-泉州市-南安市,,False
1993,撤县设市,3,350621000000,龙海县,福建省-漳州市-龙海县,359006000000,龙海市,福建省-漳州市-龙海市,,False
1993,撤县设市,3,362222000000,高安县,江西省-宜春地区-高安县,362204000000,高安市,江西省-宜春地区-高安市,,False
1993,撤县设市,3,370723000000,寿光县,山东省-潍坊市-寿光县,379023000000,寿光市,山东省-潍坊市-寿光市,,False
1993,撤县设市,3,371021000000,乳山县,山东省-威海市-乳山县,379024000000,乳山市,山东省-威海市-乳山市,,False
1993,撤县设市,3,372426000000,禹城县,山东省-德州地区-禹城县,372403000000,禹城市,山东省-德州地区-禹城市,,False
1993,撤县设市,3,410321000000,偃师县,河南省-洛阳市-偃师县,419012000000,偃师市,河南省-洛阳市-偃师市,,False
1993,撤县设市,3,411022000000,长葛县,河南省-许昌市-长葛县,419011000000,长葛市,河南省-许昌市-长葛市,,False
1993,撤县设市,3,411223000000,灵宝县,河南省-三门峡市-灵宝县,419010000000,灵宝市,河南省-三门峡市-灵宝市,,False
1993,撤县设市,3,412729000000,项城县,河南省-周口地区-项城县,412702000000,项城市,河南省-周口地区-项城市,,False
1993,撤地设市,2,422200000000,孝感地区,湖北省-孝感地区,420900000000,孝感市,湖北省-孝感市,,False
1993,撤销,3,422201000000,孝感市,湖北省-孝感地区-孝感市,,,,,False
1993,同名改码,3,422202000000,应城市,湖北省-孝感地区-应城市,429009000000,应城市,湖北省-孝感地区-应城市,,False
1993,同名改码,3,422203000000,安陆市,湖北省-孝感地区-安陆市,429010000000,安陆市,湖北省-孝感地区-安陆市,,False
1993,同名改码,3,422204000000,广水市,湖北省-孝感地区-广水市,429011000000,广水市,湖北省-孝感地区-广水市,,False
1993,同名改码,3,422223000000,大悟县,湖北省-孝感地区-大悟县,420922000000,大悟县,湖北省-孝感市-大悟县,,False
1993,同名改码,3,422226000000,云梦县,湖北省-孝感地区-云梦县,420923000000,云梦县,湖北省-孝感市-云梦县,,False
1993,同名改码,3,422228000000,汉川县,湖北省-孝感地区-汉川县,420924000000,汉川县,湖北省-孝感市-汉川县,,False
1993,撤县设市,3,430123000000,浏阳县,湖南省-长沙市-浏阳县,439008000000,浏阳市,湖南省-长沙市-浏阳市,,False
1993,撤销,3,440121000000,花县,广东省-广州市-花县,,,,,False
1993,撤县设市,3,440125000000,增城县,广东省-广州市-增城县,449017000000,增城市,广东省-广州市-增城市,,False
1993,撤县设市,3,440524000000,潮阳县,广东省-汕头市-潮阳县,449011000000,潮阳市,广东省-汕头市-潮阳市,,False
1993,撤县设市,3,440621000000,三水县,广东省-佛山市-三水县,449008000000,三水市,广东省-佛山市-三水市,,False
1993,撤县设市,3,440724000000,开平县,广东省-江门市-开平县,449007000000,开平市,广东省-江门市-开平市,,False
1993,撤县设市,3,440725000000,鹤山县,广东省-江门市-鹤山县,449015000000,鹤山市,广东省-江门市-鹤山市,,False
1993,撤县设市,3,440822000000,廉江县,广东省-湛江市-廉江县,449018000000,廉江市,广东省-湛江市-廉江市,,False
1993,撤县设市,3,440922000000,高州县,广东省-茂名市-高州县,449012000000,高州市,广东省-茂名市-高州市,,False
1993,撤县设市,3,441221000000,高要县,广东省-肇庆市-高要县,449014000000,高要市,广东省-肇庆市-高要市,,False
1993,撤县设市,3,441222000000,四会县,广东省-肇庆市-四会县,449016000000,四会市,广东省-肇庆市-四会市,,False
1993,撤县设市,3,441230000000,罗定县,广东省-肇庆市-罗定县,449010000000,罗定市,广东省-肇庆市-罗定市,,False
1993,撤销,3,441611000000,郊区,广东省-河源市-郊区,,,,,False
1993,撤县设市,3,445223000000,普宁县,广东省-揭阳市-普宁县,449009000000,普宁市,广东省-揭阳市-普宁市,,False
1993,撤县设市,3,452722000000,宜山县,广西壮族自治区-河池地区-宜山县,452702000000,宜州市,广西壮族自治区-河池地区-宜州市,,False
1993,同名改码,3,452821000000,上思县,广西壮族自治区-钦州地区-上思县,450621000000,上思县,广西壮族自治区-防城港市-上思县,,False
1993,撤县设区,3,452822000000,防城各族自治县,广西壮族自治区-钦州地区-防城各族自治县,450603000000,防城区,广西壮族自治区-防城港市-防城区,,False
1993,撤县设市,3,460029000000,儋县,海南省-儋县,460003000000,儋州市,海南省-儋州市,,False
1993,撤销,3,510126000000,彭县,四川省-成都市-彭县,,,,,False
1993,撤县设市,3,511026000000,资阳县,四川省-内江市-资阳县,519009000000,资阳市,四川省-内江市-资阳市,,False
1993,撤地设市,2,512900000000,南充地区,四川省-南充地区,511300000000,南充市,四川省-南充市,,False
1993,撤销,3,512901000000,南充市,四川省-南充地区-南充市,,,,,False
1993,同名改码,3,512902000000,华蓥市,四川省-南充地区-华蓥市,513601000000,华蓥市,四川省-广安地区-华蓥市,,False
1993,同名改码,3,512903000000,阆中市,四川省-南充地区-阆中市,519008000000,阆中市,四川省-南充地区-阆中市,,False
1993,撤销,3,512921000000,南充县,四川省-南充地区-南充县,,,,,False
1993,同名改码,3,512922000000,南部县,四川省-南充地区-南部县,511321000000,南部县,四川省-南充市-南部县,,False
1993,同名改码,3,512923000000,岳池县,四川省-南充地区-岳池县,513621000000,岳池县,四川省-广安地区-岳池县,,False
1993,同名改码,3,512924000000,营山县,四川省-南充地区-营山县,511322000000,营山县,四川省-南充市-营山县,,False
1993,同名改码,3,512925000000,广安县,四川省-南充地区-广安县,513622000000,广安县,四川省-广安地区-广安县,,False
1993,同名改码,3,512926000000,蓬安县,四川省-南充地区-蓬安县,511323000000,蓬安县,四川省-南充市-蓬安县,,False
1993,同名改码,3,512927000000,仪陇县,四川省-南充地区-仪陇县,511324000000,仪陇县,四川省-南充市-仪陇县,,False
1993,同名改码,3,512928000000,武胜县,四川省-南充地区-武胜县,513623000000,武胜县,四川省-广安地区-武胜县,,False
1993,同名改码,3,512929000000,西充县,四川省-南充地区-西充县,511325000000,西充县,四川省-南充市-西充县,,False
1993,撤县设市,3,513024000000,万源县,四川省-达县地区-万源县,513002000000,万源市,四川省-达川地区-万源市,,False
1993,同名改码,3,513025000000,通江县,四川省-达县地区-通江县,513721000000,通江县,四川省-巴中地区-通江县,,False
1993,同名改码,3,513026000000,南江县,四川省-达县地区-南江县,513722000000,南江县,四川省-巴中地区-南江县,,False
1993,撤县设市,3,513027000000,巴中县,四川省-达县地区-巴中县,513701000000,巴中市,四川省-巴中地区-巴中市,,False
1993,同名改码,3,513028000000,平昌县,四川省-达县地区-平昌县,513723000000,平昌县,四川省-巴中地区-平昌县,,False
1993,同名改码,3,513031000000,邻水县,四川省-达县地区-邻水县,513624000000,邻水县,四川省-广安地区-邻水县,,False
1993,撤销,3,513032000000,白沙工农区,四川省-达县地区-白沙工农区,,,,,False
1993,撤县设市,3,522421000000,毕节县,贵州省-毕节地区-毕节县,522401000000,毕节市,贵州省-毕节地区-毕节市,,False
1993,撤县设市,3,532721000000,思茅县,云南省-思茅地区-思茅县,532701000000,思茅市,云南省-思茅地区-思茅市,,False
1993,撤县设市,3,532821000000,景洪县,云南省-西双版纳傣族自治州-景洪县,532801000000,景洪市,云南省-西双版纳傣族自治州-景洪市,,False
1993,撤县设市,3,610421000000,兴平县,陕西省-咸阳市-兴平县,619001000000,兴平市,陕西省-咸阳市-兴平市,,False
1993,新设,3,,,,132404000000,高碑店市,河北省-保定地区-高碑店市,,False
1993,新设,3,,,,219014000000,东港市,东港市,,False
1993,新设,3,,,,219015000000,凌海市,凌海市,,False
1993,新设,3,,,,220802000000,洮北区,吉林省-白城市-洮北区,,False
1993,新设,3,,,,231102000000,爱辉区,黑龙江省-黑河市-爱辉区,,False
1993,新设,3,,,,329021000000,通州市,通州市,,False
1993,新设,3,,,,420902000000,孝南区,湖北省-孝感市-孝南区,,False
1993,新设,3,,,,420921000000,孝昌县,湖北省-孝感市-孝昌县,,False
1993,新设,3,,,,441625000000,东源县,广东省-河源市-东源县,,False
1993,新设,3,,,,449013000000,花都市,花都市,,False
1993,新设,2,,,,450600000000,防城港市,广西壮族自治区-防城港市,,False
1993,新设,3,,,,450602000000,港口区,广西壮族自治区-防城港市-港口区,,False
1993,新设,3,,,,511302000000,顺庆区,四川省-南充市-顺庆区,,False
1993,新设,3,,,,511303000000,高坪区,四川省-南充市-高坪区,,False
1993,新设,3,,,,511304000000,嘉陵区,四川省-南充市-嘉陵区,,False
1993,新设,2,,,,513600000000,广安地区,四川省-广安地区,,False
1993,新设,2,,,,513700000000,巴中地区,四川省-巴中地区,,False
1993,新设,3,,,,519010000000,彭州市,彭州市,,False
1994,更名,3,139012000000,三河县,三河县,139012000000,三河市,三河市,,False
1994,更名,2,211400000000,锦西市,辽宁省-锦西市,211400000000,葫芦岛市,辽宁省-葫芦岛市,,False
1994,更名,2,220600000000,浑江市,吉林省-浑江市,220600000000,白山市,吉林省-白山市,,False
1994,更名,3,410411000000,郊区,河南省-平顶山市-郊区,410411000000,湛河区,河南省-平顶山市-湛河区,,False
1994,更名,3,430225000000,酃县,湖南省-株洲市-酃县,430225000000,炎陵县,湖南省-株洲市-炎陵县,,False
1994,更名,2,430800000000,大庸市,湖南省-大庸市,430800000000,张家界市,湖南省-张家界市,,False
1994,更名,3,440811000000,郊区,广东省-湛江市-郊区,440811000000,麻章区,广东省-湛江市-麻章区,,False
1994,更名,3,450503000000,市郊区,广西壮族自治区-北海市-市郊区,450503000000,银海区,广西壮族自治区-北海市-银海区,,False
1994,更名,3,510202000000,市中区,四川省-重庆市-市中区,510202000000,渝中区,四川省-重庆市-渝中区,,False
1994,撤销,3,130122000000,获鹿县,河北省-石家庄市-获鹿县,,,,,False
1994,撤县设市,3,130222000000,丰南县,河北省-唐山市-丰南县,139020000000,丰南市,河北省-唐山市-丰南市,,False
1994,撤销,2,132400000000,保定地区,河北省-保定地区,,,,,False
1994,同名改码,3,132401000000,定州市,河北省-保定地区-定州市,139015000000,定州市,河北省-保定地区-定州市,,False
1994,同名改码,3,132402000000,涿州市,河北省-保定地区-涿州市,139016000000,涿州市,河北省-保定地区-涿州市,,False
1994,同名改码,3,132403000000,安国市,河北省-保定地区-安国市,139017000000,安国市,河北省-保定地区-安国市,,False
1994,同名改码,3,132404000000,高碑店市,河北省-保定地区-高碑店市,139018000000,高碑店市,河北省-保定地区-高碑店市,,False
1994,同名改码,3,132421000000,易县,河北省-保定地区-易县,130633000000,易县,河北省-保定市-易县,,False
1994,同名改码,3,132423000000,徐水县,河北省-保定地区-徐水县,130625000000,徐水县,河北省-保定市-徐水县,,False
1994,同名改码,3,132424000000,涞源县,河北省-保定地区-涞源县,130630000000,涞源县,河北省-保定市-涞源县,,False
1994,同名改码,3,132425000000,定兴县,河北省-保定地区-定兴县,130626000000,定兴县,河北省-保定市-定兴县,,False
1994,同名改码,3,132426000000,顺平县,河北省-保定地区-顺平县,130636000000,顺平县,河北省-保定市-顺平县,,False
1994,同名改码,3,132427000000,唐县,河北省-保定地区-唐县,130627000000,唐县,河北省-保定市-唐县,,False
1994,同名改码,3,132428000000,望都县,河北省-保定地区-望都县,130631000000,望都县,河北省-保定市-望都县,,False
1994,同名改码,3,132429000000,涞水县,河北省-保定地区-涞水县,130623000000,涞水县,河北省-保定市-涞水县,,False
1994,同名改码,3,132432000000,高阳县,河北省-保定地区-高阳县,130628000000,高阳县,河北省-保定市-高阳县,,False
1994,同名改码,3,132433000000,安新县,河北省-保定地区-安新县,130632000000,安新县,河北省-保定市-安新县,,False
1994,同名改码,3,132434000000,雄县,河北省-保定地区-雄县,130638000000,雄县,河北省-保定市-雄县,,False
1994,同名改码,3,132435000000,容城县,河北省-保定地区-容城县,130629000000,容城县,河北省-保定市-容城县,,False
1994,同名改码,3,132437000000,曲阳县,河北省-保定地区-曲阳县,130634000000,曲阳县,河北省-保定市-曲阳县,,False
1994,同名改码,3,132438000000,阜平县,河北省-保定地区-阜平县,130624000000,阜平县,河北省-保定市-阜平县,,False
1994,同名改码,3,132441000000,博野县,河北省-保定地区-博野县,130637000000,博野县,河北省-保定市-博野县,,False
1994,同名改码,3,132442000000,蠡县,河北省-保定地区-蠡县,130635000000,蠡县,河北省-保定市-蠡县,,False
1994,撤县设市,3,133025000000,深县,河北省-衡水地区-深县,133003000000,深州市,河北省-衡水地区-深州市,,False
1994,撤县设市,3,140422000000,潞城县,山西省-长治市-潞城县,149003000000,潞城市,山西省-长治市-潞城市,,False
1994,撤县设市,3,142722000000,永济县,山西省-运城地区-永济县,142702000000,永济市,山西省-运城地区-永济市,,False
1994,撤县设市,3,142728000000,河津县,山西省-运城地区-河津县,142703000000,河津市,山西省-运城地区-河津市,,False
1994,撤旗设区,3,152125000000,额尔古纳右旗,内蒙古自治区-呼伦贝尔盟-额尔古纳右旗,152106000000,额尔古纳市,内蒙古自治区-呼伦贝尔盟-额尔古纳市,,False
1994,撤销,3,152126000000,额尔古纳左旗,内蒙古自治区-呼伦贝尔盟-额尔古纳左旗,,,,,False
1994,撤县设市,3,210621000000,凤城满族自治县,辽宁省-丹东市-凤城满族自治县,219016000000,凤城市,辽宁省-丹东市-凤城市,,False
1994,撤销,3,211405000000,葫芦岛区,辽宁省-锦西市-葫芦岛区,,,,,False
1994,撤县设市,3,220124000000,德惠县,吉林省-长春市-德惠县,229012000000,德惠市,吉林省-长春市-德惠市,,False
1994,撤县设市,3,320625000000,海门县,江苏省-南通市-海门县,329026000000,海门市,江苏省-南通市-海门市,,False
1994,撤县设市,3,321026000000,江都县,江苏省-扬州市-江都县,329025000000,江都市,江苏省-扬州市-江都市,,False
1994,撤销,3,321028000000,泰县,江苏省-扬州市-泰县,,,,,False
1994,撤县设市,3,321124000000,扬中县,江苏省-镇江市-扬中县,329027000000,扬中市,江苏省-镇江市-扬中市,,False
1994,撤县设市,3,330123000000,富阳县,浙江省-杭州市-富阳县,339019000000,富阳市,浙江省-杭州市-富阳市,,False
1994,撤县设市,3,330125000000,余杭县,浙江省-杭州市-余杭县,339021000000,余杭市,浙江省-杭州市-余杭市,,False
1994,撤地设市,2,332600000000,台州地区,浙江省-台州地区,331000000000,台州市,浙江省-台州市,,False
1994,撤市设区,3,332601000000,椒江市,浙江省-台州地区-椒江市,331002000000,椒江区,浙江省-台州市-椒江区,,False
1994,同名改码,3,332602000000,临海市,浙江省-台州地区-临海市,339018000000,临海市,浙江省-台州地区-临海市,,False
1994,撤市设区,3,332603000000,黄岩市,浙江省-台州地区-黄岩市,331003000000,黄岩区,浙江省-台州市-黄岩区,,False
1994,撤县设市,3,332623000000,温岭县,浙江省-台州地区-温岭县,339020000000,温岭市,浙江省-台州地区-温岭市,,False
1994,同名改码,3,332624000000,仙居县,浙江省-台州地区-仙居县,331024000000,仙居县,浙江省-台州市-仙居县,,False
1994,同名改码,3,332625000000,天台县,浙江省-台州地区-天台县,331023000000,天台县,浙江省-台州市-天台县,,False
1994,同名改码,3,332626000000,三门县,浙江省-台州地区-三门县,331022000000,三门县,浙江省-台州市-三门县,,False
1994,同名改码,3,332627000000,玉环县,浙江省-台州地区-玉环县,331021000000,玉环县,浙江省-台州市-玉环县,,False
1994,撤销,3,341127000000,嘉山县,安徽省-滁州市-嘉山县,,,,,False
1994,撤县设市,3,350126000000,长乐县,福建省-福州市-长乐县,359011000000,长乐市,福建省-福州市-长乐市,,False
1994,撤地设市,2,352100000000,南平地区,福建省-南平地区,350700000000,南平市,福建省-南平市,,False
1994,撤销,3,352101000000,南平市,福建省-南平地区-南平市,,,,,False
1994,同名改码,3,352102000000,邵武市,福建省-南平地区-邵武市,359007000000,邵武市,福建省-南平地区-邵武市,,False
1994,同名改码,3,352103000000,武夷山市,福建省-南平地区-武夷山市,359008000000,武夷山市,福建省-南平地区-武夷山市,,False
1994,同名改码,3,352104000000,建瓯市,福建省-南平地区-建瓯市,359009000000,建瓯市,福建省-南平地区-建瓯市,,False
1994,同名改码,3,352121000000,顺昌县,福建省-南平地区-顺昌县,350721000000,顺昌县,福建省-南平市-顺昌县,,False
1994,撤县设市,3,352122000000,建阳县,福建省-南平地区-建阳县,359010000000,建阳市,福建省-南平地区-建阳市,,False
1994,同名改码,3,352124000000,浦城县,福建省-南平地区-浦城县,350722000000,浦城县,福建省-南平市-浦城县,,False
1994,同名改码,3,352127000000,光泽县,福建省-南平地区-光泽县,350723000000,光泽县,福建省-南平市-光泽县,,False
1994,同名改码,3,352128000000,松溪县,福建省-南平地区-松溪县,350724000000,松溪县,福建省-南平市-松溪县,,False
1994,同名改码,3,352129000000,政和县,福建省-南平地区-政和县,350725000000,政和县,福建省-南平市-政和县,,False
1994,撤县设市,3,362134000000,瑞金县,江西省-赣州地区-瑞金县,362102000000,瑞金市,江西省-赣州地区-瑞金市,,False
1994,撤销,3,370204000000,台东区,山东省-青岛市-台东区,,,,,False
1994,撤销,3,370206000000,沧口区,山东省-青岛市-沧口区,,,,,False
1994,撤县设区,3,370631000000,牟平县,山东省-烟台市-牟平县,370612000000,牟平区,山东省-烟台市-牟平区,,False
1994,撤县设市,3,370722000000,安丘县,山东省-潍坊市-安丘县,379027000000,安丘市,山东省-潍坊市-安丘市,,False
1994,撤县设市,3,370726000000,昌邑县,山东省-潍坊市-昌邑县,379028000000,昌邑市,山东省-潍坊市-昌邑市,,False
1994,撤县设市,3,370727000000,高密县,山东省-潍坊市-高密县,379029000000,高密市,山东省-潍坊市-高密市,,False
1994,撤地设市,2,372400000000,德州地区,山东省-德州地区,371400000000,德州市,山东省-德州市,,False
1994,撤销,3,372401000000,德州市,山东省-德州地区-德州市,,,,,False
1994,同名改码,3,372402000000,乐陵市,山东省-德州地区-乐陵市,379025000000,乐陵市,山东省-德州地区-乐陵市,,False
1994,同名改码,3,372403000000,禹城市,山东省-德州地区-禹城市,379026000000,禹城市,山东省-德州地区-禹城市,,False
1994,同名改码,3,372421000000,陵县,山东省-德州地区-陵县,371421000000,陵县,山东省-德州市-陵县,,False
1994,同名改码,3,372422000000,平原县,山东省-德州地区-平原县,371426000000,平原县,山东省-德州市-平原县,,False
1994,同名改码,3,372423000000,夏津县,山东省-德州地区-夏津县,371427000000,夏津县,山东省-德州市-夏津县,,False
1994,同名改码,3,372424000000,武城县,山东省-德州地区-武城县,371428000000,武城县,山东省-德州市-武城县,,False
1994,同名改码,3,372425000000,齐河县,山东省-德州地区-齐河县,371425000000,齐河县,山东省-德州市-齐河县,,False
1994,同名改码,3,372428000000,临邑县,山东省-德州地区-临邑县,371424000000,临邑县,山东省-德州市-临邑县,,False
1994,同名改码,3,372431000000,宁津县,山东省-德州地区-宁津县,371422000000,宁津县,山东省-德州市-宁津县,,False
1994,同名改码,3,372432000000,庆云县,山东省-德州地区-庆云县,371423000000,庆云县,山东省-德州市-庆云县,,False
1994,撤地设市,2,372800000000,临沂地区,山东省-临沂地区,371300000000,临沂市,山东省-临沂市,,False
1994,撤销,3,372801000000,临沂市,山东省-临沂地区-临沂市,,,,,False
1994,同名改码,3,372822000000,郯城县,山东省-临沂地区-郯城县,371322000000,郯城县,山东省-临沂市-郯城县,,False
1994,同名改码,3,372823000000,苍山县,山东省-临沂地区-苍山县,371324000000,苍山县,山东省-临沂市-苍山县,,False
1994,同名改码,3,372824000000,莒南县,山东省-临沂地区-莒南县,371327000000,莒南县,山东省-临沂市-莒南县,,False
1994,同名改码,3,372827000000,沂水县,山东省-临沂地区-沂水县,371323000000,沂水县,山东省-临沂市-沂水县,,False
1994,同名改码,3,372829000000,蒙阴县,山东省-临沂地区-蒙阴县,371328000000,蒙阴县,山东省-临沂市-蒙阴县,,False
1994,同名改码,3,372830000000,平邑县,山东省-临沂地区-平邑县,371326000000,平邑县,山东省-临沂市-平邑县,,False
1994,同名改码,3,372831000000,费县,山东省-临沂地区-费县,371325000000,费县,山东省-临沂市-费县,,False
1994,同名改码,3,372832000000,沂南县,山东省-临沂地区-沂南县,371321000000,沂南县,山东省-临沂市-沂南县,,False
1994,同名改码,3,372833000000,临沭县,山东省-临沂地区-临沭县,371329000000,临沭县,山东省-临沂市-临沭县,,False
1994,撤县设市,3,410121000000,荥阳县,河南省-郑州市-荥阳县,419016000000,荥阳市,河南省-郑州市-荥阳市,,False
1994,撤县设市,3,410123000000,新郑县,河南省-郑州市-新郑县,419017000000,新郑市,河南省-郑州市-新郑市,,False
1994,撤县设市,3,410125000000,登封县,河南省-郑州市-登封县,419018000000,登封市,河南省-郑州市-登封市,,False
1994,撤销,3,410126000000,密县,河南省-郑州市-密县,,,,,False
1994,撤销,3,410521000000,林县,河南省-安阳市-林县,,,,,False
1994,撤地设市,2,412900000000,南阳地区,河南省-南阳地区,411300000000,南阳市,河南省-南阳市,,False
1994,撤销,3,412901000000,南阳市,河南省-南阳地区-南阳市,,,,,False
1994,同名改码,3,412902000000,邓州市,河南省-南阳地区-邓州市,419013000000,邓州市,河南省-南阳地区-邓州市,,False
1994,同名改码,3,412921000000,南召县,河南省-南阳地区-南召县,411321000000,南召县,河南省-南阳市-南召县,,False
1994,同名改码,3,412922000000,方城县,河南省-南阳地区-方城县,411322000000,方城县,河南省-南阳市-方城县,,False
1994,同名改码,3,412923000000,西峡县,河南省-南阳地区-西峡县,411323000000,西峡县,河南省-南阳市-西峡县,,False
1994,撤销,3,412924000000,南阳县,河南省-南阳地区-南阳县,,,,,False
1994,同名改码,3,412925000000,镇平县,河南省-南阳地区-镇平县,411324000000,镇平县,河南省-南阳市-镇平县,,False
1994,同名改码,3,412926000000,内乡县,河南省-南阳地区-内乡县,411325000000,内乡县,河南省-南阳市-内乡县,,False
1994,同名改码,3,412927000000,淅川县,河南省-南阳地区-淅川县,411326000000,淅川县,河南省-南阳市-淅川县,,False
1994,同名改码,3,412928000000,社旗县,河南省-南阳地区-社旗县,411327000000,社旗县,河南省-南阳市-社旗县,,False
1994,同名改码,3,412929000000,唐河县,河南省-南阳地区-唐河县,411328000000,唐河县,河南省-南阳市-唐河县,,False
1994,同名改码,3,412931000000,新野县,河南省-南阳地区-新野县,411329000000,新野县,河南省-南阳市-新野县,,False
1994,同名改码,3,412932000000,桐柏县,河南省-南阳地区-桐柏县,411330000000,桐柏县,河南省-南阳市-桐柏县,,False
1994,撤县设市,3,420221000000,大冶县,湖北省-黄石市-大冶县,429016000000,大冶市,湖北省-黄石市-大冶市,,False
1994,撤销,2,420400000000,沙市市,湖北省-沙市市,,,,,False
1994,撤县设市,3,420623000000,宜城县,湖北省-襄樊市-宜城县,429017000000,宜城市,湖北省-襄樊市-宜城市,,False
1994,撤地设市,2,422400000000,荆州地区,湖北省-荆州地区,421000000000,荆沙市,湖北省-荆沙市,,False
1994,同名改码,3,422401000000,仙桃市,湖北省-荆州地区-仙桃市,429004000000,仙桃市,湖北省-荆州地区-仙桃市,,False
1994,同名改码,3,422402000000,石首市,湖北省-荆州地区-石首市,429012000000,石首市,湖北省-荆州地区-石首市,,False
1994,同名改码,3,422403000000,洪湖市,湖北省-荆州地区-洪湖市,429013000000,洪湖市,湖北省-荆州地区-洪湖市,,False
1994,同名改码,3,422404000000,天门市,湖北省-荆州地区-天门市,429006000000,天门市,湖北省-荆州地区-天门市,,False
1994,同名改码,3,422405000000,潜江市,湖北省-荆州地区-潜江市,429005000000,潜江市,湖北省-荆州地区-潜江市,,False
1994,同名改码,3,422406000000,钟祥市,湖北省-荆州地区-钟祥市,429014000000,钟祥市,湖北省-荆州地区-钟祥市,,False
1994,撤县设区,3,422421000000,江陵县,湖北省-荆州地区-江陵县,421004000000,江陵区,湖北省-荆沙市-江陵区,,False
1994,同名改码,3,422422000000,松滋县,湖北省-荆州地区-松滋县,421024000000,松滋县,湖北省-荆沙市-松滋县,,False
1994,同名改码,3,422423000000,公安县,湖北省-荆州地区-公安县,421022000000,公安县,湖北省-荆沙市-公安县,,False
1994,同名改码,3,422425000000,监利县,湖北省-荆州地区-监利县,421023000000,监利县,湖北省-荆沙市-监利县,,False
1994,同名改码,3,422432000000,京山县,湖北省-荆州地区-京山县,421025000000,京山县,湖北省-荆沙市-京山县,,False
1994,撤销,2,422600000000,郧阳地区,湖北省-郧阳地区,,,,,False
1994,同名改码,3,422601000000,丹江口市,湖北省-郧阳地区-丹江口市,429015000000,丹江口市,湖北省-郧阳地区-丹江口市,,False
1994,同名改码,3,422622000000,郧县,湖北省-郧阳地区-郧县,420321000000,郧县,湖北省-十堰市-郧县,,False
1994,同名改码,3,422623000000,郧西县,湖北省-郧阳地区-郧西县,420322000000,郧西县,湖北省-十堰市-郧西县,,False
1994,同名改码,3,422624000000,竹山县,湖北省-郧阳地区-竹山县,420323000000,竹山县,湖北省-十堰市-竹山县,,False
1994,同名改码,3,422625000000,竹溪县,湖北省-郧阳地区-竹溪县,420324000000,竹溪县,湖北省-十堰市-竹溪县,,False
1994,同名改码,3,422626000000,房县,湖北省-郧阳地区-房县,420325000000,房县,湖北省-十堰市-房县,,False
1994,撤县设市,3,430526000000,武冈县,湖南省-邵阳市-武冈县,439011000000,武冈市,湖南省-邵阳市-武冈市,,False
1994,撤地设市,2,432300000000,益阳地区,湖南省-益阳地区,430900000000,益阳市,湖南省-益阳市,,False
1994,撤销,3,432301000000,益阳市,湖南省-益阳地区-益阳市,,,,,False
1994,同名改码,3,432302000000,沅江市,湖南省-益阳地区-沅江市,439010000000,沅江市,湖南省-益阳地区-沅江市,,False
1994,撤销,3,432321000000,益阳县,湖南省-益阳地区-益阳县,,,,,False
1994,同名改码,3,432322000000,南县,湖南省-益阳地区-南县,430921000000,南县,湖南省-益阳市-南县,,False
1994,同名改码,3,432325000000,桃江县,湖南省-益阳地区-桃江县,430922000000,桃江县,湖南省-益阳市-桃江县,,False
1994,同名改码,3,432326000000,安化县,湖南省-益阳地区-安化县,430923000000,安化县,湖南省-益阳市-安化县,,False
1994,撤地设市,2,432800000000,郴州地区,湖南省-郴州地区,431000000000,郴州市,湖南省-郴州市,,False
1994,撤销,3,432801000000,郴州市,湖南省-郴州地区-郴州市,,,,,False
1994,同名改码,3,432802000000,资兴市,湖南省-郴州地区-资兴市,439009000000,资兴市,湖南省-郴州地区-资兴市,,False
1994,撤销,3,432821000000,郴县,湖南省-郴州地区-郴县,,,,,False
1994,同名改码,3,432822000000,桂阳县,湖南省-郴州地区-桂阳县,431021000000,桂阳县,湖南省-郴州市-桂阳县,,False
1994,同名改码,3,432823000000,永兴县,湖南省-郴州地区-永兴县,431023000000,永兴县,湖南省-郴州市-永兴县,,False
1994,同名改码,3,432824000000,宜章县,湖南省-郴州地区-宜章县,431022000000,宜章县,湖南省-郴州市-宜章县,,False
1994,同名改码,3,432826000000,嘉禾县,湖南省-郴州地区-嘉禾县,431024000000,嘉禾县,湖南省-郴州市-嘉禾县,,False
1994,同名改码,3,432827000000,临武县,湖南省-郴州地区-临武县,431025000000,临武县,湖南省-郴州市-临武县,,False
1994,同名改码,3,432828000000,汝城县,湖南省-郴州地区-汝城县,431026000000,汝城县,湖南省-郴州市-汝城县,,False
1994,同名改码,3,432829000000,桂东县,湖南省-郴州地区-桂东县,431027000000,桂东县,湖南省-郴州市-桂东县,,False
1994,同名改码,3,432831000000,安仁县,湖南省-郴州地区-安仁县,431028000000,安仁县,湖南省-郴州市-安仁县,,False
1994,撤县设市,3,440122000000,从化县,广东省-广州市-从化县,449021000000,从化市,广东省-广州市-从化市,,False
1994,撤县设市,3,440225000000,乐昌县,广东省-韶关市-乐昌县,449026000000,乐昌市,广东省-韶关市-乐昌市,,False
1994,同名改码,3,440502000000,龙湖区,广东省-汕头市-龙湖区,440507000000,龙湖区,广东省-汕头市-龙湖区,,False
1994,同名改码,3,440503000000,金园区,广东省-汕头市-金园区,440508000000,金园区,广东省-汕头市-金园区,,False
1994,同名改码,3,440504000000,升平区,广东省-汕头市-升平区,440509000000,升平区,广东省-汕头市-升平区,,False
1994,撤县设市,3,440521000000,澄海县,广东省-汕头市-澄海县,449022000000,澄海市,广东省-汕头市-澄海市,,False
1994,撤县设市,3,440624000000,高明县,广东省-佛山市-高明县,449023000000,高明市,广东省-佛山市-高明市,,False
1994,撤销,3,440702000000,城区,广东省-江门市-城区,,,,,False
1994,撤销,3,440711000000,郊区,广东省-江门市-郊区,,,,,False
1994,撤县设市,3,440723000000,恩平县,广东省-江门市-恩平县,449020000000,恩平市,广东省-江门市-恩平市,,False
1994,撤县设市,3,440821000000,吴川县,广东省-湛江市-吴川县,449029000000,吴川市,广东省-湛江市-吴川市,,False
1994,撤销,3,440824000000,海康县,广东省-湛江市-海康县,,,,,False
1994,撤县设市,3,440924000000,化州县,广东省-茂名市-化州县,449031000000,化州市,广东省-茂名市-化州市,,False
1994,同名改码,3,441228000000,新兴县,广东省-肇庆市-新兴县,445321000000,新兴县,广东省-云浮市-新兴县,,False
1994,同名改码,3,441229000000,郁南县,广东省-肇庆市-郁南县,445322000000,郁南县,广东省-云浮市-郁南县,,False
1994,撤县设市,3,441321000000,惠阳县,广东省-惠州市-惠阳县,449028000000,惠阳市,广东省-惠州市-惠阳市,,False
1994,撤县设市,3,441425000000,兴宁县,广东省-梅州市-兴宁县,449030000000,兴宁市,广东省-梅州市-兴宁市,,False
1994,撤县设市,3,441722000000,阳春县,广东省-阳江市-阳春县,449027000000,阳春市,广东省-阳江市-阳春市,,False
1994,撤县设市,3,441822000000,英德县,广东省-清远市-英德县,449019000000,英德市,广东省-清远市-英德市,,False
1994,撤销,3,441824000000,连县,广东省-清远市-连县,,,,,False
1994,撤销,3,449005000000,云浮市,云浮市,,,,,False
1994,撤县设市,3,452523000000,桂平县,广西壮族自治区-玉林地区-桂平县,452503000000,桂平市,广西壮族自治区-玉林地区-桂平市,,False
1994,撤县设市,3,452526000000,北流县,广西壮族自治区-玉林地区-北流县,452504000000,北流市,广西壮族自治区-玉林地区-北流市,,False
1994,撤地设市,2,452800000000,钦州地区,广西壮族自治区-钦州地区,450700000000,钦州市,广西壮族自治区-钦州市,,False
1994,撤销,3,452802000000,钦州市,广西壮族自治区-钦州地区-钦州市,,,,,False
1994,同名改码,3,452824000000,灵山县,广西壮族自治区-钦州地区-灵山县,450721000000,灵山县,广西壮族自治区-钦州市-灵山县,,False
1994,同名改码,3,452826000000,浦北县,广西壮族自治区-钦州地区-浦北县,450722000000,浦北县,广西壮族自治区-钦州市-浦北县,,False
1994,撤县设市,3,460021000000,琼山县,海南省-琼山县,460004000000,琼山市,海南省-琼山市,,False
1994,撤销,3,510128000000,崇庆县,四川省-成都市-崇庆县,,,,,False
1994,撤县设市,3,510130000000,邛崃县,四川省-成都市-邛崃县,519012000000,邛崃市,四川省-成都市-邛崃市,,False
1994,撤县设区,3,510222000000,巴县,四川省-重庆市-巴县,510219000000,巴南区,四川省-重庆市-巴南区,,False
1994,撤销,3,510224000000,江北县,四川省-重庆市-江北县,,,,,False
1994,撤县设市,3,511027000000,简阳县,四川省-内江市-简阳县,519011000000,简阳市,四川省-内江市-简阳市,,False
1994,撤县设市,3,512323000000,南川县,四川省-涪陵地区-南川县,512302000000,南川市,四川省-涪陵地区-南川市,,False
1994,撤县设市,3,532224000000,宣威县,云南省-曲靖地区-宣威县,532202000000,宣威市,云南省-曲靖地区-宣威市,,False
1994,撤地设市,2,612100000000,渭南地区,陕西省-渭南地区,610500000000,渭南市,陕西省-渭南市,,False
1994,撤销,3,612101000000,渭南市,陕西省-渭南地区-渭南市,,,,,False
1994,同名改码,3,612102000000,韩城市,陕西省-渭南地区-韩城市,619002000000,韩城市,陕西省-渭南地区-韩城市,,False
1994,同名改码,3,612103000000,华阴市,陕西省-渭南地区-华阴市,619003000000,华阴市,陕西省-渭南地区-华阴市,,False
1994,同名改码,3,612124000000,华县,陕西省-渭南地区-华县,610521000000,华县,陕西省-渭南市-华县,,False
1994,同名改码,3,612126000000,潼关县,陕西省-渭南地区-潼关县,610522000000,潼关县,陕西省-渭南市-潼关县,,False
1994,同名改码,3,612127000000,大荔县,陕西省-渭南地区-大荔县,610523000000,大荔县,陕西省-渭南市-大荔县,,False
1994,同名改码,3,612128000000,蒲城县,陕西省-渭南地区-蒲城县,610526000000,蒲城县,陕西省-渭南市-蒲城县,,False
1994,同名改码,3,612129000000,澄城县,陕西省-渭南地区-澄城县,610525000000,澄城县,陕西省-渭南市-澄城县,,False
1994,同名改码,3,612130000000,白水县,陕西省-渭南地区-白水县,610527000000,白水县,陕西省-渭南市-白水县,,False
1994,同名改码,3,612132000000,合阳县,陕西省-渭南地区-合阳县,610524000000,合阳县,陕西省-渭南市-合阳县,,False
1994,同名改码,3,612133000000,富平县,陕西省-渭南地区-富平县,610528000000,富平县,陕西省-渭南市-富平县,,False
1994,新设,3,,,,139019000000,鹿泉市,鹿泉市,,False
1994,新设,3,,,,152105000000,根河市,内蒙古自治区-呼伦贝尔盟-根河市,,False
1994,新设,3,,,,211403000000,龙港区,辽宁省-葫芦岛市-龙港区,,False
1994,新设,3,,,,329028000000,姜堰市,姜堰市,,False
1994,新设,3,,,,331004000000,路桥区,浙江省-台州市-路桥区,,False
1994,新设,3,,,,349002000000,明光市,明光市,,False
1994,新设,3,,,,350702000000,延平区,福建省-南平市-延平区,,False
1994,新设,3,,,,370213000000,李沧区,山东省-青岛市-李沧区,,False
1994,新设,3,,,,370214000000,城阳区,山东省-青岛市-城阳区,,False
1994,新设,3,,,,370613000000,莱山区,山东省-烟台市-莱山区,,False
1994,新设,3,,,,370705000000,奎文区,山东省-潍坊市-奎文区,,False
1994,新设,3,,,,371302000000,兰山区,山东省-临沂市-兰山区,,False
1994,新设,3,,,,371311000000,罗庄区,山东省-临沂市-罗庄区,,False
1994,新设,3,,,,371312000000,河东区,山东省-临沂市-河东区,,False
1994,新设,3,,,,371402000000,德城区,山东省-德州市-德城区,,False
1994,新设,3,,,,411302000000,宛城区,河南省-南阳市-宛城区,,False
1994,新设,3,,,,411303000000,卧龙区,河南省-南阳市-卧龙区,,False
1994,新设,3,,,,419014000000,林州市,林州市,,False
1994,新设,3,,,,419015000000,新密市,新密市,,False
1994,新设,3,,,,421002000000,沙市区,湖北省-荆沙市-沙市区,,False
1994,新设,3,,,,421003000000,荆州区,湖北省-荆沙市-荆州区,,False
1994,新设,3,,,,430902000000,资阳区,湖南省-益阳市-资阳区,,False
1994,新设,3,,,,430903000000,赫山区,湖南省-益阳市-赫山区,,False
1994,新设,3,,,,431002000000,北湖区,湖南省-郴州市-北湖区,,False
1994,新设,3,,,,431003000000,苏仙区,湖南省-郴州市-苏仙区,,False
1994,新设,3,,,,440510000000,河浦区,广东省-汕头市-河浦区,,False
1994,新设,3,,,,440703000000,蓬江区,广东省-江门市-蓬江区,,False
1994,新设,3,,,,440704000000,江海区,广东省-江门市-江海区,,False
1994,新设,2,,,,445300000000,云浮市,广东省-云浮市,,False
1994,新设,3,,,,445302000000,云城区,广东省-云浮市-云城区,,False
1994,新设,3,,,,449024000000,连州市,连州市,,False
1994,新设,3,,,,449025000000,雷州市,雷州市,,False
1994,新设,3,,,,450512000000,铁山港区,广西壮族自治区-北海市-铁山港区,,False
1994,新设,3,,,,450702000000,钦南区,广西壮族自治区-钦州市-钦南区,,False
1994,新设,3,,,,450703000000,钦北区,广西壮族自治区-钦州市-钦北区,,False
1994,新设,3,,,,510218000000,渝北区,四川省-重庆市-渝北区,,False
1994,新设,3,,,,519013000000,崇州市,崇州市,,False
1994,新设,3,,,,610502000000,临渭区,陕西省-渭南市-临渭区,,False
1995,更名,3,130204000000,东矿区,河北省-唐山市-东矿区,130204000000,古冶区,河北省-唐山市-古冶区,,False
1995,更名,3,220105000000,二道河子区,吉林省-长春市-二道河子区,220105000000,二道区,吉林省-长春市-二道区,,False
1995,更名,3,220702000000,扶余区,吉林省-松原市-扶余区,220702000000,宁江区,吉林省-松原市-宁江区,,False
1995,更名,3,320304000000,矿区,江苏省-徐州市-矿区,320304000000,九里区,江苏省-徐州市-九里区,,False
1995,更名,3,350111000000,郊区,福建省-福州市-郊区,350111000000,晋安区,福建省-福州市-晋安区,,False
1995,更名,3,510502000000,市中区,四川省-泸州市-市中区,510502000000,江阳区,四川省-泸州市-江阳区,,False
1995,同名改码,3,139001000000,武安市,武安市,130481000000,武安市,河北省-邯郸市-武安市,,False
1995,同名改码,3,139002000000,霸州市,霸州市,131081000000,霸州市,河北省-廊坊市-霸州市,,False
1995,同名改码,3,139003000000,遵化市,遵化市,130281000000,遵化市,河北省-唐山市-遵化市,,False
1995,同名改码,3,139004000000,辛集市,辛集市,130181000000,辛集市,河北省-石家庄市-辛集市,,False
1995,同名改码,3,139005000000,藁城市,藁城市,130182000000,藁城市,河北省-石家庄市-藁城市,,False
1995,同名改码,3,139006000000,晋州市,晋州市,130183000000,晋州市,河北省-石家庄市-晋州市,,False
1995,同名改码,3,139007000000,新乐市,新乐市,130184000000,新乐市,河北省-石家庄市-新乐市,,False
1995,同名改码,3,139008000000,泊头市,泊头市,130981000000,泊头市,河北省-沧州市-泊头市,,False
1995,同名改码,3,139009000000,任丘市,任丘市,130982000000,任丘市,河北省-沧州市-任丘市,,False
1995,同名改码,3,139010000000,黄骅市,黄骅市,130983000000,黄骅市,河北省-沧州市-黄骅市,,False
1995,同名改码,3,139011000000,河间市,河间市,130984000000,河间市,河北省-沧州市-河间市,,False
1995,同名改码,3,139012000000,三河市,三河市,131082000000,三河市,河北省-廊坊市-三河市,,False
1995,同名改码,3,139013000000,南宫市,南宫市,130581000000,南宫市,河北省-邢台市-南宫市,,False
1995,同名改码,3,139014000000,沙河市,沙河市,130582000000,沙河市,河北省-邢台市-沙河市,,False
1995,同名改码,3,139015000000,定州市,定州市,130682000000,定州市,河北省-保定市-定州市,,False
1995,同名改码,3,139016000000,涿州市,涿州市,130681000000,涿州市,河北省-保定市-涿州市,,False
1995,同名改码,3,139017000000,安国市,安国市,130683000000,安国市,河北省-保定市-安国市,,False
1995,同名改码,3,139018000000,高碑店市,高碑店市,130684000000,高碑店市,河北省-保定市-高碑店市,,False
1995,同名改码,3,139019000000,鹿泉市,鹿泉市,130185000000,鹿泉市,河北省-石家庄市-鹿泉市,,False
1995,同名改码,3,139020000000,丰南市,丰南市,130282000000,丰南市,河北省-唐山市-丰南市,,False
1995,同名改码,3,149001000000,古交市,古交市,140181000000,古交市,山西省-太原市-古交市,,False
1995,同名改码,3,149002000000,高平市,高平市,140581000000,高平市,山西省-晋城市-高平市,,False
1995,同名改码,3,149003000000,潞城市,潞城市,140481000000,潞城市,山西省-长治市-潞城市,,False
1995,同名改码,3,152622000000,和林格尔县,内蒙古自治区-乌兰察布盟-和林格尔县,150123000000,和林格尔县,内蒙古自治区-呼和浩特市-和林格尔县,,False
1995,同名改码,3,152623000000,清水河县,内蒙古自治区-乌兰察布盟-清水河县,150124000000,清水河县,内蒙古自治区-呼和浩特市-清水河县,,False
1995,撤县设市,3,210725000000,北镇满族自治县,辽宁省-锦州市-北镇满族自治县,210782000000,北宁市,辽宁省-锦州市-北宁市,,False
1995,同名改码,3,219001000000,瓦房店市,瓦房店市,210281000000,瓦房店市,辽宁省-大连市-瓦房店市,,False
1995,同名改码,3,219002000000,海城市,海城市,210381000000,海城市,辽宁省-鞍山市-海城市,,False
1995,同名改码,3,219004000000,兴城市,兴城市,211481000000,兴城市,辽宁省-葫芦岛市-兴城市,,False
1995,同名改码,3,219005000000,铁法市,铁法市,211281000000,铁法市,辽宁省-铁岭市-铁法市,,False
1995,同名改码,3,219006000000,北票市,北票市,211381000000,北票市,辽宁省-朝阳市-北票市,,False
1995,同名改码,3,219007000000,开原市,开原市,211282000000,开原市,辽宁省-铁岭市-开原市,,False
1995,同名改码,3,219008000000,普兰店市,普兰店市,210282000000,普兰店市,辽宁省-大连市-普兰店市,,False
1995,同名改码,3,219009000000,凌源市,凌源市,211382000000,凌源市,辽宁省-朝阳市-凌源市,,False
1995,同名改码,3,219010000000,庄河市,庄河市,210283000000,庄河市,辽宁省-大连市-庄河市,,False
1995,同名改码,3,219011000000,大石桥市,大石桥市,210882000000,大石桥市,辽宁省-营口市-大石桥市,,False
1995,同名改码,3,219012000000,盖州市,盖州市,210881000000,盖州市,辽宁省-营口市-盖州市,,False
1995,同名改码,3,219013000000,新民市,新民市,210181000000,新民市,辽宁省-沈阳市-新民市,,False
1995,同名改码,3,219014000000,东港市,东港市,210681000000,东港市,辽宁省-丹东市-东港市,,False
1995,同名改码,3,219015000000,凌海市,凌海市,210781000000,凌海市,辽宁省-锦州市-凌海市,,False
1995,同名改码,3,219016000000,凤城市,凤城市,210682000000,凤城市,辽宁省-丹东市-凤城市,,False
1995,撤销,3,220111000000,郊区,吉林省-长春市-郊区,,,,,False
1995,撤县设区,3,220125000000,双阳县,吉林省-长春市-双阳县,220112000000,双阳区,吉林省-长春市-双阳区,,False
1995,撤县设市,3,220223000000,磐石县,吉林省-吉林市-磐石县,220284000000,磐石市,吉林省-吉林市-磐石市,,False
1995,撤销,3,220603000000,三岔子区,吉林省-白山市-三岔子区,,,,,False
1995,同名改码,3,229001000000,公主岭市,公主岭市,220381000000,公主岭市,吉林省-四平市-公主岭市,,False
1995,同名改码,3,229002000000,梅河口市,梅河口市,220581000000,梅河口市,吉林省-通化市-梅河口市,,False
1995,同名改码,3,229003000000,集安市,集安市,220582000000,集安市,吉林省-通化市-集安市,,False
1995,同名改码,3,229004000000,桦甸市,桦甸市,220282000000,桦甸市,吉林省-吉林市-桦甸市,,False
1995,同名改码,3,229005000000,九台市,九台市,220181000000,九台市,吉林省-长春市-九台市,,False
1995,同名改码,3,229006000000,蛟河市,蛟河市,220281000000,蛟河市,吉林省-吉林市-蛟河市,,False
1995,同名改码,3,229007000000,榆树市,榆树市,220182000000,榆树市,吉林省-长春市-榆树市,,False
1995,同名改码,3,229008000000,舒兰市,舒兰市,220283000000,舒兰市,吉林省-吉林市-舒兰市,,False
1995,同名改码,3,229009000000,大安市,大安市,220882000000,大安市,吉林省-白城市-大安市,,False
1995,同名改码,3,229010000000,洮南市,洮南市,220881000000,洮南市,吉林省-白城市-洮南市,,False
1995,同名改码,3,229011000000,临江市,临江市,220681000000,临江市,吉林省-白山市-临江市,,False
1995,同名改码,3,229012000000,德惠市,德惠市,220183000000,德惠市,吉林省-长春市-德惠市,,False
1995,撤县设市,3,231023000000,穆棱县,黑龙江省-牡丹江市-穆棱县,231085000000,穆棱市,黑龙江省-牡丹江市-穆棱市,,False
1995,同名改码,3,239001000000,绥芬河市,绥芬河市,231081000000,绥芬河市,黑龙江省-牡丹江市-绥芬河市,,False
1995,同名改码,3,239002000000,阿城市,阿城市,230181000000,阿城市,黑龙江省-哈尔滨市-阿城市,,False
1995,同名改码,3,239003000000,同江市,同江市,230881000000,同江市,黑龙江省-佳木斯市-同江市,,False
1995,同名改码,3,239004000000,富锦市,富锦市,230882000000,富锦市,黑龙江省-佳木斯市-富锦市,,False
1995,同名改码,3,239005000000,铁力市,铁力市,230781000000,铁力市,黑龙江省-伊春市-铁力市,,False
1995,同名改码,3,239006000000,密山市,密山市,230382000000,密山市,黑龙江省-鸡西市-密山市,,False
1995,同名改码,3,239007000000,海林市,海林市,231083000000,海林市,黑龙江省-牡丹江市-海林市,,False
1995,同名改码,3,239008000000,讷河市,讷河市,230281000000,讷河市,黑龙江省-齐齐哈尔市-讷河市,,False
1995,同名改码,3,239009000000,北安市,北安市,231181000000,北安市,黑龙江省-黑河市-北安市,,False
1995,同名改码,3,239010000000,五大连池市,五大连池市,231182000000,五大连池市,黑龙江省-黑河市-五大连池市,,False
1995,同名改码,3,239011000000,宁安市,宁安市,231084000000,宁安市,黑龙江省-牡丹江市-宁安市,,False
1995,撤销,3,320222000000,无锡县,江苏省-无锡市-无锡县,,,,,False
1995,撤县设市,3,320421000000,武进县,江苏省-常州市-武进县,320483000000,武进市,江苏省-常州市-武进市,,False
1995,撤县设市,3,320524000000,吴县,江苏省-苏州市-吴县,320586000000,吴县市,江苏省-苏州市-吴县市,,False
1995,撤县设市,3,321123000000,句容县,江苏省-镇江市-句容县,321183000000,句容市,江苏省-镇江市-句容市,,False
1995,同名改码,3,329001000000,泰州市,泰州市,321082000000,泰州市,江苏省-扬州市-泰州市,,False
1995,同名改码,3,329002000000,仪征市,仪征市,321081000000,仪征市,江苏省-扬州市-仪征市,,False
1995,同名改码,3,329003000000,常熟市,常熟市,320581000000,常熟市,江苏省-苏州市-常熟市,,False
1995,同名改码,3,329004000000,张家港市,张家港市,320582000000,张家港市,江苏省-苏州市-张家港市,,False
1995,同名改码,3,329005000000,江阴市,江阴市,320281000000,江阴市,江苏省-无锡市-江阴市,,False
1995,同名改码,3,329006000000,宿迁市,宿迁市,320881000000,宿迁市,江苏省-淮阴市-宿迁市,,False
1995,同名改码,3,329007000000,丹阳市,丹阳市,321181000000,丹阳市,江苏省-镇江市-丹阳市,,False
1995,同名改码,3,329008000000,东台市,东台市,320981000000,东台市,江苏省-盐城市-东台市,,False
1995,同名改码,3,329009000000,兴化市,兴化市,321083000000,兴化市,江苏省-扬州市-兴化市,,False
1995,同名改码,3,329010000000,淮安市,淮安市,320882000000,淮安市,江苏省-淮阴市-淮安市,,False
1995,同名改码,3,329011000000,宜兴市,宜兴市,320282000000,宜兴市,江苏省-无锡市-宜兴市,,False
1995,同名改码,3,329012000000,昆山市,昆山市,320583000000,昆山市,江苏省-苏州市-昆山市,,False
1995,同名改码,3,329013000000,启东市,启东市,320681000000,启东市,江苏省-南通市-启东市,,False
1995,同名改码,3,329014000000,新沂市,新沂市,320381000000,新沂市,江苏省-徐州市-新沂市,,False
1995,同名改码,3,329015000000,溧阳市,溧阳市,320481000000,溧阳市,江苏省-常州市-溧阳市,,False
1995,同名改码,3,329016000000,如皋市,如皋市,320682000000,如皋市,江苏省-南通市-如皋市,,False
1995,同名改码,3,329017000000,高邮市,高邮市,321084000000,高邮市,江苏省-扬州市-高邮市,,False
1995,同名改码,3,329018000000,吴江市,吴江市,320584000000,吴江市,江苏省-苏州市-吴江市,,False
1995,同名改码,3,329019000000,邳州市,邳州市,320382000000,邳州市,江苏省-徐州市-邳州市,,False
1995,同名改码,3,329020000000,泰兴市,泰兴市,321086000000,泰兴市,江苏省-扬州市-泰兴市,,False
1995,同名改码,3,329021000000,通州市,通州市,320683000000,通州市,江苏省-南通市-通州市,,False
1995,同名改码,3,329022000000,太仓市,太仓市,320585000000,太仓市,江苏省-苏州市-太仓市,,False
1995,同名改码,3,329023000000,靖江市,靖江市,321085000000,靖江市,江苏省-扬州市-靖江市,,False
1995,同名改码,3,329024000000,金坛市,金坛市,320482000000,金坛市,江苏省-常州市-金坛市,,False
1995,同名改码,3,329025000000,江都市,江都市,321088000000,江都市,江苏省-扬州市-江都市,,False
1995,同名改码,3,329026000000,海门市,海门市,320684000000,海门市,江苏省-南通市-海门市,,False
1995,同名改码,3,329027000000,扬中市,扬中市,321182000000,扬中市,江苏省-镇江市-扬中市,,False
1995,同名改码,3,329028000000,姜堰市,姜堰市,321087000000,姜堰市,江苏省-扬州市-姜堰市,,False
1995,撤县设市,3,330623000000,嵊县,浙江省-绍兴市-嵊县,330683000000,嵊州市,浙江省-绍兴市-嵊州市,,False
1995,同名改码,3,332501000000,丽水市,浙江省-丽水地区-丽水市,332582000000,丽水市,浙江省-丽水地区-丽水市,,False
1995,同名改码,3,332502000000,龙泉市,浙江省-丽水地区-龙泉市,332581000000,龙泉市,浙江省-丽水地区-龙泉市,,False
1995,同名改码,3,339001000000,余姚市,余姚市,330281000000,余姚市,浙江省-宁波市-余姚市,,False
1995,同名改码,3,339002000000,海宁市,海宁市,330481000000,海宁市,浙江省-嘉兴市-海宁市,,False
1995,同名改码,3,339003000000,兰溪市,兰溪市,330781000000,兰溪市,浙江省-金华市-兰溪市,,False
1995,同名改码,3,339004000000,瑞安市,瑞安市,330381000000,瑞安市,浙江省-温州市-瑞安市,,False
1995,同名改码,3,339005000000,萧山市,萧山市,330181000000,萧山市,浙江省-杭州市-萧山市,,False
1995,同名改码,3,339006000000,江山市,江山市,330881000000,江山市,浙江省-衢州市-江山市,,False
1995,同名改码,3,339007000000,义乌市,义乌市,330782000000,义乌市,浙江省-金华市-义乌市,,False
1995,同名改码,3,339008000000,东阳市,东阳市,330783000000,东阳市,浙江省-金华市-东阳市,,False
1995,同名改码,3,339009000000,慈溪市,慈溪市,330282000000,慈溪市,浙江省-宁波市-慈溪市,,False
1995,同名改码,3,339010000000,奉化市,奉化市,330283000000,奉化市,浙江省-宁波市-奉化市,,False
1995,同名改码,3,339011000000,诸暨市,诸暨市,330681000000,诸暨市,浙江省-绍兴市-诸暨市,,False
1995,同名改码,3,339012000000,平湖市,平湖市,330482000000,平湖市,浙江省-嘉兴市-平湖市,,False
1995,同名改码,3,339013000000,建德市,建德市,330182000000,建德市,浙江省-杭州市-建德市,,False
1995,同名改码,3,339014000000,永康市,永康市,330784000000,永康市,浙江省-金华市-永康市,,False
1995,同名改码,3,339015000000,上虞市,上虞市,330682000000,上虞市,浙江省-绍兴市-上虞市,,False
1995,同名改码,3,339016000000,桐乡市,桐乡市,330483000000,桐乡市,浙江省-嘉兴市-桐乡市,,False
1995,同名改码,3,339017000000,乐清市,乐清市,330382000000,乐清市,浙江省-温州市-乐清市,,False
1995,同名改码,3,339018000000,临海市,临海市,331082000000,临海市,浙江省-台州市-临海市,,False
1995,同名改码,3,339019000000,富阳市,富阳市,330183000000,富阳市,浙江省-杭州市-富阳市,,False
1995,同名改码,3,339020000000,温岭市,温岭市,331081000000,温岭市,浙江省-台州市-温岭市,,False
1995,同名改码,3,339021000000,余杭市,余杭市,330184000000,余杭市,浙江省-杭州市-余杭市,,False
1995,同名改码,3,349001000000,天长市,天长市,341181000000,天长市,安徽省-滁州市-天长市,,False
1995,同名改码,3,349002000000,明光市,明光市,341182000000,明光市,安徽省-滁州市-明光市,,False
1995,撤县设市,3,352224000000,福鼎县,福建省-宁德地区-福鼎县,352203000000,福鼎市,福建省-宁德地区-福鼎市,,False
1995,同名改码,3,359001000000,永安市,永安市,350481000000,永安市,福建省-三明市-永安市,,False
1995,同名改码,3,359002000000,石狮市,石狮市,350581000000,石狮市,福建省-泉州市-石狮市,,False
1995,同名改码,3,359003000000,福清市,福清市,350181000000,福清市,福建省-福州市-福清市,,False
1995,同名改码,3,359004000000,晋江市,晋江市,350582000000,晋江市,福建省-泉州市-晋江市,,False
1995,同名改码,3,359005000000,南安市,南安市,350583000000,南安市,福建省-泉州市-南安市,,False
1995,同名改码,3,359006000000,龙海市,龙海市,350681000000,龙海市,福建省-漳州市-龙海市,,False
1995,同名改码,3,359007000000,邵武市,邵武市,350781000000,邵武市,福建省-南平市-邵武市,,False
1995,同名改码,3,359008000000,武夷山市,武夷山市,350782000000,武夷山市,福建省-南平市-武夷山市,,False
1995,同名改码,3,359009000000,建瓯市,建瓯市,350783000000,建瓯市,福建省-南平市-建瓯市,,False
1995,同名改码,3,359010000000,建阳市,建阳市,350784000000,建阳市,福建省-南平市-建阳市,,False
1995,同名改码,3,359011000000,长乐市,长乐市,350182000000,长乐市,福建省-福州市-长乐市,,False
1995,撤县设市,3,362122000000,南康县,江西省-赣州地区-南康县,362103000000,南康市,江西省-赣州地区-南康市,,False
1995,同名改码,3,369001000000,瑞昌市,瑞昌市,360481000000,瑞昌市,江西省-九江市-瑞昌市,,False
1995,同名改码,3,369002000000,乐平市,乐平市,360281000000,乐平市,江西省-景德镇市-乐平市,,False
1995,撤县设市,3,370628000000,栖霞县,山东省-烟台市-栖霞县,370686000000,栖霞市,山东省-烟台市-栖霞市,,False
1995,同名改码,3,379001000000,青州市,青州市,370781000000,青州市,山东省-潍坊市-青州市,,False
1995,同名改码,3,379002000000,龙口市,龙口市,370681000000,龙口市,山东省-烟台市-龙口市,,False
1995,同名改码,3,379003000000,曲阜市,曲阜市,370881000000,曲阜市,山东省-济宁市-曲阜市,,False
1995,同名改码,3,379005000000,新泰市,新泰市,370982000000,新泰市,山东省-泰安市-新泰市,,False
1995,同名改码,3,379006000000,胶州市,胶州市,370281000000,胶州市,山东省-青岛市-胶州市,,False
1995,同名改码,3,379007000000,诸城市,诸城市,370782000000,诸城市,山东省-潍坊市-诸城市,,False
1995,同名改码,3,379008000000,莱阳市,莱阳市,370682000000,莱阳市,山东省-烟台市-莱阳市,,False
1995,同名改码,3,379009000000,莱州市,莱州市,370683000000,莱州市,山东省-烟台市-莱州市,,False
1995,同名改码,3,379010000000,滕州市,滕州市,370481000000,滕州市,山东省-枣庄市-滕州市,,False
1995,同名改码,3,379011000000,文登市,文登市,371081000000,文登市,山东省-威海市-文登市,,False
1995,同名改码,3,379012000000,荣成市,荣成市,371082000000,荣成市,山东省-威海市-荣成市,,False
1995,同名改码,3,379013000000,即墨市,即墨市,370282000000,即墨市,山东省-青岛市-即墨市,,False
1995,同名改码,3,379014000000,平度市,平度市,370283000000,平度市,山东省-青岛市-平度市,,False
1995,同名改码,3,379015000000,莱西市,莱西市,370285000000,莱西市,山东省-青岛市-莱西市,,False
1995,同名改码,3,379016000000,胶南市,胶南市,370284000000,胶南市,山东省-青岛市-胶南市,,False
1995,同名改码,3,379017000000,蓬莱市,蓬莱市,370684000000,蓬莱市,山东省-烟台市-蓬莱市,,False
1995,同名改码,3,379018000000,招远市,招远市,370685000000,招远市,山东省-烟台市-招远市,,False
1995,同名改码,3,379019000000,肥城市,肥城市,370983000000,肥城市,山东省-泰安市-肥城市,,False
1995,同名改码,3,379020000000,章丘市,章丘市,370181000000,章丘市,山东省-济南市-章丘市,,False
1995,同名改码,3,379021000000,兖州市,兖州市,370882000000,兖州市,山东省-济宁市-兖州市,,False
1995,同名改码,3,379022000000,邹城市,邹城市,370883000000,邹城市,山东省-济宁市-邹城市,,False
1995,同名改码,3,379023000000,寿光市,寿光市,370783000000,寿光市,山东省-潍坊市-寿光市,,False
1995,同名改码,3,379024000000,乳山市,乳山市,371083000000,乳山市,山东省-威海市-乳山市,,False
1995,同名改码,3,379025000000,乐陵市,乐陵市,371481000000,乐陵市,山东省-德州市-乐陵市,,False
1995,同名改码,3,379026000000,禹城市,禹城市,371482000000,禹城市,山东省-德州市-禹城市,,False
1995,同名改码,3,379027000000,安丘市,安丘市,370784000000,安丘市,山东省-潍坊市-安丘市,,False
1995,同名改码,3,379028000000,昌邑市,昌邑市,370786000000,昌邑市,山东省-潍坊市-昌邑市,,False
1995,同名改码,3,379029000000,高密市,高密市,370785000000,高密市,山东省-潍坊市-高密市,,False
1995,同名改码,3,419001000000,义马市,义马市,411281000000,义马市,河南省-三门峡市-义马市,,False
1995,同名改码,3,419002000000,汝州市,汝州市,410482000000,汝州市,河南省-平顶山市-汝州市,,False
1995,同名改码,3,419003000000,济源市,济源市,410881000000,济源市,河南省-焦作市-济源市,,False
1995,同名改码,3,419004000000,禹州市,禹州市,411081000000,禹州市,河南省-许昌市-禹州市,,False
1995,同名改码,3,419005000000,卫辉市,卫辉市,410781000000,卫辉市,河南省-新乡市-卫辉市,,False
1995,同名改码,3,419006000000,辉县市,辉县市,410782000000,辉县市,河南省-新乡市-辉县市,,False
1995,同名改码,3,419007000000,沁阳市,沁阳市,410882000000,沁阳市,河南省-焦作市-沁阳市,,False
1995,同名改码,3,419008000000,舞钢市,舞钢市,410481000000,舞钢市,河南省-平顶山市-舞钢市,,False
1995,同名改码,3,419009000000,巩义市,巩义市,410181000000,巩义市,河南省-郑州市-巩义市,,False
1995,同名改码,3,419010000000,灵宝市,灵宝市,411282000000,灵宝市,河南省-三门峡市-灵宝市,,False
1995,同名改码,3,419011000000,长葛市,长葛市,411082000000,长葛市,河南省-许昌市-长葛市,,False
1995,同名改码,3,419012000000,偃师市,偃师市,410381000000,偃师市,河南省-洛阳市-偃师市,,False
1995,同名改码,3,419013000000,邓州市,邓州市,411381000000,邓州市,河南省-南阳市-邓州市,,False
1995,同名改码,3,419014000000,林州市,林州市,410581000000,林州市,河南省-安阳市-林州市,,False
1995,同名改码,3,419015000000,新密市,新密市,410183000000,新密市,河南省-郑州市-新密市,,False
1995,同名改码,3,419016000000,荥阳市,荥阳市,410182000000,荥阳市,河南省-郑州市-荥阳市,,False
1995,同名改码,3,419017000000,新郑市,新郑市,410184000000,新郑市,河南省-郑州市-新郑市,,False
1995,同名改码,3,419018000000,登封市,登封市,410185000000,登封市,河南省-郑州市-登封市,,False
1995,撤销,3,420122000000,武昌县,湖北省-武汉市-武昌县,,,,,False
1995,更名,3,420603000000,樊东区,湖北省-襄樊市-樊东区,420606000000,樊城区,湖北省-襄樊市-樊城区,,False
1995,撤销,3,420604000000,樊西区,湖北省-襄樊市-樊西区,,,,,False
1995,撤销,3,420611000000,郊区,湖北省-襄樊市-郊区,,,,,False
1995,撤县设市,3,421024000000,松滋县,湖北省-荆沙市-松滋县,421087000000,松滋市,湖北省-荆沙市-松滋市,,False
1995,撤地设市,2,422100000000,黄冈地区,湖北省-黄冈地区,421100000000,黄冈市,湖北省-黄冈市,,False
1995,同名改码,3,422101000000,麻城市,湖北省-黄冈地区-麻城市,421181000000,麻城市,湖北省-黄冈市-麻城市,,False
1995,同名改码,3,422102000000,武穴市,湖北省-黄冈地区-武穴市,421182000000,武穴市,湖北省-黄冈市-武穴市,,False
1995,撤市设区,3,422103000000,黄州市,湖北省-黄冈地区-黄州市,421102000000,黄州区,湖北省-黄冈市-黄州区,,False
1995,同名改码,3,422123000000,红安县,湖北省-黄冈地区-红安县,421122000000,红安县,湖北省-黄冈市-红安县,,False
1995,同名改码,3,422125000000,罗田县,湖北省-黄冈地区-罗田县,421123000000,罗田县,湖北省-黄冈市-罗田县,,False
1995,同名改码,3,422126000000,英山县,湖北省-黄冈地区-英山县,421124000000,英山县,湖北省-黄冈市-英山县,,False
1995,同名改码,3,422127000000,浠水县,湖北省-黄冈地区-浠水县,421125000000,浠水县,湖北省-黄冈市-浠水县,,False
1995,同名改码,3,422128000000,蕲春县,湖北省-黄冈地区-蕲春县,421126000000,蕲春县,湖北省-黄冈市-蕲春县,,False
1995,同名改码,3,422130000000,黄梅县,湖北省-黄冈地区-黄梅县,421127000000,黄梅县,湖北省-黄冈市-黄梅县,,False
1995,同名改码,3,429002000000,老河口市,老河口市,420682000000,老河口市,湖北省-襄樊市-老河口市,,False
1995,同名改码,3,429003000000,枣阳市,枣阳市,420683000000,枣阳市,湖北省-襄樊市-枣阳市,,False
1995,同名改码,3,429007000000,枝城市,枝城市,420583000000,枝城市,湖北省-宜昌市-枝城市,,False
1995,同名改码,3,429008000000,当阳市,当阳市,420582000000,当阳市,湖北省-宜昌市-当阳市,,False
1995,同名改码,3,429009000000,应城市,应城市,420981000000,应城市,湖北省-孝感市-应城市,,False
1995,同名改码,3,429010000000,安陆市,安陆市,420982000000,安陆市,湖北省-孝感市-安陆市,,False
1995,同名改码,3,429011000000,广水市,广水市,420983000000,广水市,湖北省-孝感市-广水市,,False
1995,同名改码,3,429012000000,石首市,石首市,421081000000,石首市,湖北省-荆沙市-石首市,,False
1995,同名改码,3,429013000000,洪湖市,洪湖市,421083000000,洪湖市,湖北省-荆沙市-洪湖市,,False
1995,同名改码,3,429014000000,钟祥市,钟祥市,421082000000,钟祥市,湖北省-荆沙市-钟祥市,,False
1995,同名改码,3,429015000000,丹江口市,丹江口市,420381000000,丹江口市,湖北省-十堰市-丹江口市,,False
1995,同名改码,3,429016000000,大冶市,大冶市,420281000000,大冶市,湖北省-黄石市-大冶市,,False
1995,同名改码,3,429017000000,宜城市,宜城市,420684000000,宜城市,湖北省-襄樊市-宜城市,,False
1995,撤销,2,432900000000,零陵地区,湖南省-零陵地区,,,,,False
1995,撤销,3,432901000000,永州市,湖南省-零陵地区-永州市,,,,,False
1995,撤市设区,3,432902000000,冷水滩市,湖南省-零陵地区-冷水滩市,431103000000,冷水滩区,湖南省-永州市-冷水滩区,,False
1995,同名改码,3,432922000000,东安县,湖南省-零陵地区-东安县,431122000000,东安县,湖南省-永州市-东安县,,False
1995,同名改码,3,432923000000,道县,湖南省-零陵地区-道县,431124000000,道县,湖南省-永州市-道县,,False
1995,同名改码,3,432924000000,宁远县,湖南省-零陵地区-宁远县,431126000000,宁远县,湖南省-永州市-宁远县,,False
1995,同名改码,3,432925000000,江永县,湖南省-零陵地区-江永县,431125000000,江永县,湖南省-永州市-江永县,,False
1995,同名改码,3,432926000000,江华瑶族自治县,湖南省-零陵地区-江华瑶族自治县,431129000000,江华瑶族自治县,湖南省-永州市-江华瑶族自治县,,False
1995,同名改码,3,432927000000,蓝山县,湖南省-零陵地区-蓝山县,431127000000,蓝山县,湖南省-永州市-蓝山县,,False
1995,同名改码,3,432928000000,新田县,湖南省-零陵地区-新田县,431128000000,新田县,湖南省-永州市-新田县,,False
1995,同名改码,3,432929000000,双牌县,湖南省-零陵地区-双牌县,431123000000,双牌县,湖南省-永州市-双牌县,,False
1995,同名改码,3,432930000000,祁阳县,湖南省-零陵地区-祁阳县,431121000000,祁阳县,湖南省-永州市-祁阳县,,False
1995,同名改码,3,439001000000,醴陵市,醴陵市,430281000000,醴陵市,湖南省-株洲市-醴陵市,,False
1995,同名改码,3,439002000000,湘乡市,湘乡市,430381000000,湘乡市,湖南省-湘潭市-湘乡市,,False
1995,同名改码,3,439003000000,耒阳市,耒阳市,430481000000,耒阳市,湖南省-衡阳市-耒阳市,,False
1995,同名改码,3,439004000000,汨罗市,汨罗市,430681000000,汨罗市,湖南省-岳阳市-汨罗市,,False
1995,同名改码,3,439005000000,津市市,津市市,430781000000,津市市,湖南省-常德市-津市市,,False
1995,同名改码,3,439006000000,韶山市,韶山市,430382000000,韶山市,湖南省-湘潭市-韶山市,,False
1995,同名改码,3,439007000000,临湘市,临湘市,430682000000,临湘市,湖南省-岳阳市-临湘市,,False
1995,同名改码,3,439008000000,浏阳市,浏阳市,430181000000,浏阳市,湖南省-长沙市-浏阳市,,False
1995,同名改码,3,439009000000,资兴市,资兴市,431081000000,资兴市,湖南省-郴州市-资兴市,,False
1995,同名改码,3,439010000000,沅江市,沅江市,430981000000,沅江市,湖南省-益阳市-沅江市,,False
1995,同名改码,3,439011000000,武冈市,武冈市,430581000000,武冈市,湖南省-邵阳市-武冈市,,False
1995,撤县设市,3,440921000000,信宜县,广东省-茂名市-信宜县,440983000000,信宜市,广东省-茂名市-信宜市,,False
1995,撤县设市,3,441522000000,陆丰县,广东省-汕尾市-陆丰县,441581000000,陆丰市,广东省-汕尾市-陆丰市,,False
1995,同名改码,3,449001000000,顺德市,顺德市,440681000000,顺德市,广东省-佛山市-顺德市,,False
1995,同名改码,3,449002000000,台山市,台山市,440781000000,台山市,广东省-江门市-台山市,,False
1995,同名改码,3,449003000000,番禺市,番禺市,440181000000,番禺市,广东省-广州市-番禺市,,False
1995,同名改码,3,449004000000,南海市,南海市,440682000000,南海市,广东省-佛山市-南海市,,False
1995,同名改码,3,449006000000,新会市,新会市,440782000000,新会市,广东省-江门市-新会市,,False
1995,同名改码,3,449007000000,开平市,开平市,440783000000,开平市,广东省-江门市-开平市,,False
1995,同名改码,3,449008000000,三水市,三水市,440683000000,三水市,广东省-佛山市-三水市,,False
1995,同名改码,3,449009000000,普宁市,普宁市,445281000000,普宁市,广东省-揭阳市-普宁市,,False
1995,同名改码,3,449010000000,罗定市,罗定市,445381000000,罗定市,广东省-云浮市-罗定市,,False
1995,同名改码,3,449011000000,潮阳市,潮阳市,440582000000,潮阳市,广东省-汕头市-潮阳市,,False
1995,同名改码,3,449012000000,高州市,高州市,440981000000,高州市,广东省-茂名市-高州市,,False
1995,同名改码,3,449013000000,花都市,花都市,440182000000,花都市,广东省-广州市-花都市,,False
1995,同名改码,3,449014000000,高要市,高要市,441283000000,高要市,广东省-肇庆市-高要市,,False
1995,同名改码,3,449015000000,鹤山市,鹤山市,440784000000,鹤山市,广东省-江门市-鹤山市,,False
1995,同名改码,3,449016000000,四会市,四会市,441284000000,四会市,广东省-肇庆市-四会市,,False
1995,同名改码,3,449017000000,增城市,增城市,440183000000,增城市,广东省-广州市-增城市,,False
1995,同名改码,3,449018000000,廉江市,廉江市,440881000000,廉江市,广东省-湛江市-廉江市,,False
1995,同名改码,3,449019000000,英德市,英德市,441881000000,英德市,广东省-清远市-英德市,,False
1995,同名改码,3,449020000000,恩平市,恩平市,440785000000,恩平市,广东省-江门市-恩平市,,False
1995,同名改码,3,449021000000,从化市,从化市,440184000000,从化市,广东省-广州市-从化市,,False
1995,同名改码,3,449022000000,澄海市,澄海市,440583000000,澄海市,广东省-汕头市-澄海市,,False
1995,同名改码,3,449023000000,高明市,高明市,440684000000,高明市,广东省-佛山市-高明市,,False
1995,同名改码,3,449024000000,连州市,连州市,441882000000,连州市,广东省-清远市-连州市,,False
1995,同名改码,3,449025000000,雷州市,雷州市,440882000000,雷州市,广东省-湛江市-雷州市,,False
1995,同名改码,3,449026000000,乐昌市,乐昌市,440281000000,乐昌市,广东省-韶关市-乐昌市,,False
1995,同名改码,3,449027000000,阳春市,阳春市,441781000000,阳春市,广东省-阳江市-阳春市,,False
1995,同名改码,3,449028000000,惠阳市,惠阳市,441381000000,惠阳市,广东省-惠州市-惠阳市,,False
1995,同名改码,3,449029000000,吴川市,吴川市,440883000000,吴川市,广东省-湛江市-吴川市,,False
1995,同名改码,3,449030000000,兴宁市,兴宁市,441481000000,兴宁市,广东省-梅州市-兴宁市,,False
1995,同名改码,3,449031000000,化州市,化州市,440982000000,化州市,广东省-茂名市-化州市,,False
1995,撤县设市,3,452421000000,岑溪县,广西壮族自治区-梧州地区-岑溪县,452401000000,岑溪市,广西壮族自治区-梧州地区-岑溪市,,False
1995,撤销,3,452502000000,贵港市,广西壮族自治区-玉林地区-贵港市,,,,,False
1995,同名改码,3,452503000000,桂平市,广西壮族自治区-玉林地区-桂平市,450881000000,桂平市,广西壮族自治区-贵港市-桂平市,,False
1995,同名改码,3,452524000000,平南县,广西壮族自治区-玉林地区-平南县,450821000000,平南县,广西壮族自治区-贵港市-平南县,,False
1995,撤县设市,3,460022000000,文昌县,海南省-文昌县,460005000000,文昌市,海南省-文昌市,,False
1995,撤县设区,3,510523000000,纳溪县,四川省-泸州市-纳溪县,510503000000,纳溪区,四川省-泸州市-纳溪区,,False
1995,撤县设市,3,510625000000,什邡县,四川省-德阳市-什邡县,510682000000,什邡市,四川省-德阳市-什邡市,,False
1995,撤地设市,2,512300000000,涪陵地区,四川省-涪陵地区,517000000000,涪陵市,四川省-涪陵市,,False
1995,撤销,3,512301000000,涪陵市,四川省-涪陵地区-涪陵市,,,,,False
1995,同名改码,3,512302000000,南川市,四川省-涪陵地区-南川市,517081000000,南川市,四川省-涪陵市-南川市,,False
1995,同名改码,3,512322000000,垫江县,四川省-涪陵地区-垫江县,517021000000,垫江县,四川省-涪陵市-垫江县,,False
1995,同名改码,3,512324000000,丰都县,四川省-涪陵地区-丰都县,517022000000,丰都县,四川省-涪陵市-丰都县,,False
1995,同名改码,3,512326000000,武隆县,四川省-涪陵地区-武隆县,517023000000,武隆县,四川省-涪陵市-武隆县,,False
1995,同名改码,3,519001000000,广汉市,广汉市,510681000000,广汉市,四川省-德阳市-广汉市,,False
1995,同名改码,3,519002000000,江油市,江油市,510781000000,江油市,四川省-绵阳市-江油市,,False
1995,同名改码,3,519003000000,都江堰市,都江堰市,510181000000,都江堰市,四川省-成都市-都江堰市,,False
1995,同名改码,3,519004000000,峨眉山市,峨眉山市,511181000000,峨眉山市,四川省-乐山市-峨眉山市,,False
1995,同名改码,3,519005000000,永川市,永川市,510281000000,永川市,四川省-重庆市-永川市,,False
1995,同名改码,3,519006000000,合川市,合川市,510282000000,合川市,四川省-重庆市-合川市,,False
1995,同名改码,3,519007000000,江津市,江津市,510283000000,江津市,四川省-重庆市-江津市,,False
1995,同名改码,3,519008000000,阆中市,阆中市,511381000000,阆中市,四川省-南充市-阆中市,,False
1995,同名改码,3,519009000000,资阳市,资阳市,511081000000,资阳市,四川省-内江市-资阳市,,False
1995,同名改码,3,519010000000,彭州市,彭州市,510182000000,彭州市,四川省-成都市-彭州市,,False
1995,同名改码,3,519011000000,简阳市,简阳市,511082000000,简阳市,四川省-内江市-简阳市,,False
1995,同名改码,3,519012000000,邛崃市,邛崃市,510183000000,邛崃市,四川省-成都市-邛崃市,,False
1995,同名改码,3,519013000000,崇州市,崇州市,510184000000,崇州市,四川省-成都市-崇州市,,False
1995,撤县设市,3,522130000000,仁怀县,贵州省-遵义地区-仁怀县,522103000000,仁怀市,贵州省-遵义地区-仁怀市,,False
1995,同名改码,3,522502000000,清镇市,贵州省-安顺地区-清镇市,520181000000,清镇市,贵州省-贵阳市-清镇市,,False
1995,同名改码,3,522522000000,开阳县,贵州省-安顺地区-开阳县,520121000000,开阳县,贵州省-贵阳市-开阳县,,False
1995,同名改码,3,522523000000,息烽县,贵州省-安顺地区-息烽县,520122000000,息烽县,贵州省-贵阳市-息烽县,,False
1995,同名改码,3,522524000000,修文县,贵州省-安顺地区-修文县,520123000000,修文县,贵州省-贵阳市-修文县,,False
1995,撤县设市,3,530123000000,安宁县,云南省-昆明市-安宁县,530181000000,安宁市,云南省-昆明市-安宁市,,False
1995,同名改码,3,619001000000,兴平市,兴平市,610481000000,兴平市,陕西省-咸阳市-兴平市,,False
1995,同名改码,3,619002000000,韩城市,韩城市,610581000000,韩城市,陕西省-渭南市-韩城市,,False
1995,同名改码,3,619003000000,华阴市,华阴市,610582000000,华阴市,陕西省-渭南市-华阴市,,False
1995,新设,3,,,,220106000000,绿园区,吉林省-长春市-绿园区,,False
1995,新设,3,,,,220625000000,江源县,吉林省-白山市-江源县,,False
1995,新设,3,,,,220724000000,扶余县,吉林省-松原市-扶余县,,False
1995,新设,3,,,,320283000000,锡山市,江苏省-无锡市-锡山市,,False
1995,新设,3,,,,420115000000,江夏区,湖北省-武汉市-江夏区,,False
1995,新设,3,,,,420505000000,猇亭区,湖北省-宜昌市-猇亭区,,False
1995,新设,3,,,,421121000000,团风县,湖北省-黄冈市-团风县,,False
1995,新设,2,,,,431100000000,永州市,湖南省-永州市,,False
1995,新设,3,,,,431102000000,芝山区,湖南省-永州市-芝山区,,False
1995,新设,2,,,,450800000000,贵港市,广西壮族自治区-贵港市,,False
1995,新设,3,,,,450802000000,港北区,广西壮族自治区-贵港市-港北区,,False
1995,新设,3,,,,450803000000,港南区,广西壮族自治区-贵港市-港南区,,False
1995,新设,3,,,,510504000000,龙马潭区,四川省-泸州市-龙马潭区,,False
1995,新设,3,,,,517002000000,枳城区,四川省-涪陵市-枳城区,,False
1995,新设,3,,,,517003000000,李渡区,四川省-涪陵市-李渡区,,False
1996,更名,3,130430000000,丘县,河北省-邯郸市-丘县,130430000000,邱县,河北省-邯郸市-邱县,,False
1996,更名,3,210311000000,旧堡区,辽宁省-鞍山市-旧堡区,210311000000,千山区,辽宁省-鞍山市-千山区,,False
1996,更名,3,420583000000,枝城市,湖北省-宜昌市-枝城市,420583000000,枝江市,湖北省-宜昌市-枝江市,,False
1996,更名,2,421000000000,荆沙市,湖北省-荆沙市,421000000000,荆州市,湖北省-荆州市,,False
1996,更名,3,430102000000,东区,湖南省-长沙市-东区,430102000000,芙蓉区,湖南省-长沙市-芙蓉区,,False
1996,更名,3,430103000000,南区,湖南省-长沙市-南区,430103000000,天心区,湖南省-长沙市-天心区,,False
1996,更名,3,430104000000,西区,湖南省-长沙市-西区,430104000000,岳麓区,湖南省-长沙市-岳麓区,,False
1996,更名,3,430105000000,北区,湖南省-长沙市-北区,430105000000,开福区,湖南省-长沙市-开福区,,False
1996,更名,3,430111000000,郊区,湖南省-长沙市-郊区,430111000000,雨花区,湖南省-长沙市-雨花区,,False
1996,更名,3,430602000000,南区,湖南省-岳阳市-南区,430602000000,岳阳楼区,湖南省-岳阳市-岳阳楼区,,False
1996,更名,3,430603000000,北区,湖南省-岳阳市-北区,430603000000,云溪区,湖南省-岳阳市-云溪区,,False
1996,更名,3,430611000000,郊区,湖南省-岳阳市-郊区,430611000000,君山区,湖南省-岳阳市-君山区,,False
1996,撤县设市,3,130226000000,迁安县,河北省-唐山市-迁安县,130283000000,迁安市,河北省-唐山市-迁安市,,False
1996,撤地设市,2,133000000000,衡水地区,河北省-衡水地区,131100000000,衡水市,河北省-衡水市,,False
1996,撤销,3,133001000000,衡水市,河北省-衡水地区-衡水市,,,,,False
1996,同名改码,3,133002000000,冀州市,河北省-衡水地区-冀州市,131181000000,冀州市,河北省-衡水市-冀州市,,False
1996,同名改码,3,133003000000,深州市,河北省-衡水地区-深州市,131182000000,深州市,河北省-衡水市-深州市,,False
1996,同名改码,3,133023000000,枣强县,河北省-衡水地区-枣强县,131121000000,枣强县,河北省-衡水市-枣强县,,False
1996,同名改码,3,133024000000,武邑县,河北省-衡水地区-武邑县,131122000000,武邑县,河北省-衡水市-武邑县,,False
1996,同名改码,3,133026000000,武强县,河北省-衡水地区-武强县,131123000000,武强县,河北省-衡水市-武强县,,False
1996,同名改码,3,133027000000,饶阳县,河北省-衡水地区-饶阳县,131124000000,饶阳县,河北省-衡水市-饶阳县,,False
1996,同名改码,3,133028000000,安平县,河北省-衡水地区-安平县,131125000000,安平县,河北省-衡水市-安平县,,False
1996,同名改码,3,133029000000,故城县,河北省-衡水地区-故城县,131126000000,故城县,河北省-衡水市-故城县,,False
1996,同名改码,3,133030000000,景县,河北省-衡水地区-景县,131127000000,景县,河北省-衡水市-景县,,False
1996,同名改码,3,133031000000,阜城县,河北省-衡水地区-阜城县,131128000000,阜城县,河北省-衡水市-阜城县,,False
1996,撤销,3,140503000000,郊区,山西省-晋城市-郊区,,,,,False
1996,撤县设市,3,142321000000,汾阳县,山西省-吕梁地区-汾阳县,142303000000,汾阳市,山西省-吕梁地区-汾阳市,,False
1996,撤县设市,3,142331000000,离石县,山西省-吕梁地区-离石县,142302000000,离石市,山西省-吕梁地区-离石市,,False
1996,同名改码,3,152621000000,武川县,内蒙古自治区-乌兰察布盟-武川县,150125000000,武川县,内蒙古自治区-呼和浩特市-武川县,,False
1996,同名改码,3,152633000000,达尔罕茂明安联合旗,内蒙古自治区-乌兰察布盟-达尔罕茂明安联合旗,150223000000,达尔罕茂明安联合旗,内蒙古自治区-包头市-达尔罕茂明安联合旗,,False
1996,撤县设市,3,211022000000,灯塔县,辽宁省-辽阳市-灯塔县,211081000000,灯塔市,辽宁省-辽阳市-灯塔市,,False
1996,撤县设市,3,220324000000,双辽县,吉林省-四平市-双辽县,220382000000,双辽市,吉林省-四平市-双辽市,,False
1996,撤县设市,3,230322000000,虎林县,黑龙江省-鸡西市-虎林县,230381000000,虎林市,黑龙江省-鸡西市-虎林市,,False
1996,撤销,3,231122000000,德都县,黑龙江省-黑河市-德都县,,,,,False
1996,撤销,2,232100000000,松花江地区,黑龙江省-松花江地区,,,,,False
1996,同名改码,3,232101000000,双城市,黑龙江省-松花江地区-双城市,230182000000,双城市,黑龙江省-哈尔滨市-双城市,,False
1996,同名改码,3,232102000000,尚志市,黑龙江省-松花江地区-尚志市,230183000000,尚志市,黑龙江省-哈尔滨市-尚志市,,False
1996,同名改码,3,232103000000,五常市,黑龙江省-松花江地区-五常市,230184000000,五常市,黑龙江省-哈尔滨市-五常市,,False
1996,同名改码,3,232126000000,巴彦县,黑龙江省-松花江地区-巴彦县,230126000000,巴彦县,黑龙江省-哈尔滨市-巴彦县,,False
1996,同名改码,3,232127000000,木兰县,黑龙江省-松花江地区-木兰县,230127000000,木兰县,黑龙江省-哈尔滨市-木兰县,,False
1996,同名改码,3,232128000000,通河县,黑龙江省-松花江地区-通河县,230128000000,通河县,黑龙江省-哈尔滨市-通河县,,False
1996,同名改码,3,232131000000,延寿县,黑龙江省-松花江地区-延寿县,230129000000,延寿县,黑龙江省-哈尔滨市-延寿县,,False
1996,同名改码,3,320822000000,灌南县,江苏省-淮阴市-灌南县,320724000000,灌南县,江苏省-连云港市-灌南县,,False
1996,同名改码,3,320823000000,沭阳县,江苏省-淮阴市-沭阳县,321322000000,沭阳县,江苏省-宿迁市-沭阳县,,False
1996,同名改码,3,320825000000,泗阳县,江苏省-淮阴市-泗阳县,321323000000,泗阳县,江苏省-宿迁市-泗阳县,,False
1996,同名改码,3,320827000000,泗洪县,江苏省-淮阴市-泗洪县,321324000000,泗洪县,江苏省-宿迁市-泗洪县,,False
1996,撤销,3,320881000000,宿迁市,江苏省-淮阴市-宿迁市,,,,,False
1996,撤销,3,320911000000,郊区,江苏省-盐城市-郊区,,,,,False
1996,撤县设市,3,320926000000,大丰县,江苏省-盐城市-大丰县,320982000000,大丰市,江苏省-盐城市-大丰市,,False
1996,撤销,3,321082000000,泰州市,江苏省-扬州市-泰州市,,,,,False
1996,同名改码,3,321083000000,兴化市,江苏省-扬州市-兴化市,321281000000,兴化市,江苏省-泰州市-兴化市,,False
1996,同名改码,3,321085000000,靖江市,江苏省-扬州市-靖江市,321282000000,靖江市,江苏省-泰州市-靖江市,,False
1996,同名改码,3,321086000000,泰兴市,江苏省-扬州市-泰兴市,321283000000,泰兴市,江苏省-泰州市-泰兴市,,False
1996,同名改码,3,321087000000,姜堰市,江苏省-扬州市-姜堰市,321284000000,姜堰市,江苏省-泰州市-姜堰市,,False
1996,撤县设市,3,330124000000,临安县,浙江省-杭州市-临安县,330185000000,临安市,浙江省-杭州市-临安市,,False
1996,撤县设市,3,340821000000,桐城县,安徽省-安庆市-桐城县,340881000000,桐城市,安徽省-安庆市-桐城市,,False
1996,撤地设市,2,342100000000,阜阳地区,安徽省-阜阳地区,341200000000,阜阳市,安徽省-阜阳市,,False
1996,撤销,3,342101000000,阜阳市,安徽省-阜阳地区-阜阳市,,,,,False
1996,同名改码,3,342102000000,亳州市,安徽省-阜阳地区-亳州市,341281000000,亳州市,安徽省-阜阳市-亳州市,,False
1996,同名改码,3,342103000000,界首市,安徽省-阜阳地区-界首市,341282000000,界首市,安徽省-阜阳市-界首市,,False
1996,同名改码,3,342122000000,临泉县,安徽省-阜阳地区-临泉县,341221000000,临泉县,安徽省-阜阳市-临泉县,,False
1996,同名改码,3,342123000000,太和县,安徽省-阜阳地区-太和县,341222000000,太和县,安徽省-阜阳市-太和县,,False
1996,同名改码,3,342124000000,涡阳县,安徽省-阜阳地区-涡阳县,341223000000,涡阳县,安徽省-阜阳市-涡阳县,,False
1996,同名改码,3,342125000000,蒙城县,安徽省-阜阳地区-蒙城县,341224000000,蒙城县,安徽省-阜阳市-蒙城县,,False
1996,同名改码,3,342127000000,阜南县,安徽省-阜阳地区-阜南县,341225000000,阜南县,安徽省-阜阳市-阜南县,,False
1996,同名改码,3,342128000000,颍上县,安徽省-阜阳地区-颍上县,341226000000,颍上县,安徽省-阜阳市-颍上县,,False
1996,同名改码,3,342130000000,利辛县,安徽省-阜阳地区-利辛县,341227000000,利辛县,安徽省-阜阳市-利辛县,,False
1996,撤县设区,3,350221000000,同安县,福建省-厦门市-同安县,350212000000,同安区,福建省-厦门市-同安区,,False
1996,撤地设市,2,352600000000,龙岩地区,福建省-龙岩地区,350800000000,龙岩市,福建省-龙岩市,,False
1996,撤销,3,352601000000,龙岩市,福建省-龙岩地区-龙岩市,,,,,False
1996,同名改码,3,352602000000,漳平市,福建省-龙岩地区-漳平市,350881000000,漳平市,福建省-龙岩市-漳平市,,False
1996,同名改码,3,352622000000,长汀县,福建省-龙岩地区-长汀县,350821000000,长汀县,福建省-龙岩市-长汀县,,False
1996,同名改码,3,352623000000,永定县,福建省-龙岩地区-永定县,350822000000,永定县,福建省-龙岩市-永定县,,False
1996,同名改码,3,352624000000,上杭县,福建省-龙岩地区-上杭县,350823000000,上杭县,福建省-龙岩市-上杭县,,False
1996,同名改码,3,352625000000,武平县,福建省-龙岩地区-武平县,350824000000,武平县,福建省-龙岩市-武平县,,False
1996,同名改码,3,352627000000,连城县,福建省-龙岩地区-连城县,350825000000,连城县,福建省-龙岩市-连城县,,False
1996,撤县设市,3,360621000000,贵溪县,江西省-鹰潭市-贵溪县,360681000000,贵溪市,江西省-鹰潭市-贵溪市,,False
1996,撤县设市,3,370629000000,海阳县,山东省-烟台市-海阳县,370687000000,海阳市,山东省-烟台市-海阳市,,False
1996,撤县设市,3,410826000000,孟县,河南省-焦作市-孟县,410883000000,孟州市,河南省-焦作市-孟州市,,False
1996,撤县设市,3,412328000000,永城县,河南省-商丘地区-永城县,412302000000,永城市,河南省-商丘地区-永城市,,False
1996,撤县设市,3,420523000000,枝江县,湖北省-宜昌市-枝江县,420581000000,枝城市,湖北省-宜昌市-枝城市,,False
1996,同名改码,3,421025000000,京山县,湖北省-荆沙市-京山县,420821000000,京山县,湖北省-荆门市-京山县,,False
1996,同名改码,3,421082000000,钟祥市,湖北省-荆沙市-钟祥市,420881000000,钟祥市,湖北省-荆门市-钟祥市,,False
1996,同名改码,3,422327000000,阳新县,湖北省-咸宁地区-阳新县,420222000000,阳新县,湖北省-黄石市-阳新县,,False
1996,撤县设市,3,430425000000,常宁县,湖南省-衡阳市-常宁县,430482000000,常宁市,湖南省-衡阳市-常宁市,,False
1996,撤县设市,3,440223000000,南雄县,广东省-韶关市-南雄县,440282000000,南雄市,广东省-韶关市-南雄市,,False
1996,撤销,3,450306000000,市郊区,广西壮族自治区-桂林市-市郊区,,,,,False
1996,撤县设市,3,460024000000,万宁县,海南省-万宁县,460006000000,万宁市,海南省-万宁市,,False
1996,撤销,3,510602000000,市中区,四川省-德阳市-市中区,,,,,False
1996,撤县设市,3,510622000000,绵竹县,四川省-德阳市-绵竹县,510683000000,绵竹市,四川省-德阳市-绵竹市,,False
1996,撤地设市,2,512500000000,宜宾地区,四川省-宜宾地区,511500000000,宜宾市,四川省-宜宾市,,False
1996,区划调整,3,512501000000,宜宾市,四川省-宜宾地区-宜宾市,511521000000,宜宾县,四川省-宜宾市-宜宾县,,False
1996,撤销,3,512527000000,宜宾县,四川省-宜宾地区-宜宾县,,,,,False
1996,同名改码,3,512528000000,南溪县,四川省-宜宾地区-南溪县,511522000000,南溪县,四川省-宜宾市-南溪县,,False
1996,同名改码,3,512529000000,江安县,四川省-宜宾地区-江安县,511523000000,江安县,四川省-宜宾市-江安县,,False
1996,同名改码,3,512530000000,长宁县,四川省-宜宾地区-长宁县,511524000000,长宁县,四川省-宜宾市-长宁县,,False
1996,同名改码,3,512531000000,高县,四川省-宜宾地区-高县,511525000000,高县,四川省-宜宾市-高县,,False
1996,同名改码,3,512532000000,筠连县,四川省-宜宾地区-筠连县,511527000000,筠连县,四川省-宜宾市-筠连县,,False
1996,同名改码,3,512533000000,珙县,四川省-宜宾地区-珙县,511526000000,珙县,四川省-宜宾市-珙县,,False
1996,同名改码,3,512534000000,兴文县,四川省-宜宾地区-兴文县,511528000000,兴文县,四川省-宜宾市-兴文县,,False
1996,同名改码,3,512535000000,屏山县,四川省-宜宾地区-屏山县,511529000000,屏山县,四川省-宜宾市-屏山县,,False
1996,撤县设市,3,522724000000,福泉县,贵州省-黔南布依族苗族自治州-福泉县,522702000000,福泉市,贵州省-黔南布依族苗族自治州-福泉市,,False
1996,撤县设市,3,533121000000,潞西县,云南省-德宏傣族景颇族自治州-潞西县,533103000000,潞西市,云南省-德宏傣族景颇族自治州-潞西市,,False
1996,撤地设市,2,612300000000,汉中地区,陕西省-汉中地区,610700000000,汉中市,陕西省-汉中市,,False
1996,撤销,3,612301000000,汉中市,陕西省-汉中地区-汉中市,,,,,False
1996,同名改码,3,612321000000,南郑县,陕西省-汉中地区-南郑县,610721000000,南郑县,陕西省-汉中市-南郑县,,False
1996,同名改码,3,612322000000,城固县,陕西省-汉中地区-城固县,610722000000,城固县,陕西省-汉中市-城固县,,False
1996,同名改码,3,612323000000,洋县,陕西省-汉中地区-洋县,610723000000,洋县,陕西省-汉中市-洋县,,False
1996,同名改码,3,612324000000,西乡县,陕西省-汉中地区-西乡县,610724000000,西乡县,陕西省-汉中市-西乡县,,False
1996,同名改码,3,612325000000,勉县,陕西省-汉中地区-勉县,610725000000,勉县,陕西省-汉中市-勉县,,False
1996,同名改码,3,612326000000,宁强县,陕西省-汉中地区-宁强县,610726000000,宁强县,陕西省-汉中市-宁强县,,False
1996,同名改码,3,612327000000,略阳县,陕西省-汉中地区-略阳县,610727000000,略阳县,陕西省-汉中市-略阳县,,False
1996,同名改码,3,612328000000,镇巴县,陕西省-汉中地区-镇巴县,610728000000,镇巴县,陕西省-汉中市-镇巴县,,False
1996,同名改码,3,612329000000,留坝县,陕西省-汉中地区-留坝县,610729000000,留坝县,陕西省-汉中市-留坝县,,False
1996,同名改码,3,612330000000,佛坪县,陕西省-汉中地区-佛坪县,610730000000,佛坪县,陕西省-汉中市-佛坪县,,False
1996,撤地设市,2,612600000000,延安地区,陕西省-延安地区,610600000000,延安市,陕西省-延安市,,False
1996,撤销,3,612601000000,延安市,陕西省-延安地区-延安市,,,,,False
1996,同名改码,3,612621000000,延长县,陕西省-延安地区-延长县,610621000000,延长县,陕西省-延安市-延长县,,False
1996,同名改码,3,612622000000,延川县,陕西省-延安地区-延川县,610622000000,延川县,陕西省-延安市-延川县,,False
1996,同名改码,3,612623000000,子长县,陕西省-延安地区-子长县,610623000000,子长县,陕西省-延安市-子长县,,False
1996,同名改码,3,612624000000,安塞县,陕西省-延安地区-安塞县,610624000000,安塞县,陕西省-延安市-安塞县,,False
1996,同名改码,3,612625000000,志丹县,陕西省-延安地区-志丹县,610625000000,志丹县,陕西省-延安市-志丹县,,False
1996,同名改码,3,612626000000,吴旗县,陕西省-延安地区-吴旗县,610626000000,吴旗县,陕西省-延安市-吴旗县,,False
1996,同名改码,3,612627000000,甘泉县,陕西省-延安地区-甘泉县,610627000000,甘泉县,陕西省-延安市-甘泉县,,False
1996,同名改码,3,612628000000,富县,陕西省-延安地区-富县,610628000000,富县,陕西省-延安市-富县,,False
1996,同名改码,3,612629000000,洛川县,陕西省-延安地区-洛川县,610629000000,洛川县,陕西省-延安市-洛川县,,False
1996,同名改码,3,612630000000,宜川县,陕西省-延安地区-宜川县,610630000000,宜川县,陕西省-延安市-宜川县,,False
1996,同名改码,3,612631000000,黄龙县,陕西省-延安地区-黄龙县,610631000000,黄龙县,陕西省-延安市-黄龙县,,False
1996,同名改码,3,612632000000,黄陵县,陕西省-延安地区-黄陵县,610632000000,黄陵县,陕西省-延安市-黄陵县,,False
1996,撤县设市,3,642125000000,灵武县,宁夏回族自治区-银南地区-灵武县,642103000000,灵武市,宁夏回族自治区-银南地区-灵武市,,False
1996,撤县设市,3,652322000000,米泉县,新疆维吾尔自治区-昌吉回族自治州-米泉县,652303000000,米泉市,新疆维吾尔自治区-昌吉回族自治州-米泉市,,False
1996,撤县设市,3,654222000000,乌苏县,新疆维吾尔自治区-塔城地区-乌苏县,654202000000,乌苏市,新疆维吾尔自治区-塔城地区-乌苏市,,False
1996,新设,3,,,,131102000000,桃城区,河北省-衡水市-桃城区,,False
1996,新设,3,,,,140525000000,泽州县,山西省-晋城市-泽州县,,False
1996,新设,3,,,,152202000000,阿尔山市,内蒙古自治区-兴安盟-阿尔山市,,False
1996,新设,3,,,,320928000000,盐都县,江苏省-盐城市-盐都县,,False
1996,新设,2,,,,321200000000,泰州市,江苏省-泰州市,,False
1996,新设,3,,,,321202000000,海陵区,江苏省-泰州市-海陵区,,False
1996,新设,2,,,,321300000000,宿迁市,江苏省-宿迁市,,False
1996,新设,3,,,,321302000000,宿城区,江苏省-宿迁市-宿城区,,False
1996,新设,3,,,,321321000000,宿豫县,江苏省-宿迁市-宿豫县,,False
1996,新设,3,,,,330108000000,滨江区,浙江省-杭州市-滨江区,,False
1996,新设,3,,,,341202000000,颍州区,安徽省-阜阳市-颍州区,,False
1996,新设,3,,,,341203000000,颍东区,安徽省-阜阳市-颍东区,,False
1996,新设,3,,,,341204000000,颍泉区,安徽省-阜阳市-颍泉区,,False
1996,新设,3,,,,350603000000,龙文区,福建省-漳州市-龙文区,,False
1996,新设,3,,,,350802000000,新罗区,福建省-龙岩市-新罗区,,False
1996,新设,3,,,,445323000000,云安县,广东省-云浮市-云安县,,False
1996,新设,3,,,,450311000000,雁山区,广西壮族自治区-桂林市-雁山区,,False
1996,新设,3,,,,450681000000,东兴市,广西壮族自治区-防城港市-东兴市,,False
1996,新设,3,,,,510603000000,旌阳区,四川省-德阳市-旌阳区,,False
1996,新设,3,,,,510626000000,罗江县,四川省-德阳市-罗江县,,False
1996,新设,3,,,,511502000000,翠屏区,四川省-宜宾市-翠屏区,,False
1996,新设,3,,,,610602000000,宝塔区,陕西省-延安市-宝塔区,,False
1996,新设,3,,,,610702000000,汉台区,陕西省-汉中市-汉台区,,False
1996,新设,3,,,,623001000000,合作市,甘肃省-甘南藏族自治州-合作市,,False
1997,更名,3,430202000000,东区,湖南省-株洲市-东区,430202000000,荷塘区,湖南省-株洲市-荷塘区,,False
1997,更名,3,430203000000,北区,湖南省-株洲市-北区,430203000000,芦淞区,湖南省-株洲市-芦淞区,,False
1997,更名,3,430204000000,南区,湖南省-株洲市-南区,430204000000,石峰区,湖南省-株洲市-石峰区,,False
1997,更名,3,430211000000,郊区,湖南省-株洲市-郊区,430211000000,天元区,湖南省-株洲市-天元区,,False
1997,更名,3,430502000000,东区,湖南省-邵阳市-东区,430502000000,双清区,湖南省-邵阳市-双清区,,False
1997,更名,3,430503000000,西区,湖南省-邵阳市-西区,430503000000,大祥区,湖南省-邵阳市-大祥区,,False
1997,更名,3,430511000000,郊区,湖南省-邵阳市-郊区,430511000000,北塔区,湖南省-邵阳市-北塔区,,False
1997,更名,2,452400000000,梧州地区,广西壮族自治区-梧州地区,452400000000,贺州地区,广西壮族自治区-贺州地区,,False
1997,更名,3,513225000000,南坪县,四川省-阿坝藏族羌族自治州-南坪县,513225000000,九寨沟县,四川省-阿坝藏族羌族自治州-九寨沟县,,False
1997,撤销,3,110223000000,通县,通县,,,,,False
1997,撤销,3,130904000000,郊区,河北省-沧州市-郊区,,,,,False
1997,撤销,3,140102000000,南城区,山西省-太原市-南城区,,,,,False
1997,撤销,3,140103000000,北城区,山西省-太原市-北城区,,,,,False
1997,撤销,3,140104000000,河西区,山西省-太原市-河西区,,,,,False
1997,撤销,3,140112000000,南郊区,山西省-太原市-南郊区,,,,,False
1997,撤销,3,140113000000,北郊区,山西省-太原市-北郊区,,,,,False
1997,撤销,3,231011000000,郊区,黑龙江省-牡丹江市-郊区,,,,,False
1997,撤县设区,3,310228000000,金山县,金山县,310116000000,金山区,金山区,,False
1997,撤县设市,3,342524000000,宁国县,安徽省-宣城地区-宁国县,342502000000,宁国市,安徽省-宣城地区-宁国市,,False
1997,区划调整,3,360311000000,上栗区,江西省-萍乡市-上栗区,360322000000,上栗县,江西省-萍乡市-上栗县,,False
1997,区划调整,3,360312000000,芦溪区,江西省-萍乡市-芦溪区,360323000000,芦溪县,江西省-萍乡市-芦溪县,,False
1997,撤地设市,2,372500000000,聊城地区,山东省-聊城地区,371500000000,聊城市,山东省-聊城市,,False
1997,撤销,3,372501000000,聊城市,山东省-聊城地区-聊城市,,,,,False
1997,同名改码,3,372502000000,临清市,山东省-聊城地区-临清市,371581000000,临清市,山东省-聊城市-临清市,,False
1997,同名改码,3,372522000000,阳谷县,山东省-聊城地区-阳谷县,371521000000,阳谷县,山东省-聊城市-阳谷县,,False
1997,同名改码,3,372523000000,莘县,山东省-聊城地区-莘县,371522000000,莘县,山东省-聊城市-莘县,,False
1997,同名改码,3,372524000000,茌平县,山东省-聊城地区-茌平县,371523000000,茌平县,山东省-聊城市-茌平县,,False
1997,同名改码,3,372525000000,东阿县,山东省-聊城地区-东阿县,371524000000,东阿县,山东省-聊城市-东阿县,,False
1997,同名改码,3,372526000000,冠县,山东省-聊城地区-冠县,371525000000,冠县,山东省-聊城市-冠县,,False
1997,同名改码,3,372527000000,高唐县,山东省-聊城地区-高唐县,371526000000,高唐县,山东省-聊城市-高唐县,,False
1997,同名改码,3,410426000000,襄城县,河南省-平顶山市-襄城县,411025000000,襄城县,河南省-许昌市-襄城县,,False
1997,同名改码,3,410881000000,济源市,河南省-焦作市-济源市,419001000000,济源市,河南省-焦作市-济源市,,False
1997,撤地设市,2,412300000000,商丘地区,河南省-商丘地区,411400000000,商丘市,河南省-商丘市,,False
1997,撤销,3,412301000000,商丘市,河南省-商丘地区-商丘市,,,,,False
1997,同名改码,3,412302000000,永城市,河南省-商丘地区-永城市,411481000000,永城市,河南省-商丘市-永城市,,False
1997,同名改码,3,412321000000,虞城县,河南省-商丘地区-虞城县,411425000000,虞城县,河南省-商丘市-虞城县,,False
1997,撤销,3,412322000000,商丘县,河南省-商丘地区-商丘县,,,,,False
1997,同名改码,3,412323000000,民权县,河南省-商丘地区-民权县,411421000000,民权县,河南省-商丘市-民权县,,False
1997,同名改码,3,412324000000,宁陵县,河南省-商丘地区-宁陵县,411423000000,宁陵县,河南省-商丘市-宁陵县,,False
1997,同名改码,3,412325000000,睢县,河南省-商丘地区-睢县,411422000000,睢县,河南省-商丘市-睢县,,False
1997,同名改码,3,412326000000,夏邑县,河南省-商丘地区-夏邑县,411426000000,夏邑县,河南省-商丘市-夏邑县,,False
1997,同名改码,3,412327000000,柘城县,河南省-商丘地区-柘城县,411424000000,柘城县,河南省-商丘市-柘城县,,False
1997,撤县设市,3,420924000000,汉川县,湖北省-孝感市-汉川县,420984000000,汉川市,湖北省-孝感市-汉川市,,False
1997,撤地设市,2,433000000000,怀化地区,湖南省-怀化地区,431200000000,怀化市,湖南省-怀化市,,False
1997,撤销,3,433001000000,怀化市,湖南省-怀化地区-怀化市,,,,,False
1997,同名改码,3,433002000000,洪江市,湖南省-怀化地区-洪江市,431281000000,洪江市,湖南省-怀化市-洪江市,,False
1997,撤销,3,433021000000,黔阳县,湖南省-怀化地区-黔阳县,,,,,False
1997,同名改码,3,433022000000,沅陵县,湖南省-怀化地区-沅陵县,431222000000,沅陵县,湖南省-怀化市-沅陵县,,False
1997,同名改码,3,433023000000,辰溪县,湖南省-怀化地区-辰溪县,431223000000,辰溪县,湖南省-怀化市-辰溪县,,False
1997,同名改码,3,433024000000,溆浦县,湖南省-怀化地区-溆浦县,431224000000,溆浦县,湖南省-怀化市-溆浦县,,False
1997,同名改码,3,433025000000,麻阳苗族自治县,湖南省-怀化地区-麻阳苗族自治县,431226000000,麻阳苗族自治县,湖南省-怀化市-麻阳苗族自治县,,False
1997,同名改码,3,433026000000,新晃侗族自治县,湖南省-怀化地区-新晃侗族自治县,431227000000,新晃侗族自治县,湖南省-怀化市-新晃侗族自治县,,False
1997,同名改码,3,433027000000,芷江侗族自治县,湖南省-怀化地区-芷江侗族自治县,431228000000,芷江侗族自治县,湖南省-怀化市-芷江侗族自治县,,False
1997,同名改码,3,433029000000,会同县,湖南省-怀化地区-会同县,431225000000,会同县,湖南省-怀化市-会同县,,False
1997,同名改码,3,433030000000,靖州苗族侗族自治县,湖南省-怀化地区-靖州苗族侗族自治县,431229000000,靖州苗族侗族自治县,湖南省-怀化市-靖州苗族侗族自治县,,False
1997,同名改码,3,433031000000,通道侗族自治县,湖南省-怀化地区-通道侗族自治县,431230000000,通道侗族自治县,湖南省-怀化市-通道侗族自治县,,False
1997,同名改码,3,452401000000,岑溪市,广西壮族自治区-梧州地区-岑溪市,450481000000,岑溪市,广西壮族自治区-梧州市-岑溪市,,False
1997,同名改码,3,452423000000,藤县,广西壮族自治区-梧州地区-藤县,450422000000,藤县,广西壮族自治区-梧州市-藤县,,False
1997,同名改码,3,452425000000,蒙山县,广西壮族自治区-梧州地区-蒙山县,450423000000,蒙山县,广西壮族自治区-梧州市-蒙山县,,False
1997,撤县设市,3,452426000000,贺县,广西壮族自治区-梧州地区-贺县,452402000000,贺州市,广西壮族自治区-贺州地区-贺州市,,False
1997,撤地设市,2,452500000000,玉林地区,广西壮族自治区-玉林地区,450900000000,玉林市,广西壮族自治区-玉林市,,False
1997,撤销,3,452501000000,玉林市,广西壮族自治区-玉林地区-玉林市,,,,,False
1997,同名改码,3,452504000000,北流市,广西壮族自治区-玉林地区-北流市,450981000000,北流市,广西壮族自治区-玉林市-北流市,,False
1997,同名改码,3,452525000000,容县,广西壮族自治区-玉林地区-容县,450921000000,容县,广西壮族自治区-玉林市-容县,,False
1997,同名改码,3,452527000000,陆川县,广西壮族自治区-玉林地区-陆川县,450922000000,陆川县,广西壮族自治区-玉林市-陆川县,,False
1997,同名改码,3,452528000000,博白县,广西壮族自治区-玉林地区-博白县,450923000000,博白县,广西壮族自治区-玉林市-博白县,,False
1997,撤县设市,3,460032000000,东方黎族自治县,海南省-东方黎族自治县,460007000000,东方市,海南省-东方市,,False
1997,撤销,2,510200000000,重庆市,四川省-重庆市,,,,,False
1997,同名改码,3,510202000000,渝中区,四川省-重庆市-渝中区,500103000000,渝中区,四川省-重庆市-渝中区,,False
1997,同名改码,3,510203000000,大渡口区,四川省-重庆市-大渡口区,500104000000,大渡口区,四川省-重庆市-大渡口区,,False
1997,同名改码,3,510211000000,江北区,四川省-重庆市-江北区,500105000000,江北区,四川省-重庆市-江北区,,False
1997,同名改码,3,510212000000,沙坪坝区,四川省-重庆市-沙坪坝区,500106000000,沙坪坝区,四川省-重庆市-沙坪坝区,,False
1997,同名改码,3,510213000000,九龙坡区,四川省-重庆市-九龙坡区,500107000000,九龙坡区,四川省-重庆市-九龙坡区,,False
1997,同名改码,3,510214000000,南岸区,四川省-重庆市-南岸区,500108000000,南岸区,四川省-重庆市-南岸区,,False
1997,同名改码,3,510215000000,北碚区,四川省-重庆市-北碚区,500109000000,北碚区,四川省-重庆市-北碚区,,False
1997,同名改码,3,510216000000,万盛区,四川省-重庆市-万盛区,500110000000,万盛区,四川省-重庆市-万盛区,,False
1997,同名改码,3,510217000000,双桥区,四川省-重庆市-双桥区,500111000000,双桥区,四川省-重庆市-双桥区,,False
1997,同名改码,3,510218000000,渝北区,四川省-重庆市-渝北区,500112000000,渝北区,四川省-重庆市-渝北区,,False
1997,同名改码,3,510219000000,巴南区,四川省-重庆市-巴南区,500113000000,巴南区,四川省-重庆市-巴南区,,False
1997,同名改码,3,510221000000,长寿县,四川省-重庆市-长寿县,500221000000,长寿县,四川省-重庆市-长寿县,,False
1997,同名改码,3,510223000000,綦江县,四川省-重庆市-綦江县,500222000000,綦江县,四川省-重庆市-綦江县,,False
1997,同名改码,3,510227000000,潼南县,四川省-重庆市-潼南县,500223000000,潼南县,四川省-重庆市-潼南县,,False
1997,同名改码,3,510228000000,铜梁县,四川省-重庆市-铜梁县,500224000000,铜梁县,四川省-重庆市-铜梁县,,False
1997,同名改码,3,510230000000,大足县,四川省-重庆市-大足县,500225000000,大足县,四川省-重庆市-大足县,,False
1997,同名改码,3,510231000000,荣昌县,四川省-重庆市-荣昌县,500226000000,荣昌县,四川省-重庆市-荣昌县,,False
1997,同名改码,3,510232000000,璧山县,四川省-重庆市-璧山县,500227000000,璧山县,四川省-重庆市-璧山县,,False
1997,同名改码,3,510281000000,永川市,四川省-重庆市-永川市,500383000000,永川市,四川省-重庆市-永川市,,False
1997,同名改码,3,510282000000,合川市,四川省-重庆市-合川市,500382000000,合川市,四川省-重庆市-合川市,,False
1997,同名改码,3,510283000000,江津市,四川省-重庆市-江津市,500381000000,江津市,四川省-重庆市-江津市,,False
1997,同名改码,3,511121000000,仁寿县,四川省-乐山市-仁寿县,513822000000,仁寿县,四川省-眉山地区-仁寿县,,False
1997,同名改码,3,511122000000,眉山县,四川省-乐山市-眉山县,513821000000,眉山县,四川省-眉山地区-眉山县,,False
1997,同名改码,3,511127000000,洪雅县,四川省-乐山市-洪雅县,513824000000,洪雅县,四川省-眉山地区-洪雅县,,False
1997,同名改码,3,511128000000,彭山县,四川省-乐山市-彭山县,513823000000,彭山县,四川省-眉山地区-彭山县,,False
1997,同名改码,3,511130000000,青神县,四川省-乐山市-青神县,513826000000,青神县,四川省-眉山地区-青神县,,False
1997,同名改码,3,511131000000,丹棱县,四川省-乐山市-丹棱县,513825000000,丹棱县,四川省-眉山地区-丹棱县,,False
1997,撤销,2,511200000000,万县市,四川省-万县市,,,,,False
1997,撤销,3,511202000000,龙宝区,四川省-万县市-龙宝区,,,,,False
1997,撤销,3,511203000000,天城区,四川省-万县市-天城区,,,,,False
1997,撤销,3,511204000000,五桥区,四川省-万县市-五桥区,,,,,False
1997,同名改码,3,511221000000,开县,四川省-万县市-开县,500234000000,开县,四川省-万县市-开县,,False
1997,同名改码,3,511222000000,忠县,四川省-万县市-忠县,500233000000,忠县,四川省-万县市-忠县,,False
1997,同名改码,3,511223000000,梁平县,四川省-万县市-梁平县,500228000000,梁平县,四川省-万县市-梁平县,,False
1997,同名改码,3,511224000000,云阳县,四川省-万县市-云阳县,500235000000,云阳县,四川省-万县市-云阳县,,False
1997,同名改码,3,511225000000,奉节县,四川省-万县市-奉节县,500236000000,奉节县,四川省-万县市-奉节县,,False
1997,同名改码,3,511226000000,巫山县,四川省-万县市-巫山县,500237000000,巫山县,四川省-万县市-巫山县,,False
1997,同名改码,3,511227000000,巫溪县,四川省-万县市-巫溪县,500238000000,巫溪县,四川省-万县市-巫溪县,,False
1997,同名改码,3,511228000000,城口县,四川省-万县市-城口县,500229000000,城口县,四川省-万县市-城口县,,False
1997,撤销,2,513500000000,黔江地区,四川省-黔江地区,,,,,False
1997,同名改码,3,513521000000,石柱土家族自治县,四川省-黔江地区-石柱土家族自治县,500240000000,石柱土家族自治县,四川省-黔江地区-石柱土家族自治县,,False
1997,同名改码,3,513522000000,秀山土家族苗族自治县,四川省-黔江地区-秀山土家族苗族自治县,500241000000,秀山土家族苗族自治县,四川省-黔江地区-秀山土家族苗族自治县,,False
1997,同名改码,3,513523000000,黔江土家族苗族自治县,四川省-黔江地区-黔江土家族苗族自治县,500239000000,黔江土家族苗族自治县,四川省-黔江地区-黔江土家族苗族自治县,,False
1997,同名改码,3,513524000000,酉阳土家族苗族自治县,四川省-黔江地区-酉阳土家族苗族自治县,500242000000,酉阳土家族苗族自治县,四川省-黔江地区-酉阳土家族苗族自治县,,False
1997,同名改码,3,513525000000,彭水苗族土家族自治县,四川省-黔江地区-彭水苗族土家族自治县,500243000000,彭水苗族土家族自治县,四川省-黔江地区-彭水苗族土家族自治县,,False
1997,撤销,2,517000000000,涪陵市,四川省-涪陵市,,,,,False
1997,撤销,3,517002000000,枳城区,四川省-涪陵市-枳城区,,,,,False
1997,撤销,3,517003000000,李渡区,四川省-涪陵市-李渡区,,,,,False
1997,同名改码,3,517021000000,垫江县,四川省-涪陵市-垫江县,500231000000,垫江县,四川省-涪陵市-垫江县,,False
1997,同名改码,3,517022000000,丰都县,四川省-涪陵市-丰都县,500230000000,丰都县,四川省-涪陵市-丰都县,,False
1997,同名改码,3,517023000000,武隆县,四川省-涪陵市-武隆县,500232000000,武隆县,四川省-涪陵市-武隆县,,False
1997,同名改码,3,517081000000,南川市,四川省-涪陵市-南川市,500384000000,南川市,四川省-涪陵市-南川市,,False
1997,撤地设市,2,522100000000,遵义地区,贵州省-遵义地区,520300000000,遵义市,贵州省-遵义市,,False
1997,区划调整,3,522101000000,遵义市,贵州省-遵义地区-遵义市,520321000000,遵义县,贵州省-遵义市-遵义县,,False
1997,同名改码,3,522102000000,赤水市,贵州省-遵义地区-赤水市,520381000000,赤水市,贵州省-遵义市-赤水市,,False
1997,同名改码,3,522103000000,仁怀市,贵州省-遵义地区-仁怀市,520382000000,仁怀市,贵州省-遵义市-仁怀市,,False
1997,撤销,3,522121000000,遵义县,贵州省-遵义地区-遵义县,,,,,False
1997,同名改码,3,522122000000,桐梓县,贵州省-遵义地区-桐梓县,520322000000,桐梓县,贵州省-遵义市-桐梓县,,False
1997,同名改码,3,522123000000,绥阳县,贵州省-遵义地区-绥阳县,520323000000,绥阳县,贵州省-遵义市-绥阳县,,False
1997,同名改码,3,522124000000,正安县,贵州省-遵义地区-正安县,520324000000,正安县,贵州省-遵义市-正安县,,False
1997,同名改码,3,522125000000,道真仡佬族苗族自治县,贵州省-遵义地区-道真仡佬族苗族自治县,520325000000,道真仡佬族苗族自治县,贵州省-遵义市-道真仡佬族苗族自治县,,False
1997,同名改码,3,522126000000,务川仡佬族苗族自治县,贵州省-遵义地区-务川仡佬族苗族自治县,520326000000,务川仡佬族苗族自治县,贵州省-遵义市-务川仡佬族苗族自治县,,False
1997,同名改码,3,522127000000,凤冈县,贵州省-遵义地区-凤冈县,520327000000,凤冈县,贵州省-遵义市-凤冈县,,False
1997,同名改码,3,522128000000,湄潭县,贵州省-遵义地区-湄潭县,520328000000,湄潭县,贵州省-遵义市-湄潭县,,False
1997,同名改码,3,522129000000,余庆县,贵州省-遵义地区-余庆县,520329000000,余庆县,贵州省-遵义市-余庆县,,False
1997,同名改码,3,522132000000,习水县,贵州省-遵义地区-习水县,520330000000,习水县,贵州省-遵义市-习水县,,False
1997,撤地设市,2,532200000000,曲靖地区,云南省-曲靖地区,530300000000,曲靖市,云南省-曲靖市,,False
1997,撤销,3,532201000000,曲靖市,云南省-曲靖地区-曲靖市,,,,,False
1997,同名改码,3,532202000000,宣威市,云南省-曲靖地区-宣威市,530381000000,宣威市,云南省-曲靖市-宣威市,,False
1997,同名改码,3,532223000000,马龙县,云南省-曲靖地区-马龙县,530321000000,马龙县,云南省-曲靖市-马龙县,,False
1997,同名改码,3,532225000000,富源县,云南省-曲靖地区-富源县,530325000000,富源县,云南省-曲靖市-富源县,,False
1997,同名改码,3,532226000000,罗平县,云南省-曲靖地区-罗平县,530324000000,罗平县,云南省-曲靖市-罗平县,,False
1997,同名改码,3,532227000000,师宗县,云南省-曲靖地区-师宗县,530323000000,师宗县,云南省-曲靖市-师宗县,,False
1997,同名改码,3,532228000000,陆良县,云南省-曲靖地区-陆良县,530322000000,陆良县,云南省-曲靖市-陆良县,,False
1997,同名改码,3,532231000000,寻甸回族彝族自治县,云南省-曲靖地区-寻甸回族彝族自治县,530327000000,寻甸回族彝族自治县,云南省-曲靖市-寻甸回族彝族自治县,,False
1997,同名改码,3,532233000000,会泽县,云南省-曲靖地区-会泽县,530326000000,会泽县,云南省-曲靖市-会泽县,,False
1997,撤地设市,2,532400000000,玉溪地区,云南省-玉溪地区,530400000000,玉溪市,云南省-玉溪市,,False
1997,撤销,3,532401000000,玉溪市,云南省-玉溪地区-玉溪市,,,,,False
1997,同名改码,3,532422000000,江川县,云南省-玉溪地区-江川县,530421000000,江川县,云南省-玉溪市-江川县,,False
1997,同名改码,3,532423000000,澄江县,云南省-玉溪地区-澄江县,530422000000,澄江县,云南省-玉溪市-澄江县,,False
1997,同名改码,3,532424000000,通海县,云南省-玉溪地区-通海县,530423000000,通海县,云南省-玉溪市-通海县,,False
1997,同名改码,3,532425000000,华宁县,云南省-玉溪地区-华宁县,530424000000,华宁县,云南省-玉溪市-华宁县,,False
1997,同名改码,3,532426000000,易门县,云南省-玉溪地区-易门县,530425000000,易门县,云南省-玉溪市-易门县,,False
1997,同名改码,3,532427000000,峨山彝族自治县,云南省-玉溪地区-峨山彝族自治县,530426000000,峨山彝族自治县,云南省-玉溪市-峨山彝族自治县,,False
1997,同名改码,3,532428000000,新平彝族傣族自治县,云南省-玉溪地区-新平彝族傣族自治县,530427000000,新平彝族傣族自治县,云南省-玉溪市-新平彝族傣族自治县,,False
1997,同名改码,3,532429000000,元江哈尼族彝族傣族自治县,云南省-玉溪地区-元江哈尼族彝族傣族自治县,530428000000,元江哈尼族彝族傣族自治县,云南省-玉溪市-元江哈尼族彝族傣族自治县,,False
1997,撤县设区,3,610123000000,临潼县,陕西省-西安市-临潼县,610115000000,临潼区,陕西省-西安市-临潼区,,False
1997,新设,3,,,,110112000000,通州区,通州区,,False
1997,新设,3,,,,140105000000,小店区,山西省-太原市-小店区,,False
1997,新设,3,,,,140106000000,迎泽区,山西省-太原市-迎泽区,,False
1997,新设,3,,,,140107000000,杏花岭区,山西省-太原市-杏花岭区,,False
1997,新设,3,,,,140108000000,尖草坪区,山西省-太原市-尖草坪区,,False
1997,新设,3,,,,140109000000,万柏林区,山西省-太原市-万柏林区,,False
1997,新设,3,,,,140110000000,晋源区,山西省-太原市-晋源区,,False
1997,新设,3,,,,321203000000,高港区,江苏省-泰州市-高港区,,False
1997,新设,3,,,,350503000000,丰泽区,福建省-泉州市-丰泽区,,False
1997,新设,3,,,,350504000000,洛江区,福建省-泉州市-洛江区,,False
1997,新设,3,,,,371502000000,东昌府区,山东省-聊城市-东昌府区,,False
1997,新设,3,,,,410404000000,石龙区,河南省-平顶山市-石龙区,,False
1997,新设,3,,,,411402000000,梁园区,河南省-商丘市-梁园区,,False
1997,新设,3,,,,411403000000,睢阳区,河南省-商丘市-睢阳区,,False
1997,新设,3,,,,431202000000,鹤城区,湖南省-怀化市-鹤城区,,False
1997,新设,3,,,,431221000000,中方县,湖南省-怀化市-中方县,,False
1997,新设,3,,,,440308000000,盐田区,广东省-深圳市-盐田区,,False
1997,新设,3,,,,450902000000,玉州区,广西壮族自治区-玉林市-玉州区,,False
1997,新设,3,,,,450924000000,兴业县,广西壮族自治区-玉林市-兴业县,,False
1997,新设,1,,,,500000000000,重庆市,重庆市,,False
1997,新设,3,,,,500101000000,万县区,万县区,,False
1997,新设,3,,,,500102000000,涪陵区,涪陵区,,False
1997,新设,3,,,,510923000000,大英县,四川省-遂宁市-大英县,,False
1997,新设,2,,,,513800000000,眉山地区,四川省-眉山地区,,False
1997,新设,3,,,,520302000000,红花岗区,贵州省-遵义市-红花岗区,,False
1997,新设,3,,,,530302000000,麒麟区,云南省-曲靖市-麒麟区,,False
1997,新设,3,,,,530328000000,沾益县,云南省-曲靖市-沾益县,,False
1997,新设,3,,,,530402000000,红塔区,云南省-玉溪市-红塔区,,False
1998,更名,3,420581000000,枝城市,湖北省-宜昌市-枝城市,420581000000,宜都市,湖北省-宜昌市-宜都市,,False
1998,更名,3,500101000000,万县区,万县区,500101000000,万州区,万州区,,False
1998,更名,3,530126000000,路南彝族自治县,云南省-昆明市-路南彝族自治县,530126000000,石林彝族自治县,云南省-昆明市-石林彝族自治县,,False
1998,撤县设区,3,110222000000,顺义县,顺义县,110113000000,顺义区,顺义区,,False
1998,撤县设区,3,310227000000,松江县,松江县,310117000000,松江区,松江区,,False
1998,撤地设市,2,342200000000,宿县地区,安徽省-宿县地区,341300000000,宿州市,安徽省-宿州市,,False
1998,撤销,3,342201000000,宿州市,安徽省-宿县地区-宿州市,,,,,False
1998,同名改码,3,342221000000,砀山县,安徽省-宿县地区-砀山县,341321000000,砀山县,安徽省-宿州市-砀山县,,False
1998,同名改码,3,342222000000,萧县,安徽省-宿县地区-萧县,341322000000,萧县,安徽省-宿州市-萧县,,False
1998,同名改码,3,342224000000,灵璧县,安徽省-宿县地区-灵璧县,341323000000,灵璧县,安徽省-宿州市-灵璧县,,False
1998,同名改码,3,342225000000,泗县,安徽省-宿县地区-泗县,341324000000,泗县,安徽省-宿州市-泗县,,False
1998,撤地设市,2,362100000000,赣州地区,江西省-赣州地区,360700000000,赣州市,江西省-赣州市,,False
1998,撤销,3,362101000000,赣州市,江西省-赣州地区-赣州市,,,,,False
1998,同名改码,3,362102000000,瑞金市,江西省-赣州地区-瑞金市,360781000000,瑞金市,江西省-赣州市-瑞金市,,False
1998,同名改码,3,362103000000,南康市,江西省-赣州地区-南康市,360782000000,南康市,江西省-赣州市-南康市,,False
1998,同名改码,3,362121000000,赣县,江西省-赣州地区-赣县,360721000000,赣县,江西省-赣州市-赣县,,False
1998,同名改码,3,362123000000,信丰县,江西省-赣州地区-信丰县,360722000000,信丰县,江西省-赣州市-信丰县,,False
1998,同名改码,3,362124000000,大余县,江西省-赣州地区-大余县,360723000000,大余县,江西省-赣州市-大余县,,False
1998,同名改码,3,362125000000,上犹县,江西省-赣州地区-上犹县,360724000000,上犹县,江西省-赣州市-上犹县,,False
1998,同名改码,3,362126000000,崇义县,江西省-赣州地区-崇义县,360725000000,崇义县,江西省-赣州市-崇义县,,False
1998,同名改码,3,362127000000,安远县,江西省-赣州地区-安远县,360726000000,安远县,江西省-赣州市-安远县,,False
1998,同名改码,3,362128000000,龙南县,江西省-赣州地区-龙南县,360727000000,龙南县,江西省-赣州市-龙南县,,False
1998,同名改码,3,362129000000,定南县,江西省-赣州地区-定南县,360728000000,定南县,江西省-赣州市-定南县,,False
1998,同名改码,3,362130000000,全南县,江西省-赣州地区-全南县,360729000000,全南县,江西省-赣州市-全南县,,False
1998,同名改码,3,362131000000,宁都县,江西省-赣州地区-宁都县,360730000000,宁都县,江西省-赣州市-宁都县,,False
1998,同名改码,3,362132000000,于都县,江西省-赣州地区-于都县,360731000000,于都县,江西省-赣州市-于都县,,False
1998,同名改码,3,362133000000,兴国县,江西省-赣州地区-兴国县,360732000000,兴国县,江西省-赣州市-兴国县,,False
1998,同名改码,3,362135000000,会昌县,江西省-赣州地区-会昌县,360733000000,会昌县,江西省-赣州市-会昌县,,False
1998,同名改码,3,362136000000,寻乌县,江西省-赣州地区-寻乌县,360734000000,寻乌县,江西省-赣州市-寻乌县,,False
1998,同名改码,3,362137000000,石城县,江西省-赣州地区-石城县,360735000000,石城县,江西省-赣州市-石城县,,False
1998,撤地设市,2,413000000000,信阳地区,河南省-信阳地区,411500000000,信阳市,河南省-信阳市,,False
1998,撤销,3,413001000000,信阳市,河南省-信阳地区-信阳市,,,,,False
1998,同名改码,3,413021000000,息县,河南省-信阳地区-息县,411528000000,息县,河南省-信阳市-息县,,False
1998,同名改码,3,413022000000,淮滨县,河南省-信阳地区-淮滨县,411527000000,淮滨县,河南省-信阳市-淮滨县,,False
1998,撤销,3,413023000000,信阳县,河南省-信阳地区-信阳县,,,,,False
1998,同名改码,3,413024000000,潢川县,河南省-信阳地区-潢川县,411526000000,潢川县,河南省-信阳市-潢川县,,False
1998,同名改码,3,413025000000,光山县,河南省-信阳地区-光山县,411522000000,光山县,河南省-信阳市-光山县,,False
1998,同名改码,3,413026000000,固始县,河南省-信阳地区-固始县,411525000000,固始县,河南省-信阳市-固始县,,False
1998,同名改码,3,413027000000,商城县,河南省-信阳地区-商城县,411524000000,商城县,河南省-信阳市-商城县,,False
1998,同名改码,3,413028000000,罗山县,河南省-信阳地区-罗山县,411521000000,罗山县,河南省-信阳市-罗山县,,False
1998,同名改码,3,413029000000,新县,河南省-信阳地区-新县,411523000000,新县,河南省-信阳市-新县,,False
1998,撤县设区,3,420123000000,黄陂县,湖北省-武汉市-黄陂县,420116000000,黄陂区,湖北省-武汉市-黄陂区,,False
1998,撤县设区,3,420124000000,新洲县,湖北省-武汉市-新洲县,420117000000,新洲区,湖北省-武汉市-新洲区,,False
1998,区划调整,3,420803000000,沙洋区,湖北省-荆门市-沙洋区,420822000000,沙洋县,湖北省-荆门市-沙洋县,,False
1998,区划调整,3,421004000000,江陵区,湖北省-荆州市-江陵区,421024000000,江陵县,湖北省-荆州市-江陵县,,False
1998,撤地设市,2,422300000000,咸宁地区,湖北省-咸宁地区,421200000000,咸宁市,湖北省-咸宁市,,False
1998,撤销,3,422301000000,咸宁市,湖北省-咸宁地区-咸宁市,,,,,False
1998,撤销,3,422302000000,蒲圻市,湖北省-咸宁地区-蒲圻市,,,,,False
1998,同名改码,3,422322000000,嘉鱼县,湖北省-咸宁地区-嘉鱼县,421221000000,嘉鱼县,湖北省-咸宁市-嘉鱼县,,False
1998,同名改码,3,422324000000,通城县,湖北省-咸宁地区-通城县,421222000000,通城县,湖北省-咸宁市-通城县,,False
1998,同名改码,3,422325000000,崇阳县,湖北省-咸宁地区-崇阳县,421223000000,崇阳县,湖北省-咸宁市-崇阳县,,False
1998,同名改码,3,422326000000,通山县,湖北省-咸宁地区-通山县,421224000000,通山县,湖北省-咸宁市-通山县,,False
1998,撤销,2,452300000000,桂林地区,广西壮族自治区-桂林地区,,,,,False
1998,同名改码,3,452322000000,灵川县,广西壮族自治区-桂林地区-灵川县,450323000000,灵川县,广西壮族自治区-桂林市-灵川县,,False
1998,同名改码,3,452323000000,全州县,广西壮族自治区-桂林地区-全州县,450324000000,全州县,广西壮族自治区-桂林市-全州县,,False
1998,同名改码,3,452324000000,兴安县,广西壮族自治区-桂林地区-兴安县,450325000000,兴安县,广西壮族自治区-桂林市-兴安县,,False
1998,同名改码,3,452325000000,永福县,广西壮族自治区-桂林地区-永福县,450326000000,永福县,广西壮族自治区-桂林市-永福县,,False
1998,同名改码,3,452327000000,灌阳县,广西壮族自治区-桂林地区-灌阳县,450327000000,灌阳县,广西壮族自治区-桂林市-灌阳县,,False
1998,同名改码,3,452328000000,龙胜各族自治县,广西壮族自治区-桂林地区-龙胜各族自治县,450328000000,龙胜各族自治县,广西壮族自治区-桂林市-龙胜各族自治县,,False
1998,同名改码,3,452329000000,资源县,广西壮族自治区-桂林地区-资源县,450329000000,资源县,广西壮族自治区-桂林市-资源县,,False
1998,同名改码,3,452330000000,平乐县,广西壮族自治区-桂林地区-平乐县,450330000000,平乐县,广西壮族自治区-桂林市-平乐县,,False
1998,同名改码,3,452331000000,荔浦县,广西壮族自治区-桂林地区-荔浦县,450331000000,荔浦县,广西壮族自治区-桂林市-荔浦县,,False
1998,同名改码,3,452332000000,恭城瑶族自治县,广西壮族自治区-桂林地区-恭城瑶族自治县,450332000000,恭城瑶族自治县,广西壮族自治区-桂林市-恭城瑶族自治县,,False
1998,同名改码,3,511022000000,乐至县,四川省-内江市-乐至县,513922000000,乐至县,四川省-资阳地区-乐至县,,False
1998,同名改码,3,511023000000,安岳县,四川省-内江市-安岳县,513921000000,安岳县,四川省-资阳地区-安岳县,,False
1998,同名改码,3,511081000000,资阳市,四川省-内江市-资阳市,513901000000,资阳市,四川省-资阳地区-资阳市,,False
1998,同名改码,3,511082000000,简阳市,四川省-内江市-简阳市,513902000000,简阳市,四川省-资阳地区-简阳市,,False
1998,撤地设市,2,513600000000,广安地区,四川省-广安地区,511600000000,广安市,四川省-广安市,,False
1998,同名改码,3,513601000000,华蓥市,四川省-广安地区-华蓥市,511681000000,华蓥市,四川省-广安市-华蓥市,,False
1998,同名改码,3,513621000000,岳池县,四川省-广安地区-岳池县,511621000000,岳池县,四川省-广安市-岳池县,,False
1998,撤县设区,3,513622000000,广安县,四川省-广安地区-广安县,511602000000,广安区,四川省-广安市-广安区,,False
1998,同名改码,3,513623000000,武胜县,四川省-广安地区-武胜县,511622000000,武胜县,四川省-广安市-武胜县,,False
1998,同名改码,3,513624000000,邻水县,四川省-广安地区-邻水县,511623000000,邻水县,四川省-广安市-邻水县,,False
1998,撤销,2,530200000000,东川市,云南省-东川市,,,,,False
1998,同名改码,3,530327000000,寻甸回族彝族自治县,云南省-曲靖市-寻甸回族彝族自治县,530129000000,寻甸回族彝族自治县,云南省-昆明市-寻甸回族彝族自治县,,False
1998,撤销,2,642100000000,银南地区,宁夏回族自治区-银南地区,,,,,False
1998,撤销,3,642101000000,吴忠市,宁夏回族自治区-银南地区-吴忠市,,,,,False
1998,同名改码,3,642102000000,青铜峡市,宁夏回族自治区-银南地区-青铜峡市,640381000000,青铜峡市,宁夏回族自治区-吴忠市-青铜峡市,,False
1998,同名改码,3,642103000000,灵武市,宁夏回族自治区-银南地区-灵武市,640382000000,灵武市,宁夏回族自治区-吴忠市-灵武市,,False
1998,同名改码,3,642123000000,中卫县,宁夏回族自治区-银南地区-中卫县,640321000000,中卫县,宁夏回族自治区-吴忠市-中卫县,,False
1998,同名改码,3,642124000000,中宁县,宁夏回族自治区-银南地区-中宁县,640322000000,中宁县,宁夏回族自治区-吴忠市-中宁县,,False
1998,同名改码,3,642126000000,盐池县,宁夏回族自治区-银南地区-盐池县,640323000000,盐池县,宁夏回族自治区-吴忠市-盐池县,,False
1998,同名改码,3,642127000000,同心县,宁夏回族自治区-银南地区-同心县,640324000000,同心县,宁夏回族自治区-吴忠市-同心县,,False
1998,新设,3,,,,341302000000,埇桥区,安徽省-宿州市-埇桥区,,False
1998,新设,3,,,,360702000000,章贡区,江西省-赣州市-章贡区,,False
1998,新设,3,,,,411502000000,浉河区,河南省-信阳市-浉河区,,False
1998,新设,3,,,,411503000000,平桥区,河南省-信阳市-平桥区,,False
1998,新设,3,,,,421202000000,咸安区,湖北省-咸宁市-咸安区,,False
1998,新设,3,,,,421281000000,赤壁市,湖北省-咸宁市-赤壁市,,False
1998,新设,2,,,,513900000000,资阳地区,四川省-资阳地区,,False
1998,新设,3,,,,530113000000,东川区,云南省-昆明市-东川区,,False
1998,新设,2,,,,640300000000,吴忠市,宁夏回族自治区-吴忠市,,False
1998,新设,3,,,,640302000000,利通区,宁夏回族自治区-吴忠市-利通区,,False
1999,更名,3,150205000000,石拐矿区,内蒙古自治区-包头市-石拐矿区,150205000000,石拐区,内蒙古自治区-包头市-石拐区,,False
1999,更名,3,150207000000,郊区,内蒙古自治区-包头市-郊区,150207000000,九原区,内蒙古自治区-包头市-九原区,,False
1999,更名,3,210403000000,露天区,辽宁省-抚顺市-露天区,210403000000,东洲区,辽宁省-抚顺市-东洲区,,False
1999,更名,3,330411000000,郊区,浙江省-嘉兴市-郊区,330411000000,秀洲区,浙江省-嘉兴市-秀洲区,,False
1999,更名,3,650107000000,南山矿区,新疆维吾尔自治区-乌鲁木齐市-南山矿区,650107000000,南泉区,新疆维吾尔自治区-乌鲁木齐市-南泉区,,False
1999,撤县设区,3,110221000000,昌平县,昌平县,110114000000,昌平区,昌平区,,False
1999,撤地设市,2,142400000000,晋中地区,山西省-晋中地区,140700000000,晋中市,山西省-晋中市,,False
1999,撤市设区,3,142401000000,榆次市,山西省-晋中地区-榆次市,140702000000,榆次区,山西省-晋中市-榆次区,,False
1999,同名改码,3,142402000000,介休市,山西省-晋中地区-介休市,140781000000,介休市,山西省-晋中市-介休市,,False
1999,同名改码,3,142421000000,榆社县,山西省-晋中地区-榆社县,140721000000,榆社县,山西省-晋中市-榆社县,,False
1999,同名改码,3,142422000000,左权县,山西省-晋中地区-左权县,140722000000,左权县,山西省-晋中市-左权县,,False
1999,同名改码,3,142423000000,和顺县,山西省-晋中地区-和顺县,140723000000,和顺县,山西省-晋中市-和顺县,,False
1999,同名改码,3,142424000000,昔阳县,山西省-晋中地区-昔阳县,140724000000,昔阳县,山西省-晋中市-昔阳县,,False
1999,同名改码,3,142427000000,寿阳县,山西省-晋中地区-寿阳县,140725000000,寿阳县,山西省-晋中市-寿阳县,,False
1999,同名改码,3,142429000000,太谷县,山西省-晋中地区-太谷县,140726000000,太谷县,山西省-晋中市-太谷县,,False
1999,同名改码,3,142430000000,祁县,山西省-晋中地区-祁县,140727000000,祁县,山西省-晋中市-祁县,,False
1999,同名改码,3,142431000000,平遥县,山西省-晋中地区-平遥县,140728000000,平遥县,山西省-晋中市-平遥县,,False
1999,同名改码,3,142433000000,灵石县,山西省-晋中地区-灵石县,140729000000,灵石县,山西省-晋中市-灵石县,,False
1999,撤销,2,152300000000,哲里木盟,内蒙古自治区-哲里木盟,,,,,False
1999,撤销,3,152301000000,通辽市,内蒙古自治区-哲里木盟-通辽市,,,,,False
1999,同名改码,3,152302000000,霍林郭勒市,内蒙古自治区-哲里木盟-霍林郭勒市,150581000000,霍林郭勒市,内蒙古自治区-通辽市-霍林郭勒市,,False
1999,同名改码,3,152322000000,科尔沁左翼中旗,内蒙古自治区-哲里木盟-科尔沁左翼中旗,150521000000,科尔沁左翼中旗,内蒙古自治区-通辽市-科尔沁左翼中旗,,False
1999,同名改码,3,152323000000,科尔沁左翼后旗,内蒙古自治区-哲里木盟-科尔沁左翼后旗,150522000000,科尔沁左翼后旗,内蒙古自治区-通辽市-科尔沁左翼后旗,,False
1999,同名改码,3,152324000000,开鲁县,内蒙古自治区-哲里木盟-开鲁县,150523000000,开鲁县,内蒙古自治区-通辽市-开鲁县,,False
1999,同名改码,3,152325000000,库伦旗,内蒙古自治区-哲里木盟-库伦旗,150524000000,库伦旗,内蒙古自治区-通辽市-库伦旗,,False
1999,同名改码,3,152326000000,奈曼旗,内蒙古自治区-哲里木盟-奈曼旗,150525000000,奈曼旗,内蒙古自治区-通辽市-奈曼旗,,False
1999,同名改码,3,152327000000,扎鲁特旗,内蒙古自治区-哲里木盟-扎鲁特旗,150526000000,扎鲁特旗,内蒙古自治区-通辽市-扎鲁特旗,,False
1999,撤地设市,2,232300000000,绥化地区,黑龙江省-绥化地区,231200000000,绥化市,黑龙江省-绥化市,,False
1999,撤销,3,232301000000,绥化市,黑龙江省-绥化地区-绥化市,,,,,False
1999,同名改码,3,232302000000,安达市,黑龙江省-绥化地区-安达市,231281000000,安达市,黑龙江省-绥化市-安达市,,False
1999,同名改码,3,232303000000,肇东市,黑龙江省-绥化地区-肇东市,231282000000,肇东市,黑龙江省-绥化市-肇东市,,False
1999,同名改码,3,232304000000,海伦市,黑龙江省-绥化地区-海伦市,231283000000,海伦市,黑龙江省-绥化市-海伦市,,False
1999,同名改码,3,232324000000,望奎县,黑龙江省-绥化地区-望奎县,231221000000,望奎县,黑龙江省-绥化市-望奎县,,False
1999,同名改码,3,232325000000,兰西县,黑龙江省-绥化地区-兰西县,231222000000,兰西县,黑龙江省-绥化市-兰西县,,False
1999,同名改码,3,232326000000,青冈县,黑龙江省-绥化地区-青冈县,231223000000,青冈县,黑龙江省-绥化市-青冈县,,False
1999,同名改码,3,232330000000,庆安县,黑龙江省-绥化地区-庆安县,231224000000,庆安县,黑龙江省-绥化市-庆安县,,False
1999,同名改码,3,232331000000,明水县,黑龙江省-绥化地区-明水县,231225000000,明水县,黑龙江省-绥化市-明水县,,False
1999,同名改码,3,232332000000,绥棱县,黑龙江省-绥化地区-绥棱县,231226000000,绥棱县,黑龙江省-绥化市-绥棱县,,False
1999,撤县设区,3,310229000000,青浦县,青浦县,310118000000,青浦区,青浦区,,False
1999,撤地设市,2,342400000000,六安地区,安徽省-六安地区,341500000000,六安市,安徽省-六安市,,False
1999,撤销,3,342401000000,六安市,安徽省-六安地区-六安市,,,,,False
1999,同名改码,3,342422000000,寿县,安徽省-六安地区-寿县,341521000000,寿县,安徽省-六安市-寿县,,False
1999,同名改码,3,342423000000,霍邱县,安徽省-六安地区-霍邱县,341522000000,霍邱县,安徽省-六安市-霍邱县,,False
1999,同名改码,3,342425000000,舒城县,安徽省-六安地区-舒城县,341523000000,舒城县,安徽省-六安市-舒城县,,False
1999,同名改码,3,342426000000,金寨县,安徽省-六安地区-金寨县,341524000000,金寨县,安徽省-六安市-金寨县,,False
1999,同名改码,3,342427000000,霍山县,安徽省-六安地区-霍山县,341525000000,霍山县,安徽省-六安市-霍山县,,False
1999,撤地设市,2,342600000000,巢湖地区,安徽省-巢湖地区,341400000000,巢湖市,安徽省-巢湖市,,False
1999,撤销,3,342601000000,巢湖市,安徽省-巢湖地区-巢湖市,,,,,False
1999,同名改码,3,342622000000,庐江县,安徽省-巢湖地区-庐江县,341421000000,庐江县,安徽省-巢湖市-庐江县,,False
1999,同名改码,3,342623000000,无为县,安徽省-巢湖地区-无为县,341422000000,无为县,安徽省-巢湖市-无为县,,False
1999,同名改码,3,342625000000,含山县,安徽省-巢湖地区-含山县,341423000000,含山县,安徽省-巢湖市-含山县,,False
1999,同名改码,3,342626000000,和县,安徽省-巢湖地区-和县,341424000000,和县,安徽省-巢湖市-和县,,False
1999,撤地设市,2,352200000000,宁德地区,福建省-宁德地区,350900000000,宁德市,福建省-宁德市,,False
1999,撤销,3,352201000000,宁德市,福建省-宁德地区-宁德市,,,,,False
1999,同名改码,3,352202000000,福安市,福建省-宁德地区-福安市,350981000000,福安市,福建省-宁德市-福安市,,False
1999,同名改码,3,352203000000,福鼎市,福建省-宁德地区-福鼎市,350982000000,福鼎市,福建省-宁德市-福鼎市,,False
1999,同名改码,3,352225000000,霞浦县,福建省-宁德地区-霞浦县,350921000000,霞浦县,福建省-宁德市-霞浦县,,False
1999,同名改码,3,352227000000,古田县,福建省-宁德地区-古田县,350922000000,古田县,福建省-宁德市-古田县,,False
1999,同名改码,3,352228000000,屏南县,福建省-宁德地区-屏南县,350923000000,屏南县,福建省-宁德市-屏南县,,False
1999,同名改码,3,352229000000,寿宁县,福建省-宁德地区-寿宁县,350924000000,寿宁县,福建省-宁德市-寿宁县,,False
1999,同名改码,3,352230000000,周宁县,福建省-宁德地区-周宁县,350925000000,周宁县,福建省-宁德市-周宁县,,False
1999,同名改码,3,352231000000,柘荣县,福建省-宁德地区-柘荣县,350926000000,柘荣县,福建省-宁德市-柘荣县,,False
1999,撤地设市,2,432500000000,娄底地区,湖南省-娄底地区,431300000000,娄底市,湖南省-娄底市,,False
1999,撤销,3,432501000000,娄底市,湖南省-娄底地区-娄底市,,,,,False
1999,同名改码,3,432502000000,冷水江市,湖南省-娄底地区-冷水江市,431381000000,冷水江市,湖南省-娄底市-冷水江市,,False
1999,同名改码,3,432503000000,涟源市,湖南省-娄底地区-涟源市,431382000000,涟源市,湖南省-娄底市-涟源市,,False
1999,同名改码,3,432522000000,双峰县,湖南省-娄底地区-双峰县,431321000000,双峰县,湖南省-娄底市-双峰县,,False
1999,同名改码,3,432524000000,新化县,湖南省-娄底地区-新化县,431322000000,新化县,湖南省-娄底市-新化县,,False
1999,撤地设市,2,513000000000,达川地区,四川省-达川地区,511700000000,达州市,四川省-达州市,,False
1999,撤销,3,513001000000,达川市,四川省-达川地区-达川市,,,,,False
1999,同名改码,3,513002000000,万源市,四川省-达川地区-万源市,511781000000,万源市,四川省-达州市-万源市,,False
1999,同名改码,3,513021000000,达县,四川省-达川地区-达县,511721000000,达县,四川省-达州市-达县,,False
1999,同名改码,3,513022000000,宣汉县,四川省-达川地区-宣汉县,511722000000,宣汉县,四川省-达州市-宣汉县,,False
1999,同名改码,3,513023000000,开江县,四川省-达川地区-开江县,511723000000,开江县,四川省-达州市-开江县,,False
1999,同名改码,3,513029000000,大竹县,四川省-达川地区-大竹县,511724000000,大竹县,四川省-达州市-大竹县,,False
1999,同名改码,3,513030000000,渠县,四川省-达川地区-渠县,511725000000,渠县,四川省-达州市-渠县,,False
1999,区划调整,3,520202000000,盘县特区,贵州省-六盘水市-盘县特区,520222000000,盘县,贵州省-六盘水市-盘县,,False
1999,撤销,3,533101000000,畹町市,云南省-德宏傣族景颇族自治州-畹町市,,,,,False
1999,撤销,3,542134000000,盐井县,西藏自治区-昌都地区-盐井县,,,,,False
1999,撤销,3,542135000000,碧土县,西藏自治区-昌都地区-碧土县,,,,,False
1999,撤销,3,542136000000,妥坝县,西藏自治区-昌都地区-妥坝县,,,,,False
1999,撤销,3,542137000000,生达县,西藏自治区-昌都地区-生达县,,,,,False
1999,撤销,3,542528000000,隆格尔县,西藏自治区-阿里地区-隆格尔县,,,,,False
1999,撤地设市,2,612700000000,榆林地区,陕西省-榆林地区,610800000000,榆林市,陕西省-榆林市,,False
1999,撤销,3,612701000000,榆林市,陕西省-榆林地区-榆林市,,,,,False
1999,同名改码,3,612722000000,神木县,陕西省-榆林地区-神木县,610821000000,神木县,陕西省-榆林市-神木县,,False
1999,同名改码,3,612723000000,府谷县,陕西省-榆林地区-府谷县,610822000000,府谷县,陕西省-榆林市-府谷县,,False
1999,同名改码,3,612724000000,横山县,陕西省-榆林地区-横山县,610823000000,横山县,陕西省-榆林市-横山县,,False
1999,同名改码,3,612725000000,靖边县,陕西省-榆林地区-靖边县,610824000000,靖边县,陕西省-榆林市-靖边县,,False
1999,同名改码,3,612726000000,定边县,陕西省-榆林地区-定边县,610825000000,定边县,陕西省-榆林市-定边县,,False
1999,同名改码,3,612727000000,绥德县,陕西省-榆林地区-绥德县,610826000000,绥德县,陕西省-榆林市-绥德县,,False
1999,同名改码,3,612728000000,米脂县,陕西省-榆林地区-米脂县,610827000000,米脂县,陕西省-榆林市-米脂县,,False
1999,同名改码,3,612729000000,佳县,陕西省-榆林地区-佳县,610828000000,佳县,陕西省-榆林市-佳县,,False
1999,同名改码,3,612730000000,吴堡县,陕西省-榆林地区-吴堡县,610829000000,吴堡县,陕西省-榆林市-吴堡县,,False
1999,同名改码,3,612731000000,清涧县,陕西省-榆林地区-清涧县,610830000000,清涧县,陕西省-榆林市-清涧县,,False
1999,同名改码,3,612732000000,子洲县,陕西省-榆林地区-子洲县,610831000000,子洲县,陕西省-榆林市-子洲县,,False
1999,同名改码,3,632124000000,湟中县,青海省-海东地区-湟中县,630122000000,湟中县,青海省-西宁市-湟中县,,False
1999,同名改码,3,632125000000,湟源县,青海省-海东地区-湟源县,630123000000,湟源县,青海省-西宁市-湟源县,,False
1999,新设,2,,,,150500000000,通辽市,内蒙古自治区-通辽市,,False
1999,新设,3,,,,150502000000,科尔沁区,内蒙古自治区-通辽市-科尔沁区,,False
1999,新设,3,,,,231202000000,北林区,黑龙江省-绥化市-北林区,,False
1999,新设,3,,,,341402000000,居巢区,安徽省-巢湖市-居巢区,,False
1999,新设,3,,,,341502000000,金安区,安徽省-六安市-金安区,,False
1999,新设,3,,,,341503000000,裕安区,安徽省-六安市-裕安区,,False
1999,新设,3,,,,350902000000,蕉城区,福建省-宁德市-蕉城区,,False
1999,新设,3,,,,431302000000,娄星区,湖南省-娄底市-娄星区,,False
1999,新设,3,,,,511702000000,通川区,四川省-达州市-通川区,,False
1999,新设,3,,,,610802000000,榆阳区,陕西省-榆林市-榆阳区,,False
2000,更名,3,150105000000,郊区,内蒙古自治区-呼和浩特市-郊区,150105000000,赛罕区,内蒙古自治区-呼和浩特市-赛罕区,,False
2000,更名,3,320205000000,马山区,江苏省-无锡市-马山区,320205000000,锡山区,江苏省-无锡市-锡山区,,False
2000,更名,3,320211000000,郊区,江苏省-无锡市-郊区,320211000000,滨湖区,江苏省-无锡市-滨湖区,,False
2000,更名,2,320800000000,淮阴市,江苏省-淮阴市,320800000000,淮安市,江苏省-淮安市,,False
2000,更名,3,370911000000,郊区,山东省-泰安市-郊区,370911000000,岱岳区,山东省-泰安市-岱岳区,,False
2000,更名,3,410311000000,郊区,河南省-洛阳市-郊区,410311000000,洛龙区,河南省-洛阳市-洛龙区,,False
2000,更名,3,610202000000,城区,陕西省-铜川市-城区,610202000000,王益区,陕西省-铜川市-王益区,,False
2000,更名,3,610203000000,郊区,陕西省-铜川市-郊区,610203000000,印台区,陕西省-铜川市-印台区,,False
2000,撤县设区,3,120222000000,武清县,武清县,120114000000,武清区,武清区,,False
2000,撤地设市,2,142200000000,忻州地区,山西省-忻州地区,140900000000,忻州市,山西省-忻州市,,False
2000,撤销,3,142201000000,忻州市,山西省-忻州地区-忻州市,,,,,False
2000,同名改码,3,142202000000,原平市,山西省-忻州地区-原平市,140981000000,原平市,山西省-忻州市-原平市,,False
2000,同名改码,3,142222000000,定襄县,山西省-忻州地区-定襄县,140921000000,定襄县,山西省-忻州市-定襄县,,False
2000,同名改码,3,142223000000,五台县,山西省-忻州地区-五台县,140922000000,五台县,山西省-忻州市-五台县,,False
2000,同名改码,3,142225000000,代县,山西省-忻州地区-代县,140923000000,代县,山西省-忻州市-代县,,False
2000,同名改码,3,142226000000,繁峙县,山西省-忻州地区-繁峙县,140924000000,繁峙县,山西省-忻州市-繁峙县,,False
2000,同名改码,3,142227000000,宁武县,山西省-忻州地区-宁武县,140925000000,宁武县,山西省-忻州市-宁武县,,False
2000,同名改码,3,142228000000,静乐县,山西省-忻州地区-静乐县,140926000000,静乐县,山西省-忻州市-静乐县,,False
2000,同名改码,3,142229000000,神池县,山西省-忻州地区-神池县,140927000000,神池县,山西省-忻州市-神池县,,False
2000,同名改码,3,142230000000,五寨县,山西省-忻州地区-五寨县,140928000000,五寨县,山西省-忻州市-五寨县,,False
2000,同名改码,3,142231000000,岢岚县,山西省-忻州地区-岢岚县,140929000000,岢岚县,山西省-忻州市-岢岚县,,False
2000,同名改码,3,142232000000,河曲县,山西省-忻州地区-河曲县,140930000000,河曲县,山西省-忻州市-河曲县,,False
2000,同名改码,3,142233000000,保德县,山西省-忻州地区-保德县,140931000000,保德县,山西省-忻州市-保德县,,False
2000,同名改码,3,142234000000,偏关县,山西省-忻州地区-偏关县,140932000000,偏关县,山西省-忻州市-偏关县,,False
2000,撤地设市,2,142600000000,临汾地区,山西省-临汾地区,141000000000,临汾市,山西省-临汾市,,False
2000,撤销,3,142601000000,临汾市,山西省-临汾地区-临汾市,,,,,False
2000,同名改码,3,142602000000,侯马市,山西省-临汾地区-侯马市,141081000000,侯马市,山西省-临汾市-侯马市,,False
2000,同名改码,3,142603000000,霍州市,山西省-临汾地区-霍州市,141082000000,霍州市,山西省-临汾市-霍州市,,False
2000,同名改码,3,142621000000,曲沃县,山西省-临汾地区-曲沃县,141021000000,曲沃县,山西省-临汾市-曲沃县,,False
2000,同名改码,3,142622000000,翼城县,山西省-临汾地区-翼城县,141022000000,翼城县,山西省-临汾市-翼城县,,False
2000,同名改码,3,142623000000,襄汾县,山西省-临汾地区-襄汾县,141023000000,襄汾县,山西省-临汾市-襄汾县,,False
2000,同名改码,3,142625000000,洪洞县,山西省-临汾地区-洪洞县,141024000000,洪洞县,山西省-临汾市-洪洞县,,False
2000,同名改码,3,142627000000,古县,山西省-临汾地区-古县,141025000000,古县,山西省-临汾市-古县,,False
2000,同名改码,3,142628000000,安泽县,山西省-临汾地区-安泽县,141026000000,安泽县,山西省-临汾市-安泽县,,False
2000,同名改码,3,142629000000,浮山县,山西省-临汾地区-浮山县,141027000000,浮山县,山西省-临汾市-浮山县,,False
2000,同名改码,3,142630000000,吉县,山西省-临汾地区-吉县,141028000000,吉县,山西省-临汾市-吉县,,False
2000,同名改码,3,142631000000,乡宁县,山西省-临汾地区-乡宁县,141029000000,乡宁县,山西省-临汾市-乡宁县,,False
2000,同名改码,3,142632000000,蒲县,山西省-临汾地区-蒲县,141033000000,蒲县,山西省-临汾市-蒲县,,False
2000,同名改码,3,142633000000,大宁县,山西省-临汾地区-大宁县,141030000000,大宁县,山西省-临汾市-大宁县,,False
2000,同名改码,3,142634000000,永和县,山西省-临汾地区-永和县,141032000000,永和县,山西省-临汾市-永和县,,False
2000,同名改码,3,142635000000,隰县,山西省-临汾地区-隰县,141031000000,隰县,山西省-临汾市-隰县,,False
2000,同名改码,3,142636000000,汾西县,山西省-临汾地区-汾西县,141034000000,汾西县,山西省-临汾市-汾西县,,False
2000,撤地设市,2,142700000000,运城地区,山西省-运城地区,140800000000,运城市,山西省-运城市,,False
2000,撤销,3,142701000000,运城市,山西省-运城地区-运城市,,,,,False
2000,同名改码,3,142702000000,永济市,山西省-运城地区-永济市,140881000000,永济市,山西省-运城市-永济市,,False
2000,同名改码,3,142703000000,河津市,山西省-运城地区-河津市,140882000000,河津市,山西省-运城市-河津市,,False
2000,同名改码,3,142723000000,芮城县,山西省-运城地区-芮城县,140830000000,芮城县,山西省-运城市-芮城县,,False
2000,同名改码,3,142724000000,临猗县,山西省-运城地区-临猗县,140821000000,临猗县,山西省-运城市-临猗县,,False
2000,同名改码,3,142725000000,万荣县,山西省-运城地区-万荣县,140822000000,万荣县,山西省-运城市-万荣县,,False
2000,同名改码,3,142726000000,新绛县,山西省-运城地区-新绛县,140825000000,新绛县,山西省-运城市-新绛县,,False
2000,同名改码,3,142727000000,稷山县,山西省-运城地区-稷山县,140824000000,稷山县,山西省-运城市-稷山县,,False
2000,同名改码,3,142729000000,闻喜县,山西省-运城地区-闻喜县,140823000000,闻喜县,山西省-运城市-闻喜县,,False
2000,同名改码,3,142730000000,夏县,山西省-运城地区-夏县,140828000000,夏县,山西省-运城市-夏县,,False
2000,同名改码,3,142731000000,绛县,山西省-运城地区-绛县,140826000000,绛县,山西省-运城市-绛县,,False
2000,同名改码,3,142732000000,平陆县,山西省-运城地区-平陆县,140829000000,平陆县,山西省-运城市-平陆县,,False
2000,同名改码,3,142733000000,垣曲县,山西省-运城地区-垣曲县,140827000000,垣曲县,山西省-运城市-垣曲县,,False
2000,撤销,3,310102000000,南市区,南市区,,,,,False
2000,撤县设区,3,320121000000,江宁县,江苏省-南京市-江宁县,320115000000,江宁区,江苏省-南京市-江宁区,,False
2000,撤销,3,320283000000,锡山市,江苏省-无锡市-锡山市,,,,,False
2000,撤销,3,320511000000,郊区,江苏省-苏州市-郊区,,,,,False
2000,撤市设区,3,320586000000,吴县市,江苏省-苏州市-吴县市,320506000000,吴中区,江苏省-苏州市-吴中区,,False
2000,撤县设区,3,320821000000,淮阴县,江苏省-淮阴市-淮阴县,320804000000,淮阴区,江苏省-淮安市-淮阴区,,False
2000,撤销,3,320882000000,淮安市,江苏省-淮阴市-淮安市,,,,,False
2000,撤县设区,3,321027000000,邗江县,江苏省-扬州市-邗江县,321003000000,邗江区,江苏省-扬州市-邗江区,,False
2000,撤县设区,3,330721000000,金华县,浙江省-金华市-金华县,330703000000,金东区,浙江省-金华市-金东区,,False
2000,撤地设市,2,332500000000,丽水地区,浙江省-丽水地区,331100000000,丽水市,浙江省-丽水市,,False
2000,同名改码,3,332522000000,青田县,浙江省-丽水地区-青田县,331121000000,青田县,浙江省-丽水市-青田县,,False
2000,同名改码,3,332523000000,云和县,浙江省-丽水地区-云和县,331125000000,云和县,浙江省-丽水市-云和县,,False
2000,同名改码,3,332525000000,庆元县,浙江省-丽水地区-庆元县,331126000000,庆元县,浙江省-丽水市-庆元县,,False
2000,同名改码,3,332526000000,缙云县,浙江省-丽水地区-缙云县,331122000000,缙云县,浙江省-丽水市-缙云县,,False
2000,同名改码,3,332527000000,遂昌县,浙江省-丽水地区-遂昌县,331123000000,遂昌县,浙江省-丽水市-遂昌县,,False
2000,同名改码,3,332528000000,松阳县,浙江省-丽水地区-松阳县,331124000000,松阳县,浙江省-丽水市-松阳县,,False
2000,同名改码,3,332529000000,景宁畲族自治县,浙江省-丽水地区-景宁畲族自治县,331127000000,景宁畲族自治县,浙江省-丽水市-景宁畲族自治县,,False
2000,同名改码,3,332581000000,龙泉市,浙江省-丽水地区-龙泉市,331181000000,龙泉市,浙江省-丽水市-龙泉市,,False
2000,撤销,3,332582000000,丽水市,浙江省-丽水地区-丽水市,,,,,False
2000,同名改码,3,341223000000,涡阳县,安徽省-阜阳市-涡阳县,341621000000,涡阳县,安徽省-亳州市-涡阳县,,False
2000,同名改码,3,341224000000,蒙城县,安徽省-阜阳市-蒙城县,341622000000,蒙城县,安徽省-亳州市-蒙城县,,False
2000,同名改码,3,341227000000,利辛县,安徽省-阜阳市-利辛县,341623000000,利辛县,安徽省-亳州市-利辛县,,False
2000,撤销,3,341281000000,亳州市,安徽省-阜阳市-亳州市,,,,,False
2000,撤地设市,2,342500000000,宣城地区,安徽省-宣城地区,341800000000,宣城市,安徽省-宣城市,,False
2000,撤销,3,342501000000,宣城市,安徽省-宣城地区-宣城市,,,,,False
2000,同名改码,3,342502000000,宁国市,安徽省-宣城地区-宁国市,341881000000,宁国市,安徽省-宣城市-宁国市,,False
2000,同名改码,3,342522000000,郎溪县,安徽省-宣城地区-郎溪县,341821000000,郎溪县,安徽省-宣城市-郎溪县,,False
2000,同名改码,3,342523000000,广德县,安徽省-宣城地区-广德县,341822000000,广德县,安徽省-宣城市-广德县,,False
2000,同名改码,3,342529000000,泾县,安徽省-宣城地区-泾县,341823000000,泾县,安徽省-宣城市-泾县,,False
2000,同名改码,3,342530000000,旌德县,安徽省-宣城地区-旌德县,341825000000,旌德县,安徽省-宣城市-旌德县,,False
2000,同名改码,3,342531000000,绩溪县,安徽省-宣城地区-绩溪县,341824000000,绩溪县,安徽省-宣城市-绩溪县,,False
2000,撤地设市,2,342900000000,池州地区,安徽省-池州地区,341700000000,池州市,安徽省-池州市,,False
2000,撤市设区,3,342901000000,贵池市,安徽省-池州地区-贵池市,341702000000,贵池区,安徽省-池州市-贵池区,,False
2000,同名改码,3,342921000000,东至县,安徽省-池州地区-东至县,341721000000,东至县,安徽省-池州市-东至县,,False
2000,同名改码,3,342922000000,石台县,安徽省-池州地区-石台县,341722000000,石台县,安徽省-池州市-石台县,,False
2000,同名改码,3,342923000000,青阳县,安徽省-池州地区-青阳县,341723000000,青阳县,安徽省-池州市-青阳县,,False
2000,撤地设市,2,362200000000,宜春地区,江西省-宜春地区,360900000000,宜春市,江西省-宜春市,,False
2000,撤销,3,362201000000,宜春市,江西省-宜春地区-宜春市,,,,,False
2000,同名改码,3,362202000000,丰城市,江西省-宜春地区-丰城市,360981000000,丰城市,江西省-宜春市-丰城市,,False
2000,同名改码,3,362203000000,樟树市,江西省-宜春地区-樟树市,360982000000,樟树市,江西省-宜春市-樟树市,,False
2000,同名改码,3,362204000000,高安市,江西省-宜春地区-高安市,360983000000,高安市,江西省-宜春市-高安市,,False
2000,同名改码,3,362226000000,奉新县,江西省-宜春地区-奉新县,360921000000,奉新县,江西省-宜春市-奉新县,,False
2000,同名改码,3,362227000000,万载县,江西省-宜春地区-万载县,360922000000,万载县,江西省-宜春市-万载县,,False
2000,同名改码,3,362228000000,上高县,江西省-宜春地区-上高县,360923000000,上高县,江西省-宜春市-上高县,,False
2000,同名改码,3,362229000000,宜丰县,江西省-宜春地区-宜丰县,360924000000,宜丰县,江西省-宜春市-宜丰县,,False
2000,同名改码,3,362232000000,靖安县,江西省-宜春地区-靖安县,360925000000,靖安县,江西省-宜春市-靖安县,,False
2000,同名改码,3,362233000000,铜鼓县,江西省-宜春地区-铜鼓县,360926000000,铜鼓县,江西省-宜春市-铜鼓县,,False
2000,撤地设市,2,362300000000,上饶地区,江西省-上饶地区,361100000000,上饶市,江西省-上饶市,,False
2000,区划调整,3,362301000000,上饶市,江西省-上饶地区-上饶市,361121000000,上饶县,江西省-上饶市-上饶县,,False
2000,同名改码,3,362302000000,德兴市,江西省-上饶地区-德兴市,361181000000,德兴市,江西省-上饶市-德兴市,,False
2000,撤销,3,362321000000,上饶县,江西省-上饶地区-上饶县,,,,,False
2000,同名改码,3,362322000000,广丰县,江西省-上饶地区-广丰县,361122000000,广丰县,江西省-上饶市-广丰县,,False
2000,同名改码,3,362323000000,玉山县,江西省-上饶地区-玉山县,361123000000,玉山县,江西省-上饶市-玉山县,,False
2000,同名改码,3,362324000000,铅山县,江西省-上饶地区-铅山县,361124000000,铅山县,江西省-上饶市-铅山县,,False
2000,同名改码,3,362325000000,横峰县,江西省-上饶地区-横峰县,361125000000,横峰县,江西省-上饶市-横峰县,,False
2000,同名改码,3,362326000000,弋阳县,江西省-上饶地区-弋阳县,361126000000,弋阳县,江西省-上饶市-弋阳县,,False
2000,同名改码,3,362329000000,余干县,江西省-上饶地区-余干县,361127000000,余干县,江西省-上饶市-余干县,,False
2000,同名改码,3,362330000000,波阳县,江西省-上饶地区-波阳县,361128000000,波阳县,江西省-上饶市-波阳县,,False
2000,同名改码,3,362331000000,万年县,江西省-上饶地区-万年县,361129000000,万年县,江西省-上饶市-万年县,,False
2000,同名改码,3,362334000000,婺源县,江西省-上饶地区-婺源县,361130000000,婺源县,江西省-上饶市-婺源县,,False
2000,撤地设市,2,362400000000,吉安地区,江西省-吉安地区,360800000000,吉安市,江西省-吉安市,,False
2000,区划调整,3,362401000000,吉安市,江西省-吉安地区-吉安市,360821000000,吉安县,江西省-吉安市-吉安县,,False
2000,同名改码,3,362402000000,井冈山市,江西省-吉安地区-井冈山市,360881000000,井冈山市,江西省-吉安市-井冈山市,,False
2000,撤销,3,362421000000,吉安县,江西省-吉安地区-吉安县,,,,,False
2000,同名改码,3,362422000000,吉水县,江西省-吉安地区-吉水县,360822000000,吉水县,江西省-吉安市-吉水县,,False
2000,同名改码,3,362423000000,峡江县,江西省-吉安地区-峡江县,360823000000,峡江县,江西省-吉安市-峡江县,,False
2000,同名改码,3,362424000000,新干县,江西省-吉安地区-新干县,360824000000,新干县,江西省-吉安市-新干县,,False
2000,同名改码,3,362425000000,永丰县,江西省-吉安地区-永丰县,360825000000,永丰县,江西省-吉安市-永丰县,,False
2000,同名改码,3,362426000000,泰和县,江西省-吉安地区-泰和县,360826000000,泰和县,江西省-吉安市-泰和县,,False
2000,同名改码,3,362427000000,遂川县,江西省-吉安地区-遂川县,360827000000,遂川县,江西省-吉安市-遂川县,,False
2000,同名改码,3,362428000000,万安县,江西省-吉安地区-万安县,360828000000,万安县,江西省-吉安市-万安县,,False
2000,同名改码,3,362429000000,安福县,江西省-吉安地区-安福县,360829000000,安福县,江西省-吉安市-安福县,,False
2000,同名改码,3,362430000000,永新县,江西省-吉安地区-永新县,360830000000,永新县,江西省-吉安市-永新县,,False
2000,撤销,3,362432000000,宁冈县,江西省-吉安地区-宁冈县,,,,,False
2000,撤地设市,2,362500000000,抚州地区,江西省-抚州地区,361000000000,抚州市,江西省-抚州市,,False
2000,撤市设区,3,362501000000,临川市,江西省-抚州地区-临川市,361002000000,临川区,江西省-抚州市-临川区,,False
2000,同名改码,3,362522000000,南城县,江西省-抚州地区-南城县,361021000000,南城县,江西省-抚州市-南城县,,False
2000,同名改码,3,362523000000,黎川县,江西省-抚州地区-黎川县,361022000000,黎川县,江西省-抚州市-黎川县,,False
2000,同名改码,3,362524000000,南丰县,江西省-抚州地区-南丰县,361023000000,南丰县,江西省-抚州市-南丰县,,False
2000,同名改码,3,362525000000,崇仁县,江西省-抚州地区-崇仁县,361024000000,崇仁县,江西省-抚州市-崇仁县,,False
2000,同名改码,3,362526000000,乐安县,江西省-抚州地区-乐安县,361025000000,乐安县,江西省-抚州市-乐安县,,False
2000,同名改码,3,362527000000,宜黄县,江西省-抚州地区-宜黄县,361026000000,宜黄县,江西省-抚州市-宜黄县,,False
2000,同名改码,3,362528000000,金溪县,江西省-抚州地区-金溪县,361027000000,金溪县,江西省-抚州市-金溪县,,False
2000,同名改码,3,362529000000,资溪县,江西省-抚州地区-资溪县,361028000000,资溪县,江西省-抚州市-资溪县,,False
2000,同名改码,3,362531000000,东乡县,江西省-抚州地区-东乡县,361029000000,东乡县,江西省-抚州市-东乡县,,False
2000,同名改码,3,362532000000,广昌县,江西省-抚州地区-广昌县,361030000000,广昌县,江西省-抚州市-广昌县,,False
2000,撤地设市,2,372300000000,滨州地区,山东省-滨州地区,371600000000,滨州市,山东省-滨州市,,False
2000,撤销,3,372301000000,滨州市,山东省-滨州地区-滨州市,,,,,False
2000,同名改码,3,372321000000,惠民县,山东省-滨州地区-惠民县,371621000000,惠民县,山东省-滨州市-惠民县,,False
2000,同名改码,3,372323000000,阳信县,山东省-滨州地区-阳信县,371622000000,阳信县,山东省-滨州市-阳信县,,False
2000,同名改码,3,372324000000,无棣县,山东省-滨州地区-无棣县,371623000000,无棣县,山东省-滨州市-无棣县,,False
2000,同名改码,3,372325000000,沾化县,山东省-滨州地区-沾化县,371624000000,沾化县,山东省-滨州市-沾化县,,False
2000,同名改码,3,372328000000,博兴县,山东省-滨州地区-博兴县,371625000000,博兴县,山东省-滨州市-博兴县,,False
2000,同名改码,3,372330000000,邹平县,山东省-滨州地区-邹平县,371626000000,邹平县,山东省-滨州市-邹平县,,False
2000,撤地设市,2,372900000000,菏泽地区,山东省-菏泽地区,371700000000,菏泽市,山东省-菏泽市,,False
2000,撤销,3,372901000000,菏泽市,山东省-菏泽地区-菏泽市,,,,,False
2000,同名改码,3,372922000000,曹县,山东省-菏泽地区-曹县,371721000000,曹县,山东省-菏泽市-曹县,,False
2000,同名改码,3,372923000000,定陶县,山东省-菏泽地区-定陶县,371727000000,定陶县,山东省-菏泽市-定陶县,,False
2000,同名改码,3,372924000000,成武县,山东省-菏泽地区-成武县,371723000000,成武县,山东省-菏泽市-成武县,,False
2000,同名改码,3,372925000000,单县,山东省-菏泽地区-单县,371722000000,单县,山东省-菏泽市-单县,,False
2000,同名改码,3,372926000000,巨野县,山东省-菏泽地区-巨野县,371724000000,巨野县,山东省-菏泽市-巨野县,,False
2000,同名改码,3,372928000000,郓城县,山东省-菏泽地区-郓城县,371725000000,郓城县,山东省-菏泽市-郓城县,,False
2000,同名改码,3,372929000000,鄄城县,山东省-菏泽地区-鄄城县,371726000000,鄄城县,山东省-菏泽市-鄄城县,,False
2000,同名改码,3,372930000000,东明县,山东省-菏泽地区-东明县,371728000000,东明县,山东省-菏泽市-东明县,,False
2000,撤地设市,2,412700000000,周口地区,河南省-周口地区,411600000000,周口市,河南省-周口市,,False
2000,撤销,3,412701000000,周口市,河南省-周口地区-周口市,,,,,False
2000,同名改码,3,412702000000,项城市,河南省-周口地区-项城市,411681000000,项城市,河南省-周口市-项城市,,False
2000,同名改码,3,412721000000,扶沟县,河南省-周口地区-扶沟县,411621000000,扶沟县,河南省-周口市-扶沟县,,False
2000,同名改码,3,412722000000,西华县,河南省-周口地区-西华县,411622000000,西华县,河南省-周口市-西华县,,False
2000,同名改码,3,412723000000,商水县,河南省-周口地区-商水县,411623000000,商水县,河南省-周口市-商水县,,False
2000,同名改码,3,412724000000,太康县,河南省-周口地区-太康县,411627000000,太康县,河南省-周口市-太康县,,False
2000,同名改码,3,412725000000,鹿邑县,河南省-周口地区-鹿邑县,411628000000,鹿邑县,河南省-周口市-鹿邑县,,False
2000,同名改码,3,412726000000,郸城县,河南省-周口地区-郸城县,411625000000,郸城县,河南省-周口市-郸城县,,False
2000,同名改码,3,412727000000,淮阳县,河南省-周口地区-淮阳县,411626000000,淮阳县,河南省-周口市-淮阳县,,False
2000,同名改码,3,412728000000,沈丘县,河南省-周口地区-沈丘县,411624000000,沈丘县,河南省-周口市-沈丘县,,False
2000,撤地设市,2,412800000000,驻马店地区,河南省-驻马店地区,411700000000,驻马店市,河南省-驻马店市,,False
2000,撤销,3,412801000000,驻马店市,河南省-驻马店地区-驻马店市,,,,,False
2000,同名改码,3,412821000000,确山县,河南省-驻马店地区-确山县,411725000000,确山县,河南省-驻马店市-确山县,,False
2000,同名改码,3,412822000000,泌阳县,河南省-驻马店地区-泌阳县,411726000000,泌阳县,河南省-驻马店市-泌阳县,,False
2000,同名改码,3,412823000000,遂平县,河南省-驻马店地区-遂平县,411728000000,遂平县,河南省-驻马店市-遂平县,,False
2000,同名改码,3,412824000000,西平县,河南省-驻马店地区-西平县,411721000000,西平县,河南省-驻马店市-西平县,,False
2000,同名改码,3,412825000000,上蔡县,河南省-驻马店地区-上蔡县,411722000000,上蔡县,河南省-驻马店市-上蔡县,,False
2000,同名改码,3,412826000000,汝南县,河南省-驻马店地区-汝南县,411727000000,汝南县,河南省-驻马店市-汝南县,,False
2000,同名改码,3,412827000000,平舆县,河南省-驻马店地区-平舆县,411723000000,平舆县,河南省-驻马店市-平舆县,,False
2000,同名改码,3,412828000000,新蔡县,河南省-驻马店地区-新蔡县,411729000000,新蔡县,河南省-驻马店市-新蔡县,,False
2000,同名改码,3,412829000000,正阳县,河南省-驻马店地区-正阳县,411724000000,正阳县,河南省-驻马店市-正阳县,,False
2000,同名改码,3,420983000000,广水市,湖北省-孝感市-广水市,421381000000,广水市,湖北省-随州市-广水市,,False
2000,撤销,3,429001000000,随州市,随州市,,,,,False
2000,撤市设区,3,440181000000,番禺市,广东省-广州市-番禺市,440113000000,番禺区,广东省-广州市-番禺区,,False
2000,撤市设区,3,440182000000,花都市,广东省-广州市-花都市,440114000000,花都区,广东省-广州市-花都区,,False
2000,撤县设区,3,500239000000,黔江土家族苗族自治县,黔江土家族苗族自治县,500114000000,黔江区,黔江区,,False
2000,撤地设市,2,513100000000,雅安地区,四川省-雅安地区,511800000000,雅安市,四川省-雅安市,,False
2000,撤销,3,513101000000,雅安市,四川省-雅安地区-雅安市,,,,,False
2000,同名改码,3,513122000000,名山县,四川省-雅安地区-名山县,511821000000,名山县,四川省-雅安市-名山县,,False
2000,同名改码,3,513123000000,荥经县,四川省-雅安地区-荥经县,511822000000,荥经县,四川省-雅安市-荥经县,,False
2000,同名改码,3,513124000000,汉源县,四川省-雅安地区-汉源县,511823000000,汉源县,四川省-雅安市-汉源县,,False
2000,同名改码,3,513125000000,石棉县,四川省-雅安地区-石棉县,511824000000,石棉县,四川省-雅安市-石棉县,,False
2000,同名改码,3,513126000000,天全县,四川省-雅安地区-天全县,511825000000,天全县,四川省-雅安市-天全县,,False
2000,同名改码,3,513127000000,芦山县,四川省-雅安地区-芦山县,511826000000,芦山县,四川省-雅安市-芦山县,,False
2000,同名改码,3,513128000000,宝兴县,四川省-雅安地区-宝兴县,511827000000,宝兴县,四川省-雅安市-宝兴县,,False
2000,撤地设市,2,513700000000,巴中地区,四川省-巴中地区,511900000000,巴中市,四川省-巴中市,,False
2000,撤销,3,513701000000,巴中市,四川省-巴中地区-巴中市,,,,,False
2000,同名改码,3,513721000000,通江县,四川省-巴中地区-通江县,511921000000,通江县,四川省-巴中市-通江县,,False
2000,同名改码,3,513722000000,南江县,四川省-巴中地区-南江县,511922000000,南江县,四川省-巴中市-南江县,,False
2000,同名改码,3,513723000000,平昌县,四川省-巴中地区-平昌县,511923000000,平昌县,四川省-巴中市-平昌县,,False
2000,撤地设市,2,513800000000,眉山地区,四川省-眉山地区,511400000000,眉山市,四川省-眉山市,,False
2000,撤销,3,513821000000,眉山县,四川省-眉山地区-眉山县,,,,,False
2000,同名改码,3,513822000000,仁寿县,四川省-眉山地区-仁寿县,511421000000,仁寿县,四川省-眉山市-仁寿县,,False
2000,同名改码,3,513823000000,彭山县,四川省-眉山地区-彭山县,511422000000,彭山县,四川省-眉山市-彭山县,,False
2000,同名改码,3,513824000000,洪雅县,四川省-眉山地区-洪雅县,511423000000,洪雅县,四川省-眉山市-洪雅县,,False
2000,同名改码,3,513825000000,丹棱县,四川省-眉山地区-丹棱县,511424000000,丹棱县,四川省-眉山市-丹棱县,,False
2000,同名改码,3,513826000000,青神县,四川省-眉山地区-青神县,511425000000,青神县,四川省-眉山市-青神县,,False
2000,撤地设市,2,513900000000,资阳地区,四川省-资阳地区,512000000000,资阳市,四川省-资阳市,,False
2000,撤销,3,513901000000,资阳市,四川省-资阳地区-资阳市,,,,,False
2000,同名改码,3,513902000000,简阳市,四川省-资阳地区-简阳市,512081000000,简阳市,四川省-资阳市-简阳市,,False
2000,同名改码,3,513921000000,安岳县,四川省-资阳地区-安岳县,512021000000,安岳县,四川省-资阳市-安岳县,,False
2000,同名改码,3,513922000000,乐至县,四川省-资阳地区-乐至县,512022000000,乐至县,四川省-资阳市-乐至县,,False
2000,撤地设市,2,522500000000,安顺地区,贵州省-安顺地区,520400000000,安顺市,贵州省-安顺市,,False
2000,撤销,3,522501000000,安顺市,贵州省-安顺地区-安顺市,,,,,False
2000,同名改码,3,522526000000,平坝县,贵州省-安顺地区-平坝县,520421000000,平坝县,贵州省-安顺市-平坝县,,False
2000,同名改码,3,522527000000,普定县,贵州省-安顺地区-普定县,520422000000,普定县,贵州省-安顺市-普定县,,False
2000,同名改码,3,522528000000,关岭布依族苗族自治县,贵州省-安顺地区-关岭布依族苗族自治县,520424000000,关岭布依族苗族自治县,贵州省-安顺市-关岭布依族苗族自治县,,False
2000,同名改码,3,522529000000,镇宁布依族苗族自治县,贵州省-安顺地区-镇宁布依族苗族自治县,520423000000,镇宁布依族苗族自治县,贵州省-安顺市-镇宁布依族苗族自治县,,False
2000,同名改码,3,522530000000,紫云苗族布依族自治县,贵州省-安顺地区-紫云苗族布依族自治县,520425000000,紫云苗族布依族自治县,贵州省-安顺市-紫云苗族布依族自治县,,False
2000,撤地设市,2,533000000000,保山地区,云南省-保山地区,530500000000,保山市,云南省-保山市,,False
2000,撤销,3,533001000000,保山市,云南省-保山地区-保山市,,,,,False
2000,同名改码,3,533022000000,施甸县,云南省-保山地区-施甸县,530521000000,施甸县,云南省-保山市-施甸县,,False
2000,同名改码,3,533023000000,腾冲县,云南省-保山地区-腾冲县,530522000000,腾冲县,云南省-保山市-腾冲县,,False
2000,同名改码,3,533024000000,龙陵县,云南省-保山地区-龙陵县,530523000000,龙陵县,云南省-保山市-龙陵县,,False
2000,同名改码,3,533025000000,昌宁县,云南省-保山地区-昌宁县,530524000000,昌宁县,云南省-保山市-昌宁县,,False
2000,撤地设市,2,612400000000,安康地区,陕西省-安康地区,610900000000,安康市,陕西省-安康市,,False
2000,撤销,3,612401000000,安康市,陕西省-安康地区-安康市,,,,,False
2000,同名改码,3,612422000000,汉阴县,陕西省-安康地区-汉阴县,610921000000,汉阴县,陕西省-安康市-汉阴县,,False
2000,同名改码,3,612423000000,石泉县,陕西省-安康地区-石泉县,610922000000,石泉县,陕西省-安康市-石泉县,,False
2000,同名改码,3,612424000000,宁陕县,陕西省-安康地区-宁陕县,610923000000,宁陕县,陕西省-安康市-宁陕县,,False
2000,同名改码,3,612425000000,紫阳县,陕西省-安康地区-紫阳县,610924000000,紫阳县,陕西省-安康市-紫阳县,,False
2000,同名改码,3,612426000000,岚皋县,陕西省-安康地区-岚皋县,610925000000,岚皋县,陕西省-安康市-岚皋县,,False
2000,同名改码,3,612427000000,平利县,陕西省-安康地区-平利县,610926000000,平利县,陕西省-安康市-平利县,,False
2000,同名改码,3,612428000000,镇坪县,陕西省-安康地区-镇坪县,610927000000,镇坪县,陕西省-安康市-镇坪县,,False
2000,同名改码,3,612429000000,旬阳县,陕西省-安康地区-旬阳县,610928000000,旬阳县,陕西省-安康市-旬阳县,,False
2000,同名改码,3,612430000000,白河县,陕西省-安康地区-白河县,610929000000,白河县,陕西省-安康市-白河县,,False
2000,新设,3,,,,131003000000,广阳区,河北省-廊坊市-广阳区,,False
2000,新设,3,,,,140802000000,盐湖区,山西省-运城市-盐湖区,,False
2000,新设,3,,,,140902000000,忻府区,山西省-忻州市-忻府区,,False
2000,新设,3,,,,141002000000,尧都区,山西省-临汾市-尧都区,,False
2000,新设,3,,,,320206000000,惠山区,江苏省-无锡市-惠山区,,False
2000,新设,3,,,,320505000000,虎丘区,江苏省-苏州市-虎丘区,,False
2000,新设,3,,,,320507000000,相城区,江苏省-苏州市-相城区,,False
2000,新设,3,,,,320803000000,楚州区,江苏省-淮安市-楚州区,,False
2000,新设,3,,,,331102000000,莲都区,浙江省-丽水市-莲都区,,False
2000,新设,2,,,,341600000000,亳州市,安徽省-亳州市,,False
2000,新设,3,,,,341602000000,谯城区,安徽省-亳州市-谯城区,,False
2000,新设,3,,,,341802000000,宣州区,安徽省-宣城市-宣州区,,False
2000,新设,3,,,,350505000000,泉港区,福建省-泉州市-泉港区,,False
2000,新设,3,,,,360802000000,吉州区,江西省-吉安市-吉州区,,False
2000,新设,3,,,,360803000000,青原区,江西省-吉安市-青原区,,False
2000,新设,3,,,,360902000000,袁州区,江西省-宜春市-袁州区,,False
2000,新设,3,,,,361102000000,信州区,江西省-上饶市-信州区,,False
2000,新设,3,,,,371602000000,滨城区,山东省-滨州市-滨城区,,False
2000,新设,3,,,,371702000000,牡丹区,山东省-菏泽市-牡丹区,,False
2000,新设,3,,,,411602000000,川汇区,河南省-周口市-川汇区,,False
2000,新设,3,,,,411702000000,驿城区,河南省-驻马店市-驿城区,,False
2000,新设,2,,,,421300000000,随州市,湖北省-随州市,,False
2000,新设,3,,,,421303000000,曾都区,湖北省-随州市-曾都区,,False
2000,新设,3,,,,511402000000,东坡区,四川省-眉山市-东坡区,,False
2000,新设,3,,,,511802000000,雨城区,四川省-雅安市-雨城区,,False
2000,新设,3,,,,511902000000,巴州区,四川省-巴中市-巴州区,,False
2000,新设,3,,,,512002000000,雁江区,四川省-资阳市-雁江区,,False
2000,新设,3,,,,520114000000,小河区,贵州省-贵阳市-小河区,,False
2000,新设,3,,,,520402000000,西秀区,贵州省-安顺市-西秀区,,False
2000,新设,3,,,,530502000000,隆阳区,云南省-保山市-隆阳区,,False
2000,新设,3,,,,610902000000,汉滨区,陕西省-安康市-汉滨区,,False
2001,更名,3,410611000000,郊区,河南省-鹤壁市-郊区,410611000000,淇滨区,河南省-鹤壁市-淇滨区,,False
2001,更名,3,420203000000,石灰窑区,湖北省-黄石市-石灰窑区,420203000000,西塞山区,湖北省-黄石市-西塞山区,,False
2001,更名,3,460001000000,通什市,海南省-通什市,460001000000,五指山市,海南省-五指山市,,False
2001,更名,3,533421000000,中甸县,云南省-迪庆藏族自治州-中甸县,533421000000,香格里拉县,云南省-迪庆藏族自治州-香格里拉县,,False
2001,撤县设区,3,110224000000,大兴县,大兴县,110115000000,大兴区,大兴区,,False
2001,撤县设区,3,110226000000,平谷县,平谷县,110117000000,平谷区,平谷区,,False
2001,撤县设区,3,110227000000,怀柔县,怀柔县,110116000000,怀柔区,怀柔区,,False
2001,撤县设区,3,120224000000,宝坻县,宝坻县,120115000000,宝坻区,宝坻区,,False
2001,撤销,3,130106000000,郊区,河北省-石家庄市-郊区,,,,,False
2001,区划调整,2,152100000000,呼伦贝尔盟,内蒙古自治区-呼伦贝尔盟,150700000000,呼伦贝尔市,内蒙古自治区-呼伦贝尔市,,False
2001,撤市设区,3,152101000000,海拉尔市,内蒙古自治区-呼伦贝尔盟-海拉尔市,150702000000,海拉尔区,内蒙古自治区-呼伦贝尔市-海拉尔区,,False
2001,同名改码,3,152102000000,满洲里市,内蒙古自治区-呼伦贝尔盟-满洲里市,150781000000,满洲里市,内蒙古自治区-呼伦贝尔市-满洲里市,,False
2001,同名改码,3,152103000000,扎兰屯市,内蒙古自治区-呼伦贝尔盟-扎兰屯市,150783000000,扎兰屯市,内蒙古自治区-呼伦贝尔市-扎兰屯市,,False
2001,同名改码,3,152104000000,牙克石市,内蒙古自治区-呼伦贝尔盟-牙克石市,150782000000,牙克石市,内蒙古自治区-呼伦贝尔市-牙克石市,,False
2001,同名改码,3,152105000000,根河市,内蒙古自治区-呼伦贝尔盟-根河市,150785000000,根河市,内蒙古自治区-呼伦贝尔市-根河市,,False
2001,同名改码,3,152106000000,额尔古纳市,内蒙古自治区-呼伦贝尔盟-额尔古纳市,150784000000,额尔古纳市,内蒙古自治区-呼伦贝尔市-额尔古纳市,,False
2001,同名改码,3,152122000000,阿荣旗,内蒙古自治区-呼伦贝尔盟-阿荣旗,150721000000,阿荣旗,内蒙古自治区-呼伦贝尔市-阿荣旗,,False
2001,同名改码,3,152123000000,莫力达瓦达斡尔族自治旗,内蒙古自治区-呼伦贝尔盟-莫力达瓦达斡尔族自治旗,150722000000,莫力达瓦达斡尔族自治旗,内蒙古自治区-呼伦贝尔市-莫力达瓦达斡尔族自治旗,,False
2001,同名改码,3,152127000000,鄂伦春自治旗,内蒙古自治区-呼伦贝尔盟-鄂伦春自治旗,150723000000,鄂伦春自治旗,内蒙古自治区-呼伦贝尔市-鄂伦春自治旗,,False
2001,同名改码,3,152128000000,鄂温克族自治旗,内蒙古自治区-呼伦贝尔盟-鄂温克族自治旗,150724000000,鄂温克族自治旗,内蒙古自治区-呼伦贝尔市-鄂温克族自治旗,,False
2001,同名改码,3,152129000000,新巴尔虎右旗,内蒙古自治区-呼伦贝尔盟-新巴尔虎右旗,150727000000,新巴尔虎右旗,内蒙古自治区-呼伦贝尔市-新巴尔虎右旗,,False
2001,同名改码,3,152130000000,新巴尔虎左旗,内蒙古自治区-呼伦贝尔盟-新巴尔虎左旗,150726000000,新巴尔虎左旗,内蒙古自治区-呼伦贝尔市-新巴尔虎左旗,,False
2001,同名改码,3,152131000000,陈巴尔虎旗,内蒙古自治区-呼伦贝尔盟-陈巴尔虎旗,150725000000,陈巴尔虎旗,内蒙古自治区-呼伦贝尔市-陈巴尔虎旗,,False
2001,撤销,2,152700000000,伊克昭盟,内蒙古自治区-伊克昭盟,,,,,False
2001,撤市设区,3,152701000000,东胜市,内蒙古自治区-伊克昭盟-东胜市,150602000000,东胜区,内蒙古自治区-鄂尔多斯市-东胜区,,False
2001,同名改码,3,152722000000,达拉特旗,内蒙古自治区-伊克昭盟-达拉特旗,150621000000,达拉特旗,内蒙古自治区-鄂尔多斯市-达拉特旗,,False
2001,同名改码,3,152723000000,准格尔旗,内蒙古自治区-伊克昭盟-准格尔旗,150622000000,准格尔旗,内蒙古自治区-鄂尔多斯市-准格尔旗,,False
2001,同名改码,3,152724000000,鄂托克前旗,内蒙古自治区-伊克昭盟-鄂托克前旗,150623000000,鄂托克前旗,内蒙古自治区-鄂尔多斯市-鄂托克前旗,,False
2001,同名改码,3,152725000000,鄂托克旗,内蒙古自治区-伊克昭盟-鄂托克旗,150624000000,鄂托克旗,内蒙古自治区-鄂尔多斯市-鄂托克旗,,False
2001,同名改码,3,152726000000,杭锦旗,内蒙古自治区-伊克昭盟-杭锦旗,150625000000,杭锦旗,内蒙古自治区-鄂尔多斯市-杭锦旗,,False
2001,同名改码,3,152727000000,乌审旗,内蒙古自治区-伊克昭盟-乌审旗,150626000000,乌审旗,内蒙古自治区-鄂尔多斯市-乌审旗,,False
2001,同名改码,3,152728000000,伊金霍洛旗,内蒙古自治区-伊克昭盟-伊金霍洛旗,150627000000,伊金霍洛旗,内蒙古自治区-鄂尔多斯市-伊金霍洛旗,,False
2001,撤县设区,3,310225000000,南汇县,南汇县,310119000000,南汇区,南汇区,,False
2001,撤县设区,3,310226000000,奉贤县,奉贤县,310120000000,奉贤区,奉贤区,,False
2001,撤销,3,320704000000,云台区,江苏省-连云港市-云台区,,,,,False
2001,撤市设区,3,330181000000,萧山市,浙江省-杭州市-萧山市,330109000000,萧山区,浙江省-杭州市-萧山区,,False
2001,撤市设区,3,330184000000,余杭市,浙江省-杭州市-余杭市,330110000000,余杭区,浙江省-杭州市-余杭区,,False
2001,撤县设区,3,330821000000,衢县,浙江省-衢州市-衢县,330803000000,衢江区,浙江省-衢州市-衢江区,,False
2001,撤销,3,340505000000,向山区,安徽省-马鞍山市-向山区,,,,,False
2001,撤县设区,3,370123000000,长清县,山东省-济南市-长清县,370113000000,长清区,山东省-济南市-长清区,,False
2001,撤销,3,420521000000,宜昌县,湖北省-宜昌市-宜昌县,,,,,False
2001,撤县设区,3,420621000000,襄阳县,湖北省-襄樊市-襄阳县,420607000000,襄阳区,湖北省-襄樊市-襄阳区,,False
2001,撤销,3,430402000000,江东区,湖南省-衡阳市-江东区,,,,,False
2001,撤销,3,430403000000,城南区,湖南省-衡阳市-城南区,,,,,False
2001,撤销,3,430404000000,城北区,湖南省-衡阳市-城北区,,,,,False
2001,撤销,3,430411000000,郊区,湖南省-衡阳市-郊区,,,,,False
2001,撤县设区,3,440421000000,斗门县,广东省-珠海市-斗门县,440403000000,斗门区,广东省-珠海市-斗门区,,False
2001,撤销,3,450107000000,市郊区,广西壮族自治区-南宁市-市郊区,,,,,False
2001,撤县设区,3,500221000000,长寿县,长寿县,500115000000,长寿区,长寿区,,False
2001,撤县设区,3,510125000000,新都县,四川省-成都市-新都县,510114000000,新都区,四川省-成都市-新都区,,False
2001,撤地设市,2,532100000000,昭通地区,云南省-昭通地区,530600000000,昭通市,云南省-昭通市,,False
2001,撤销,3,532101000000,昭通市,云南省-昭通地区-昭通市,,,,,False
2001,同名改码,3,532122000000,鲁甸县,云南省-昭通地区-鲁甸县,530621000000,鲁甸县,云南省-昭通市-鲁甸县,,False
2001,同名改码,3,532123000000,巧家县,云南省-昭通地区-巧家县,530622000000,巧家县,云南省-昭通市-巧家县,,False
2001,同名改码,3,532124000000,盐津县,云南省-昭通地区-盐津县,530623000000,盐津县,云南省-昭通市-盐津县,,False
2001,同名改码,3,532125000000,大关县,云南省-昭通地区-大关县,530624000000,大关县,云南省-昭通市-大关县,,False
2001,同名改码,3,532126000000,永善县,云南省-昭通地区-永善县,530625000000,永善县,云南省-昭通市-永善县,,False
2001,同名改码,3,532127000000,绥江县,云南省-昭通地区-绥江县,530626000000,绥江县,云南省-昭通市-绥江县,,False
2001,同名改码,3,532128000000,镇雄县,云南省-昭通地区-镇雄县,530627000000,镇雄县,云南省-昭通市-镇雄县,,False
2001,同名改码,3,532129000000,彝良县,云南省-昭通地区-彝良县,530628000000,彝良县,云南省-昭通市-彝良县,,False
2001,同名改码,3,532130000000,威信县,云南省-昭通地区-威信县,530629000000,威信县,云南省-昭通市-威信县,,False
2001,同名改码,3,532131000000,水富县,云南省-昭通地区-水富县,530630000000,水富县,云南省-昭通市-水富县,,False
2001,撤地设市,2,612500000000,商洛地区,陕西省-商洛地区,611000000000,商洛市,陕西省-商洛市,,False
2001,撤市设区,3,612501000000,商州市,陕西省-商洛地区-商州市,611002000000,商州区,陕西省-商洛市-商州区,,False
2001,同名改码,3,612522000000,洛南县,陕西省-商洛地区-洛南县,611021000000,洛南县,陕西省-商洛市-洛南县,,False
2001,同名改码,3,612523000000,丹凤县,陕西省-商洛地区-丹凤县,611022000000,丹凤县,陕西省-商洛市-丹凤县,,False
2001,同名改码,3,612524000000,商南县,陕西省-商洛地区-商南县,611023000000,商南县,陕西省-商洛市-商南县,,False
2001,同名改码,3,612525000000,山阳县,陕西省-商洛地区-山阳县,611024000000,山阳县,陕西省-商洛市-山阳县,,False
2001,同名改码,3,612526000000,镇安县,陕西省-商洛地区-镇安县,611025000000,镇安县,陕西省-商洛市-镇安县,,False
2001,同名改码,3,612527000000,柞水县,陕西省-商洛地区-柞水县,611026000000,柞水县,陕西省-商洛市-柞水县,,False
2001,撤地设市,2,622300000000,武威地区,甘肃省-武威地区,620600000000,武威市,甘肃省-武威市,,False
2001,撤销,3,622301000000,武威市,甘肃省-武威地区-武威市,,,,,False
2001,同名改码,3,622322000000,民勤县,甘肃省-武威地区-民勤县,620621000000,民勤县,甘肃省-武威市-民勤县,,False
2001,同名改码,3,622323000000,古浪县,甘肃省-武威地区-古浪县,620622000000,古浪县,甘肃省-武威市-古浪县,,False
2001,同名改码,3,622326000000,天祝藏族自治县,甘肃省-武威地区-天祝藏族自治县,620623000000,天祝藏族自治县,甘肃省-武威市-天祝藏族自治县,,False
2001,撤地设市,2,642200000000,固原地区,宁夏回族自治区-固原地区,640400000000,固原市,宁夏回族自治区-固原市,,False
2001,撤销,3,642221000000,固原县,宁夏回族自治区-固原地区-固原县,,,,,False
2001,同名改码,3,642222000000,海原县,宁夏回族自治区-固原地区-海原县,640421000000,海原县,宁夏回族自治区-固原市-海原县,,False
2001,同名改码,3,642223000000,西吉县,宁夏回族自治区-固原地区-西吉县,640422000000,西吉县,宁夏回族自治区-固原市-西吉县,,False
2001,同名改码,3,642224000000,隆德县,宁夏回族自治区-固原地区-隆德县,640423000000,隆德县,宁夏回族自治区-固原市-隆德县,,False
2001,同名改码,3,642225000000,泾源县,宁夏回族自治区-固原地区-泾源县,640424000000,泾源县,宁夏回族自治区-固原市-泾源县,,False
2001,同名改码,3,642226000000,彭阳县,宁夏回族自治区-固原地区-彭阳县,640425000000,彭阳县,宁夏回族自治区-固原市-彭阳县,,False
2001,同名改码,3,654001000000,奎屯市,新疆维吾尔自治区-伊犁哈萨克自治州-奎屯市,654003000000,奎屯市,新疆维吾尔自治区-伊犁哈萨克自治州-奎屯市,,False
2001,撤销,2,654100000000,伊犁地区,新疆维吾尔自治区-伊犁地区,,,,,False
2001,同名改码,3,654101000000,伊宁市,新疆维吾尔自治区-伊犁地区-伊宁市,654002000000,伊宁市,新疆维吾尔自治区-伊犁哈萨克自治州-伊宁市,,False
2001,同名改码,3,654121000000,伊宁县,新疆维吾尔自治区-伊犁地区-伊宁县,654021000000,伊宁县,新疆维吾尔自治区-伊犁哈萨克自治州-伊宁县,,False
2001,同名改码,3,654122000000,察布查尔锡伯自治县,新疆维吾尔自治区-伊犁地区-察布查尔锡伯自治县,654022000000,察布查尔锡伯自治县,新疆维吾尔自治区-伊犁哈萨克自治州-察布查尔锡伯自治县,,False
2001,同名改码,3,654123000000,霍城县,新疆维吾尔自治区-伊犁地区-霍城县,654023000000,霍城县,新疆维吾尔自治区-伊犁哈萨克自治州-霍城县,,False
2001,同名改码,3,654124000000,巩留县,新疆维吾尔自治区-伊犁地区-巩留县,654024000000,巩留县,新疆维吾尔自治区-伊犁哈萨克自治州-巩留县,,False
2001,同名改码,3,654125000000,新源县,新疆维吾尔自治区-伊犁地区-新源县,654025000000,新源县,新疆维吾尔自治区-伊犁哈萨克自治州-新源县,,False
2001,同名改码,3,654126000000,昭苏县,新疆维吾尔自治区-伊犁地区-昭苏县,654026000000,昭苏县,新疆维吾尔自治区-伊犁哈萨克自治州-昭苏县,,False
2001,同名改码,3,654127000000,特克斯县,新疆维吾尔自治区-伊犁地区-特克斯县,654027000000,特克斯县,新疆维吾尔自治区-伊犁哈萨克自治州-特克斯县,,False
2001,同名改码,3,654128000000,尼勒克县,新疆维吾尔自治区-伊犁地区-尼勒克县,654028000000,尼勒克县,新疆维吾尔自治区-伊犁哈萨克自治州-尼勒克县,,False
2001,新设,3,,,,130108000000,裕华区,河北省-石家庄市-裕华区,,False
2001,新设,2,,,,150600000000,鄂尔多斯市,内蒙古自治区-鄂尔多斯市,,False
2001,新设,3,,,,420506000000,夷陵区,湖北省-宜昌市-夷陵区,,False
2001,新设,3,,,,420804000000,掇刀区,湖北省-荆门市-掇刀区,,False
2001,新设,3,,,,430405000000,珠晖区,湖南省-衡阳市-珠晖区,,False
2001,新设,3,,,,430406000000,雁峰区,湖南省-衡阳市-雁峰区,,False
2001,新设,3,,,,430407000000,石鼓区,湖南省-衡阳市-石鼓区,,False
2001,新设,3,,,,430408000000,蒸湘区,湖南省-衡阳市-蒸湘区,,False
2001,新设,3,,,,440404000000,金湾区,广东省-珠海市-金湾区,,False
2001,新设,3,,,,440903000000,茂港区,广东省-茂名市-茂港区,,False
2001,新设,3,,,,530602000000,昭阳区,云南省-昭通市-昭阳区,,False
2001,新设,3,,,,620602000000,凉州区,甘肃省-武威市-凉州区,,False
2001,新设,3,,,,640402000000,原州区,宁夏回族自治区-固原市-原州区,,False
2002,更名,3,211281000000,铁法市,辽宁省-铁岭市-铁法市,211281000000,调兵山市,辽宁省-铁岭市-调兵山市,,False
2002,更名,3,320411000000,郊区,江苏省-常州市-郊区,320411000000,新北区,江苏省-常州市-新北区,,False
2002,更名,3,321011000000,郊区,江苏省-扬州市-郊区,321011000000,维扬区,江苏省-扬州市-维扬区,,False
2002,更名,3,340102000000,东市区,安徽省-合肥市-东市区,340102000000,瑶海区,安徽省-合肥市-瑶海区,,False
2002,更名,3,340103000000,中市区,安徽省-合肥市-中市区,340103000000,庐阳区,安徽省-合肥市-庐阳区,,False
2002,更名,3,340104000000,西市区,安徽省-合肥市-西市区,340104000000,蜀山区,安徽省-合肥市-蜀山区,,False
2002,更名,3,340111000000,郊区,安徽省-合肥市-郊区,340111000000,包河区,安徽省-合肥市-包河区,,False
2002,更名,3,360111000000,郊区,江西省-南昌市-郊区,360111000000,青山湖区,江西省-南昌市-青山湖区,,False
2002,更名,3,410902000000,市区,河南省-濮阳市-市区,410902000000,华龙区,河南省-濮阳市-华龙区,,False
2002,更名,3,640104000000,郊区,宁夏回族自治区-银川市-郊区,640104000000,兴庆区,宁夏回族自治区-银川市-兴庆区,,False
2002,更名,3,650107000000,南泉区,新疆维吾尔自治区-乌鲁木齐市-南泉区,650107000000,达坂城区,新疆维吾尔自治区-乌鲁木齐市-达坂城区,,False
2002,撤销,3,130206000000,新区,河北省-唐山市-新区,,,,,False
2002,撤县设区,3,130221000000,丰润县,河北省-唐山市-丰润县,130208000000,丰润区,河北省-唐山市-丰润区,,False
2002,撤市设区,3,130282000000,丰南市,河北省-唐山市-丰南市,130207000000,丰南区,河北省-唐山市-丰南区,,False
2002,撤销,3,320112000000,大厂区,江苏省-南京市-大厂区,,,,,False
2002,撤销,3,320122000000,江浦县,江苏省-南京市-江浦县,,,,,False
2002,撤县设区,3,320123000000,六合县,江苏省-南京市-六合县,320116000000,六合区,江苏省-南京市-六合区,,False
2002,撤市设区,3,320483000000,武进市,江苏省-常州市-武进市,320412000000,武进区,江苏省-常州市-武进区,,False
2002,撤县设区,3,321121000000,丹徒县,江苏省-镇江市-丹徒县,321112000000,丹徒区,江苏省-镇江市-丹徒区,,False
2002,撤县设区,3,330227000000,鄞县,浙江省-宁波市-鄞县,330212000000,鄞州区,浙江省-宁波市-鄞州区,,False
2002,撤销,3,350321000000,莆田县,福建省-莆田市-莆田县,,,,,False
2002,撤销,3,410504000000,铁西区,河南省-安阳市-铁西区,,,,,False
2002,撤销,3,410511000000,郊区,河南省-安阳市-郊区,,,,,False
2002,撤销,3,440602000000,城区,广东省-佛山市-城区,,,,,False
2002,撤销,3,440603000000,石湾区,广东省-佛山市-石湾区,,,,,False
2002,撤市设区,3,440681000000,顺德市,广东省-佛山市-顺德市,440606000000,顺德区,广东省-佛山市-顺德区,,False
2002,撤市设区,3,440682000000,南海市,广东省-佛山市-南海市,440605000000,南海区,广东省-佛山市-南海区,,False
2002,撤市设区,3,440683000000,三水市,广东省-佛山市-三水市,440607000000,三水区,广东省-佛山市-三水区,,False
2002,撤市设区,3,440684000000,高明市,广东省-佛山市-高明市,440608000000,高明区,广东省-佛山市-高明区,,False
2002,撤市设区,3,440782000000,新会市,广东省-江门市-新会市,440705000000,新会区,广东省-江门市-新会区,,False
2002,撤销,3,450206000000,市郊区,广西壮族自治区-柳州市-市郊区,,,,,False
2002,撤销,2,452100000000,南宁地区,广西壮族自治区-南宁地区,,,,,False
2002,同名改码,3,452101000000,凭祥市,广西壮族自治区-南宁地区-凭祥市,451481000000,凭祥市,广西壮族自治区-崇左市-凭祥市,,False
2002,同名改码,3,452122000000,横县,广西壮族自治区-南宁地区-横县,450127000000,横县,广西壮族自治区-南宁市-横县,,False
2002,同名改码,3,452123000000,宾阳县,广西壮族自治区-南宁地区-宾阳县,450126000000,宾阳县,广西壮族自治区-南宁市-宾阳县,,False
2002,同名改码,3,452124000000,上林县,广西壮族自治区-南宁地区-上林县,450125000000,上林县,广西壮族自治区-南宁市-上林县,,False
2002,同名改码,3,452126000000,隆安县,广西壮族自治区-南宁地区-隆安县,450123000000,隆安县,广西壮族自治区-南宁市-隆安县,,False
2002,同名改码,3,452127000000,马山县,广西壮族自治区-南宁地区-马山县,450124000000,马山县,广西壮族自治区-南宁市-马山县,,False
2002,同名改码,3,452128000000,扶绥县,广西壮族自治区-南宁地区-扶绥县,451421000000,扶绥县,广西壮族自治区-崇左市-扶绥县,,False
2002,撤销,3,452129000000,崇左县,广西壮族自治区-南宁地区-崇左县,,,,,False
2002,同名改码,3,452130000000,大新县,广西壮族自治区-南宁地区-大新县,451424000000,大新县,广西壮族自治区-崇左市-大新县,,False
2002,同名改码,3,452131000000,天等县,广西壮族自治区-南宁地区-天等县,451425000000,天等县,广西壮族自治区-崇左市-天等县,,False
2002,同名改码,3,452132000000,宁明县,广西壮族自治区-南宁地区-宁明县,451422000000,宁明县,广西壮族自治区-崇左市-宁明县,,False
2002,同名改码,3,452133000000,龙州县,广西壮族自治区-南宁地区-龙州县,451423000000,龙州县,广西壮族自治区-崇左市-龙州县,,False
2002,撤销,2,452200000000,柳州地区,广西壮族自治区-柳州地区,,,,,False
2002,同名改码,3,452201000000,合山市,广西壮族自治区-柳州地区-合山市,451381000000,合山市,广西壮族自治区-来宾市-合山市,,False
2002,同名改码,3,452223000000,鹿寨县,广西壮族自治区-柳州地区-鹿寨县,450223000000,鹿寨县,广西壮族自治区-柳州市-鹿寨县,,False
2002,同名改码,3,452224000000,象州县,广西壮族自治区-柳州地区-象州县,451322000000,象州县,广西壮族自治区-来宾市-象州县,,False
2002,同名改码,3,452225000000,武宣县,广西壮族自治区-柳州地区-武宣县,451323000000,武宣县,广西壮族自治区-来宾市-武宣县,,False
2002,撤销,3,452226000000,来宾县,广西壮族自治区-柳州地区-来宾县,,,,,False
2002,同名改码,3,452227000000,融安县,广西壮族自治区-柳州地区-融安县,450224000000,融安县,广西壮族自治区-柳州市-融安县,,False
2002,同名改码,3,452228000000,三江侗族自治县,广西壮族自治区-柳州地区-三江侗族自治县,450226000000,三江侗族自治县,广西壮族自治区-柳州市-三江侗族自治县,,False
2002,同名改码,3,452229000000,融水苗族自治县,广西壮族自治区-柳州地区-融水苗族自治县,450225000000,融水苗族自治县,广西壮族自治区-柳州市-融水苗族自治县,,False
2002,同名改码,3,452230000000,金秀瑶族自治县,广西壮族自治区-柳州地区-金秀瑶族自治县,451324000000,金秀瑶族自治县,广西壮族自治区-来宾市-金秀瑶族自治县,,False
2002,同名改码,3,452231000000,忻城县,广西壮族自治区-柳州地区-忻城县,451321000000,忻城县,广西壮族自治区-来宾市-忻城县,,False
2002,撤地设市,2,452400000000,贺州地区,广西壮族自治区-贺州地区,451100000000,贺州市,广西壮族自治区-贺州市,,False
2002,撤销,3,452402000000,贺州市,广西壮族自治区-贺州地区-贺州市,,,,,False
2002,同名改码,3,452424000000,昭平县,广西壮族自治区-贺州地区-昭平县,451121000000,昭平县,广西壮族自治区-贺州市-昭平县,,False
2002,同名改码,3,452427000000,钟山县,广西壮族自治区-贺州地区-钟山县,451122000000,钟山县,广西壮族自治区-贺州市-钟山县,,False
2002,同名改码,3,452428000000,富川瑶族自治县,广西壮族自治区-贺州地区-富川瑶族自治县,451123000000,富川瑶族自治县,广西壮族自治区-贺州市-富川瑶族自治县,,False
2002,撤地设市,2,452600000000,百色地区,广西壮族自治区-百色地区,451000000000,百色市,广西壮族自治区-百色市,,False
2002,撤销,3,452601000000,百色市,广西壮族自治区-百色地区-百色市,,,,,False
2002,同名改码,3,452622000000,田阳县,广西壮族自治区-百色地区-田阳县,451021000000,田阳县,广西壮族自治区-百色市-田阳县,,False
2002,同名改码,3,452623000000,田东县,广西壮族自治区-百色地区-田东县,451022000000,田东县,广西壮族自治区-百色市-田东县,,False
2002,同名改码,3,452624000000,平果县,广西壮族自治区-百色地区-平果县,451023000000,平果县,广西壮族自治区-百色市-平果县,,False
2002,同名改码,3,452625000000,德保县,广西壮族自治区-百色地区-德保县,451024000000,德保县,广西壮族自治区-百色市-德保县,,False
2002,同名改码,3,452626000000,靖西县,广西壮族自治区-百色地区-靖西县,451025000000,靖西县,广西壮族自治区-百色市-靖西县,,False
2002,同名改码,3,452627000000,那坡县,广西壮族自治区-百色地区-那坡县,451026000000,那坡县,广西壮族自治区-百色市-那坡县,,False
2002,同名改码,3,452628000000,凌云县,广西壮族自治区-百色地区-凌云县,451027000000,凌云县,广西壮族自治区-百色市-凌云县,,False
2002,同名改码,3,452629000000,乐业县,广西壮族自治区-百色地区-乐业县,451028000000,乐业县,广西壮族自治区-百色市-乐业县,,False
2002,同名改码,3,452630000000,田林县,广西壮族自治区-百色地区-田林县,451029000000,田林县,广西壮族自治区-百色市-田林县,,False
2002,同名改码,3,452631000000,隆林各族自治县,广西壮族自治区-百色地区-隆林各族自治县,451031000000,隆林各族自治县,广西壮族自治区-百色市-隆林各族自治县,,False
2002,同名改码,3,452632000000,西林县,广西壮族自治区-百色地区-西林县,451030000000,西林县,广西壮族自治区-百色市-西林县,,False
2002,撤地设市,2,452700000000,河池地区,广西壮族自治区-河池地区,451200000000,河池市,广西壮族自治区-河池市,,False
2002,撤销,3,452701000000,河池市,广西壮族自治区-河池地区-河池市,,,,,False
2002,同名改码,3,452702000000,宜州市,广西壮族自治区-河池地区-宜州市,451281000000,宜州市,广西壮族自治区-河池市-宜州市,,False
2002,同名改码,3,452723000000,罗城仫佬族自治县,广西壮族自治区-河池地区-罗城仫佬族自治县,451225000000,罗城仫佬族自治县,广西壮族自治区-河池市-罗城仫佬族自治县,,False
2002,同名改码,3,452724000000,环江毛南族自治县,广西壮族自治区-河池地区-环江毛南族自治县,451226000000,环江毛南族自治县,广西壮族自治区-河池市-环江毛南族自治县,,False
2002,同名改码,3,452725000000,南丹县,广西壮族自治区-河池地区-南丹县,451221000000,南丹县,广西壮族自治区-河池市-南丹县,,False
2002,同名改码,3,452726000000,天峨县,广西壮族自治区-河池地区-天峨县,451222000000,天峨县,广西壮族自治区-河池市-天峨县,,False
2002,同名改码,3,452727000000,凤山县,广西壮族自治区-河池地区-凤山县,451223000000,凤山县,广西壮族自治区-河池市-凤山县,,False
2002,同名改码,3,452728000000,东兰县,广西壮族自治区-河池地区-东兰县,451224000000,东兰县,广西壮族自治区-河池市-东兰县,,False
2002,同名改码,3,452729000000,巴马瑶族自治县,广西壮族自治区-河池地区-巴马瑶族自治县,451227000000,巴马瑶族自治县,广西壮族自治区-河池市-巴马瑶族自治县,,False
2002,同名改码,3,452730000000,都安瑶族自治县,广西壮族自治区-河池地区-都安瑶族自治县,451228000000,都安瑶族自治县,广西壮族自治区-河池市-都安瑶族自治县,,False
2002,同名改码,3,452731000000,大化瑶族自治县,广西壮族自治区-河池地区-大化瑶族自治县,451229000000,大化瑶族自治县,广西壮族自治区-河池市-大化瑶族自治县,,False
2002,撤市设区,3,460004000000,琼山市,海南省-琼山市,460107000000,琼山区,海南省-海口市-琼山区,,False
2002,撤销,3,460102000000,振东区,海南省-海口市-振东区,,,,,False
2002,撤销,3,460103000000,新华区,海南省-海口市-新华区,,,,,False
2002,同名改码,3,460104000000,秀英区,海南省-海口市-秀英区,460105000000,秀英区,海南省-海口市-秀英区,,False
2002,撤县设区,3,510123000000,温江县,四川省-成都市-温江县,510115000000,温江区,四川省-成都市-温江区,,False
2002,撤地设市,2,533200000000,丽江地区,云南省-丽江地区,530700000000,丽江市,云南省-丽江市,,False
2002,撤销,3,533221000000,丽江纳西族自治县,云南省-丽江地区-丽江纳西族自治县,,,,,False
2002,同名改码,3,533222000000,永胜县,云南省-丽江地区-永胜县,530722000000,永胜县,云南省-丽江市-永胜县,,False
2002,同名改码,3,533223000000,华坪县,云南省-丽江地区-华坪县,530723000000,华坪县,云南省-丽江市-华坪县,,False
2002,同名改码,3,533224000000,宁蒗彝族自治县,云南省-丽江地区-宁蒗彝族自治县,530724000000,宁蒗彝族自治县,云南省-丽江市-宁蒗彝族自治县,,False
2002,撤县设区,3,610121000000,长安县,陕西省-西安市-长安县,610116000000,长安区,陕西省-西安市-长安区,,False
2002,撤县设区,3,610221000000,耀县,陕西省-铜川市-耀县,610204000000,耀州区,陕西省-铜川市-耀州区,,False
2002,撤地设市,2,622100000000,酒泉地区,甘肃省-酒泉地区,620900000000,酒泉市,甘肃省-酒泉市,,False
2002,同名改码,3,622101000000,玉门市,甘肃省-酒泉地区-玉门市,620981000000,玉门市,甘肃省-酒泉市-玉门市,,False
2002,撤销,3,622102000000,酒泉市,甘肃省-酒泉地区-酒泉市,,,,,False
2002,同名改码,3,622103000000,敦煌市,甘肃省-酒泉地区-敦煌市,620982000000,敦煌市,甘肃省-酒泉市-敦煌市,,False
2002,同名改码,3,622123000000,金塔县,甘肃省-酒泉地区-金塔县,620921000000,金塔县,甘肃省-酒泉市-金塔县,,False
2002,同名改码,3,622124000000,肃北蒙古族自治县,甘肃省-酒泉地区-肃北蒙古族自治县,620923000000,肃北蒙古族自治县,甘肃省-酒泉市-肃北蒙古族自治县,,False
2002,同名改码,3,622125000000,阿克塞哈萨克族自治县,甘肃省-酒泉地区-阿克塞哈萨克族自治县,620924000000,阿克塞哈萨克族自治县,甘肃省-酒泉市-阿克塞哈萨克族自治县,,False
2002,同名改码,3,622126000000,安西县,甘肃省-酒泉地区-安西县,620925000000,安西县,甘肃省-酒泉市-安西县,,False
2002,撤地设市,2,622200000000,张掖地区,甘肃省-张掖地区,620700000000,张掖市,甘肃省-张掖市,,False
2002,撤销,3,622201000000,张掖市,甘肃省-张掖地区-张掖市,,,,,False
2002,同名改码,3,622222000000,肃南裕固族自治县,甘肃省-张掖地区-肃南裕固族自治县,620721000000,肃南裕固族自治县,甘肃省-张掖市-肃南裕固族自治县,,False
2002,同名改码,3,622223000000,民乐县,甘肃省-张掖地区-民乐县,620722000000,民乐县,甘肃省-张掖市-民乐县,,False
2002,同名改码,3,622224000000,临泽县,甘肃省-张掖地区-临泽县,620723000000,临泽县,甘肃省-张掖市-临泽县,,False
2002,同名改码,3,622225000000,高台县,甘肃省-张掖地区-高台县,620724000000,高台县,甘肃省-张掖市-高台县,,False
2002,同名改码,3,622226000000,山丹县,甘肃省-张掖地区-山丹县,620725000000,山丹县,甘肃省-张掖市-山丹县,,False
2002,撤地设市,2,622700000000,平凉地区,甘肃省-平凉地区,620800000000,平凉市,甘肃省-平凉市,,False
2002,撤销,3,622701000000,平凉市,甘肃省-平凉地区-平凉市,,,,,False
2002,同名改码,3,622722000000,泾川县,甘肃省-平凉地区-泾川县,620821000000,泾川县,甘肃省-平凉市-泾川县,,False
2002,同名改码,3,622723000000,灵台县,甘肃省-平凉地区-灵台县,620822000000,灵台县,甘肃省-平凉市-灵台县,,False
2002,同名改码,3,622724000000,崇信县,甘肃省-平凉地区-崇信县,620823000000,崇信县,甘肃省-平凉市-崇信县,,False
2002,同名改码,3,622725000000,华亭县,甘肃省-平凉地区-华亭县,620824000000,华亭县,甘肃省-平凉市-华亭县,,False
2002,同名改码,3,622726000000,庄浪县,甘肃省-平凉地区-庄浪县,620825000000,庄浪县,甘肃省-平凉市-庄浪县,,False
2002,同名改码,3,622727000000,静宁县,甘肃省-平凉地区-静宁县,620826000000,静宁县,甘肃省-平凉市-静宁县,,False
2002,撤地设市,2,622800000000,庆阳地区,甘肃省-庆阳地区,621000000000,庆阳市,甘肃省-庆阳市,,False
2002,撤市设区,3,622801000000,西峰市,甘肃省-庆阳地区-西峰市,621002000000,西峰区,甘肃省-庆阳市-西峰区,,False
2002,撤销,3,622821000000,庆阳县,甘肃省-庆阳地区-庆阳县,,,,,False
2002,同名改码,3,622822000000,环县,甘肃省-庆阳地区-环县,621022000000,环县,甘肃省-庆阳市-环县,,False
2002,同名改码,3,622823000000,华池县,甘肃省-庆阳地区-华池县,621023000000,华池县,甘肃省-庆阳市-华池县,,False
2002,同名改码,3,622824000000,合水县,甘肃省-庆阳地区-合水县,621024000000,合水县,甘肃省-庆阳市-合水县,,False
2002,同名改码,3,622825000000,正宁县,甘肃省-庆阳地区-正宁县,621025000000,正宁县,甘肃省-庆阳市-正宁县,,False
2002,同名改码,3,622826000000,宁县,甘肃省-庆阳地区-宁县,621026000000,宁县,甘肃省-庆阳市-宁县,,False
2002,同名改码,3,622827000000,镇原县,甘肃省-庆阳地区-镇原县,621027000000,镇原县,甘肃省-庆阳市-镇原县,,False
2002,撤销,3,640102000000,城区,宁夏回族自治区-银川市-城区,,,,,False
2002,撤销,3,640103000000,新城区,宁夏回族自治区-银川市-新城区,,,,,False
2002,撤销,3,640204000000,石炭井区,宁夏回族自治区-石嘴山市-石炭井区,,,,,False
2002,同名改码,3,640382000000,灵武市,宁夏回族自治区-吴忠市-灵武市,640181000000,灵武市,宁夏回族自治区-银川市-灵武市,,False
2002,新设,3,,,,350304000000,荔城区,福建省-莆田市-荔城区,,False
2002,新设,3,,,,350305000000,秀屿区,福建省-莆田市-秀屿区,,False
2002,新设,3,,,,410505000000,殷都区,河南省-安阳市-殷都区,,False
2002,新设,3,,,,410506000000,龙安区,河南省-安阳市-龙安区,,False
2002,新设,3,,,,440604000000,禅城区,广东省-佛山市-禅城区,,False
2002,新设,3,,,,451002000000,右江区,广西壮族自治区-百色市-右江区,,False
2002,新设,3,,,,451102000000,八步区,广西壮族自治区-贺州市-八步区,,False
2002,新设,3,,,,451202000000,金城江区,广西壮族自治区-河池市-金城江区,,False
2002,新设,2,,,,451300000000,来宾市,广西壮族自治区-来宾市,,False
2002,新设,3,,,,451302000000,兴宾区,广西壮族自治区-来宾市-兴宾区,,False
2002,新设,2,,,,451400000000,崇左市,广西壮族自治区-崇左市,,False
2002,新设,3,,,,451402000000,江州区,广西壮族自治区-崇左市-江州区,,False
2002,新设,3,,,,460106000000,龙华区,海南省-海口市-龙华区,,False
2002,新设,3,,,,460108000000,美兰区,海南省-海口市-美兰区,,False
2002,新设,3,,,,530702000000,古城区,云南省-丽江市-古城区,,False
2002,新设,3,,,,530721000000,玉龙纳西族自治县,云南省-丽江市-玉龙纳西族自治县,,False
2002,新设,3,,,,620702000000,甘州区,甘肃省-张掖市-甘州区,,False
2002,新设,3,,,,620802000000,崆峒区,甘肃省-平凉市-崆峒区,,False
2002,新设,3,,,,620902000000,肃州区,甘肃省-酒泉市-肃州区,,False
2002,新设,3,,,,621021000000,庆城县,甘肃省-庆阳市-庆城县,,False
2002,新设,3,,,,640105000000,西夏区,宁夏回族自治区-银川市-西夏区,,False
2002,新设,3,,,,640106000000,金凤区,宁夏回族自治区-银川市-金凤区,,False
2002,新设,3,,,,659002000000,阿拉尔市,阿拉尔市,,False
2002,新设,3,,,,659003000000,图木舒克市,图木舒克市,,False
2002,新设,3,,,,659004000000,五家渠市,五家渠市,,False
2003,更名,3,220281000000,蛟河市,吉林省-吉林市-蛟河市,220281000000,桦甸市,吉林省-吉林市-桦甸市,,False
2003,更名,3,220282000000,桦甸市,吉林省-吉林市-桦甸市,220282000000,蛟河市,吉林省-吉林市-蛟河市,,False
2003,更名,3,320902000000,城区,江苏省-盐城市-城区,320902000000,亭湖区,江苏省-盐城市-亭湖区,,False
2003,更名,3,350205000000,杏林区,福建省-厦门市-杏林区,350205000000,海沧区,福建省-厦门市-海沧区,,False
2003,更名,3,361128000000,波阳县,江西省-上饶市-波阳县,361128000000,鄱阳县,江西省-上饶市-鄱阳县,,False
2003,更名,3,410108000000,邙山区,河南省-郑州市-邙山区,410108000000,惠济区,河南省-郑州市-惠济区,,False
2003,更名,3,410703000000,新华区,河南省-新乡市-新华区,410703000000,卫滨区,河南省-新乡市-卫滨区,,False
2003,更名,3,410704000000,北站区,河南省-新乡市-北站区,410704000000,凤泉区,河南省-新乡市-凤泉区,,False
2003,更名,3,410711000000,郊区,河南省-新乡市-郊区,410711000000,牧野区,河南省-新乡市-牧野区,,False
2003,更名,3,440203000000,浈江区,广东省-韶关市-浈江区,440203000000,武江区,广东省-韶关市-武江区,,False
2003,更名,3,440204000000,武江区,广东省-韶关市-武江区,440204000000,浈江区,广东省-韶关市-浈江区,,False
2003,更名,3,450405000000,市郊区,广西壮族自治区-梧州市-市郊区,450405000000,长洲区,广西壮族自治区-梧州市-长洲区,,False
2003,更名,3,510726000000,北川县,四川省-绵阳市-北川县,510726000000,北川羌族自治县,四川省-绵阳市-北川羌族自治县,,False
2003,更名,3,640205000000,石嘴山区,宁夏回族自治区-石嘴山市-石嘴山区,640205000000,惠农区,宁夏回族自治区-石嘴山市-惠农区,,False
2003,撤地设市,2,142300000000,吕梁地区,山西省-吕梁地区,141100000000,吕梁市,山西省-吕梁市,国函〔2003〕112号,False
2003,同名改码,3,142301000000,孝义市,山西省-吕梁地区-孝义市,141181000000,孝义市,山西省-吕梁市-孝义市,,False
2003,撤市设区,3,142302000000,离石市,山西省-吕梁地区-离石市,141102000000,离石区,山西省-吕梁市-离石区,,False
2003,同名改码,3,142303000000,汾阳市,山西省-吕梁地区-汾阳市,141182000000,汾阳市,山西省-吕梁市-汾阳市,,False
2003,同名改码,3,142322000000,文水县,山西省-吕梁地区-文水县,141121000000,文水县,山西省-吕梁市-文水县,,False
2003,同名改码,3,142323000000,交城县,山西省-吕梁地区-交城县,141122000000,交城县,山西省-吕梁市-交城县,,False
2003,同名改码,3,142325000000,兴县,山西省-吕梁地区-兴县,141123000000,兴县,山西省-吕梁市-兴县,,False
2003,同名改码,3,142326000000,临县,山西省-吕梁地区-临县,141124000000,临县,山西省-吕梁市-临县,,False
2003,同名改码,3,142327000000,柳林县,山西省-吕梁地区-柳林县,141125000000,柳林县,山西省-吕梁市-柳林县,,False
2003,同名改码,3,142328000000,石楼县,山西省-吕梁地区-石楼县,141126000000,石楼县,山西省-吕梁市-石楼县,,False
2003,同名改码,3,142329000000,岚县,山西省-吕梁地区-岚县,141127000000,岚县,山西省-吕梁市-岚县,,False
2003,同名改码,3,142330000000,方山县,山西省-吕梁地区-方山县,141128000000,方山县,山西省-吕梁市-方山县,,False
2003,同名改码,3,142332000000,中阳县,山西省-吕梁地区-中阳县,141129000000,中阳县,山西省-吕梁市-中阳县,,False
2003,同名改码,3,142333000000,交口县,山西省-吕梁地区-交口县,141130000000,交口县,山西省-吕梁市-交口县,,False
2003,区划调整,2,152600000000,乌兰察布盟,内蒙古自治区-乌兰察布盟,150900000000,乌兰察布市,内蒙古自治区-乌兰察布市,国函〔2003〕122号,False
2003,撤市设区,3,152601000000,集宁市,内蒙古自治区-乌兰察布盟-集宁市,150902000000,集宁区,内蒙古自治区-乌兰察布市-集宁区,,False
2003,同名改码,3,152602000000,丰镇市,内蒙古自治区-乌兰察布盟-丰镇市,150981000000,丰镇市,内蒙古自治区-乌兰察布市-丰镇市,,False
2003,同名改码,3,152624000000,卓资县,内蒙古自治区-乌兰察布盟-卓资县,150921000000,卓资县,内蒙古自治区-乌兰察布市-卓资县,,False
2003,同名改码,3,152625000000,化德县,内蒙古自治区-乌兰察布盟-化德县,150922000000,化德县,内蒙古自治区-乌兰察布市-化德县,,False
2003,同名改码,3,152626000000,商都县,内蒙古自治区-乌兰察布盟-商都县,150923000000,商都县,内蒙古自治区-乌兰察布市-商都县,,False
2003,同名改码,3,152627000000,兴和县,内蒙古自治区-乌兰察布盟-兴和县,150924000000,兴和县,内蒙古自治区-乌兰察布市-兴和县,,False
2003,同名改码,3,152629000000,凉城县,内蒙古自治区-乌兰察布盟-凉城县,150925000000,凉城县,内蒙古自治区-乌兰察布市-凉城县,,False
2003,同名改码,3,152630000000,察哈尔右翼前旗,内蒙古自治区-乌兰察布盟-察哈尔右翼前旗,150926000000,察哈尔右翼前旗,内蒙古自治区-乌兰察布市-察哈尔右翼前旗,,False
2003,同名改码,3,152631000000,察哈尔右翼中旗,内蒙古自治区-乌兰察布盟-察哈尔右翼中旗,150927000000,察哈尔右翼中旗,内蒙古自治区-乌兰察布市-察哈尔右翼中旗,,False
2003,同名改码,3,152632000000,察哈尔右翼后旗,内蒙古自治区-乌兰察布盟-察哈尔右翼后旗,150928000000,察哈尔右翼后旗,内蒙古自治区-乌兰察布市-察哈尔右翼后旗,,False
2003,同名改码,3,152634000000,四子王旗,内蒙古自治区-乌兰察布盟-四子王旗,150929000000,四子王旗,内蒙古自治区-乌兰察布市-四子王旗,,False
2003,区划调整,2,152800000000,巴彦淖尔盟,内蒙古自治区-巴彦淖尔盟,150800000000,巴彦淖尔市,内蒙古自治区-巴彦淖尔市,国函〔2003〕121号,False
2003,撤市设区,3,152801000000,临河市,内蒙古自治区-巴彦淖尔盟-临河市,150802000000,临河区,内蒙古自治区-巴彦淖尔市-临河区,,False
2003,同名改码,3,152822000000,五原县,内蒙古自治区-巴彦淖尔盟-五原县,150821000000,五原县,内蒙古自治区-巴彦淖尔市-五原县,,False
2003,同名改码,3,152823000000,磴口县,内蒙古自治区-巴彦淖尔盟-磴口县,150822000000,磴口县,内蒙古自治区-巴彦淖尔市-磴口县,,False
2003,同名改码,3,152824000000,乌拉特前旗,内蒙古自治区-巴彦淖尔盟-乌拉特前旗,150823000000,乌拉特前旗,内蒙古自治区-巴彦淖尔市-乌拉特前旗,,False
2003,同名改码,3,152825000000,乌拉特中旗,内蒙古自治区-巴彦淖尔盟-乌拉特中旗,150824000000,乌拉特中旗,内蒙古自治区-巴彦淖尔市-乌拉特中旗,,False
2003,同名改码,3,152826000000,乌拉特后旗,内蒙古自治区-巴彦淖尔盟-乌拉特后旗,150825000000,乌拉特后旗,内蒙古自治区-巴彦淖尔市-乌拉特后旗,,False
2003,同名改码,3,152827000000,杭锦后旗,内蒙古自治区-巴彦淖尔盟-杭锦后旗,150826000000,杭锦后旗,内蒙古自治区-巴彦淖尔市-杭锦后旗,,False
2003,撤县设区,3,320928000000,盐都县,江苏省-盐城市-盐都县,320903000000,盐都区,江苏省-盐城市-盐都区,,False
2003,撤销,3,350202000000,鼓浪屿区,福建省-厦门市-鼓浪屿区,,,,,False
2003,撤销,3,350204000000,开元区,福建省-厦门市-开元区,,,,,False
2003,撤销,3,440506000000,达豪区,广东省-汕头市-达豪区,,,,,False
2003,更名,3,440508000000,金园区,广东省-汕头市-金园区,440511000000,金平区,广东省-汕头市-金平区,,False
2003,撤销,3,440509000000,升平区,广东省-汕头市-升平区,,,,,False
2003,撤销,3,440510000000,河浦区,广东省-汕头市-河浦区,,,,,False
2003,撤市设区,3,440582000000,潮阳市,广东省-汕头市-潮阳市,440513000000,潮阳区,广东省-汕头市-潮阳区,,False
2003,撤市设区,3,440583000000,澄海市,广东省-汕头市-澄海市,440515000000,澄海区,广东省-汕头市-澄海区,,False
2003,撤市设区,3,441381000000,惠阳市,广东省-惠州市-惠阳市,441303000000,惠阳区,广东省-惠州市-惠阳区,,False
2003,同名改码,3,460001000000,五指山市,海南省-五指山市,469001000000,五指山市,海南省-五指山市,,False
2003,同名改码,3,460002000000,琼海市,海南省-琼海市,469002000000,琼海市,海南省-琼海市,,False
2003,同名改码,3,460003000000,儋州市,海南省-儋州市,469003000000,儋州市,海南省-儋州市,,False
2003,同名改码,3,460005000000,文昌市,海南省-文昌市,469005000000,文昌市,海南省-文昌市,,False
2003,同名改码,3,460006000000,万宁市,海南省-万宁市,469006000000,万宁市,海南省-万宁市,,False
2003,同名改码,3,460007000000,东方市,海南省-东方市,469007000000,东方市,海南省-东方市,,False
2003,同名改码,3,460025000000,定安县,海南省-定安县,469021000000,定安县,海南省-定安县,,False
2003,同名改码,3,460026000000,屯昌县,海南省-屯昌县,469022000000,屯昌县,海南省-屯昌县,,False
2003,同名改码,3,460027000000,澄迈县,海南省-澄迈县,469023000000,澄迈县,海南省-澄迈县,,False
2003,同名改码,3,460028000000,临高县,海南省-临高县,469024000000,临高县,海南省-临高县,,False
2003,同名改码,3,460030000000,白沙黎族自治县,海南省-白沙黎族自治县,469025000000,白沙黎族自治县,海南省-白沙黎族自治县,,False
2003,同名改码,3,460031000000,昌江黎族自治县,海南省-昌江黎族自治县,469026000000,昌江黎族自治县,海南省-昌江黎族自治县,,False
2003,同名改码,3,460033000000,乐东黎族自治县,海南省-乐东黎族自治县,469027000000,乐东黎族自治县,海南省-乐东黎族自治县,,False
2003,同名改码,3,460034000000,陵水黎族自治县,海南省-陵水黎族自治县,469028000000,陵水黎族自治县,海南省-陵水黎族自治县,,False
2003,同名改码,3,460035000000,保亭黎族苗族自治县,海南省-保亭黎族苗族自治县,469029000000,保亭黎族苗族自治县,海南省-保亭黎族苗族自治县,,False
2003,同名改码,3,460036000000,琼中黎族苗族自治县,海南省-琼中黎族苗族自治县,469030000000,琼中黎族苗族自治县,海南省-琼中黎族苗族自治县,,False
2003,撤销,3,510902000000,市中区,四川省-遂宁市-市中区,,,,,False
2003,撤地设市,2,532700000000,思茅地区,云南省-思茅地区,530800000000,思茅市,云南省-思茅市,国函〔2003〕113号,False
2003,撤销,3,532701000000,思茅市,云南省-思茅地区-思茅市,,,,,False
2003,同名改码,3,532722000000,普洱哈尼族彝族自治县,云南省-思茅地区-普洱哈尼族彝族自治县,530821000000,普洱哈尼族彝族自治县,云南省-思茅市-普洱哈尼族彝族自治县,,False
2003,同名改码,3,532723000000,墨江哈尼族自治县,云南省-思茅地区-墨江哈尼族自治县,530822000000,墨江哈尼族自治县,云南省-思茅市-墨江哈尼族自治县,,False
2003,同名改码,3,532724000000,景东彝族自治县,云南省-思茅地区-景东彝族自治县,530823000000,景东彝族自治县,云南省-思茅市-景东彝族自治县,,False
2003,同名改码,3,532725000000,景谷傣族彝族自治县,云南省-思茅地区-景谷傣族彝族自治县,530824000000,景谷傣族彝族自治县,云南省-思茅市-景谷傣族彝族自治县,,False
2003,同名改码,3,532726000000,镇沅彝族哈尼族拉祜族自治县,云南省-思茅地区-镇沅彝族哈尼族拉祜族自治县,530825000000,镇沅彝族哈尼族拉祜族自治县,云南省-思茅市-镇沅彝族哈尼族拉祜族自治县,,False
2003,同名改码,3,532727000000,江城哈尼族彝族自治县,云南省-思茅地区-江城哈尼族彝族自治县,530826000000,江城哈尼族彝族自治县,云南省-思茅市-江城哈尼族彝族自治县,,False
2003,同名改码,3,532728000000,孟连傣族拉祜族佤族自治县,云南省-思茅地区-孟连傣族拉祜族佤族自治县,530827000000,孟连傣族拉祜族佤族自治县,云南省-思茅市-孟连傣族拉祜族佤族自治县,,False
2003,同名改码,3,532729000000,澜沧拉祜族自治县,云南省-思茅地区-澜沧拉祜族自治县,530828000000,澜沧拉祜族自治县,云南省-思茅市-澜沧拉祜族自治县,,False
2003,同名改码,3,532730000000,西盟佤族自治县,云南省-思茅地区-西盟佤族自治县,530829000000,西盟佤族自治县,云南省-思茅市-西盟佤族自治县,,False
2003,撤地设市,2,533500000000,临沧地区,云南省-临沧地区,530900000000,临沧市,云南省-临沧市,国函〔2003〕136号,False
2003,撤销,3,533521000000,临沧县,云南省-临沧地区-临沧县,,,,,False
2003,同名改码,3,533522000000,凤庆县,云南省-临沧地区-凤庆县,530921000000,凤庆县,云南省-临沧市-凤庆县,,False
2003,同名改码,3,533523000000,云县,云南省-临沧地区-云县,530922000000,云县,云南省-临沧市-云县,,False
2003,同名改码,3,533524000000,永德县,云南省-临沧地区-永德县,530923000000,永德县,云南省-临沧市-永德县,,False
2003,同名改码,3,533525000000,镇康县,云南省-临沧地区-镇康县,530924000000,镇康县,云南省-临沧市-镇康县,,False
2003,同名改码,3,533526000000,双江拉祜族佤族布朗族傣族自治县,云南省-临沧地区-双江拉祜族佤族布朗族傣族自治县,530925000000,双江拉祜族佤族布朗族傣族自治县,云南省-临沧市-双江拉祜族佤族布朗族傣族自治县,,False
2003,同名改码,3,533527000000,耿马傣族佤族自治县,云南省-临沧地区-耿马傣族佤族自治县,530926000000,耿马傣族佤族自治县,云南省-临沧市-耿马傣族佤族自治县,,False
2003,同名改码,3,533528000000,沧源佤族自治县,云南省-临沧地区-沧源佤族自治县,530927000000,沧源佤族自治县,云南省-临沧市-沧源佤族自治县,,False
2003,撤销,3,610321000000,宝鸡县,陕西省-宝鸡市-宝鸡县,,,,,False
2003,撤地设市,2,622400000000,定西地区,甘肃省-定西地区,621100000000,定西市,甘肃省-定西市,国函〔2003〕46号,False
2003,撤销,3,622421000000,定西县,甘肃省-定西地区-定西县,,,,,False
2003,同名改码,3,622424000000,通渭县,甘肃省-定西地区-通渭县,621121000000,通渭县,甘肃省-定西市-通渭县,,False
2003,同名改码,3,622425000000,陇西县,甘肃省-定西地区-陇西县,621122000000,陇西县,甘肃省-定西市-陇西县,,False
2003,同名改码,3,622426000000,渭源县,甘肃省-定西地区-渭源县,621123000000,渭源县,甘肃省-定西市-渭源县,,False
2003,同名改码,3,622427000000,临洮县,甘肃省-定西地区-临洮县,621124000000,临洮县,甘肃省-定西市-临洮县,,False
2003,同名改码,3,622428000000,漳县,甘肃省-定西地区-漳县,621125000000,漳县,甘肃省-定西市-漳县,,False
2003,同名改码,3,622429000000,岷县,甘肃省-定西地区-岷县,621126000000,岷县,甘肃省-定西市-岷县,,False
2003,撤销,3,640222000000,陶乐县,宁夏回族自治区-石嘴山市-陶乐县,,,,,False
2003,撤销,3,640223000000,惠农县,宁夏回族自治区-石嘴山市-惠农县,,,,,False
2003,撤销,3,640321000000,中卫县,宁夏回族自治区-吴忠市-中卫县,,,,,False
2003,同名改码,3,640322000000,中宁县,宁夏回族自治区-吴忠市-中宁县,640521000000,中宁县,宁夏回族自治区-中卫市-中宁县,,False
2003,同名改码,3,640421000000,海原县,宁夏回族自治区-固原市-海原县,640522000000,海原县,宁夏回族自治区-中卫市-海原县,,False
2003,新设,3,,,,330502000000,吴兴区,浙江省-湖州市-吴兴区,,False
2003,新设,3,,,,330503000000,南浔区,浙江省-湖州市-南浔区,,False
2003,新设,3,,,,350213000000,翔安区,福建省-厦门市-翔安区,,False
2003,新设,3,,,,440512000000,濠江区,广东省-汕头市-濠江区,,False
2003,新设,3,,,,440514000000,潮南区,广东省-汕头市-潮南区,,False
2003,新设,3,,,,450804000000,覃塘区,广西壮族自治区-贵港市-覃塘区,,False
2003,新设,3,,,,510903000000,船山区,四川省-遂宁市-船山区,,False
2003,新设,3,,,,510904000000,安居区,四川省-遂宁市-安居区,,False
2003,新设,3,,,,520303000000,汇川区,贵州省-遵义市-汇川区,,False
2003,新设,3,,,,530802000000,翠云区,云南省-思茅市-翠云区,,False
2003,新设,3,,,,530902000000,临翔区,云南省-临沧市-临翔区,,False
2003,新设,3,,,,610304000000,陈仓区,陕西省-宝鸡市-陈仓区,,False
2003,新设,3,,,,621102000000,安定区,甘肃省-定西市-安定区,,False
2003,新设,2,,,,640500000000,中卫市,宁夏回族自治区-中卫市,,False
2003,新设,3,,,,640502000000,沙坡头区,宁夏回族自治区-中卫市-沙坡头区,,False
2004,更名,3,220281000000,桦甸市,吉林省-吉林市-桦甸市,220281000000,蛟河市,吉林省-吉林市-蛟河市,,False
2004,更名,3,220282000000,蛟河市,吉林省-吉林市-蛟河市,220282000000,桦甸市,吉林省-吉林市-桦甸市,,False
2004,更名,3,340302000000,东市区,安徽省-蚌埠市-东市区,340302000000,龙子湖区,安徽省-蚌埠市-龙子湖区,,False
2004,更名,3,340303000000,中市区,安徽省-蚌埠市-中市区,340303000000,蚌山区,安徽省-蚌埠市-蚌山区,,False
2004,更名,3,340304000000,西市区,安徽省-蚌埠市-西市区,340304000000,禹会区,安徽省-蚌埠市-禹会区,,False
2004,更名,3,340311000000,郊区,安徽省-蚌埠市-郊区,340311000000,淮上区,安徽省-蚌埠市-淮上区,,False
2004,更名,3,450103000000,新城区,广西壮族自治区-南宁市-新城区,450103000000,青秀区,广西壮族自治区-南宁市-青秀区,,False
2004,更名,3,620502000000,秦城区,甘肃省-天水市-秦城区,620502000000,秦州区,甘肃省-天水市-秦州区,,False
2004,更名,3,620503000000,北道区,甘肃省-天水市-北道区,620503000000,麦积区,甘肃省-天水市-麦积区,,False
2004,撤销,3,230105000000,太平区,黑龙江省-哈尔滨市-太平区,,,,,False
2004,同名改码,3,230106000000,香坊区,黑龙江省-哈尔滨市-香坊区,230110000000,香坊区,黑龙江省-哈尔滨市-香坊区,,False
2004,撤县设区,3,230121000000,呼兰县,黑龙江省-哈尔滨市-呼兰县,230111000000,呼兰区,黑龙江省-哈尔滨市-呼兰区,,False
2004,撤县设区,3,321321000000,宿豫县,江苏省-宿迁市-宿豫县,321311000000,宿豫区,江苏省-宿迁市-宿豫区,国函〔2004〕6号,False
2004,撤县设区,3,411123000000,郾城县,河南省-漯河市-郾城县,411103000000,郾城区,河南省-漯河市-郾城区,国函〔2004〕69号,False
2004,撤销,3,440202000000,北江区,广东省-韶关市-北江区,,,,,False
2004,撤县设区,3,440221000000,曲江县,广东省-韶关市-曲江县,440205000000,曲江区,广东省-韶关市-曲江区,,False
2004,撤销,3,450104000000,城北区,广西壮族自治区-南宁市-城北区,,,,,False
2004,撤销,3,450106000000,永新区,广西壮族自治区-南宁市-永新区,,,,,False
2004,撤县设区,3,450121000000,邕宁县,广西壮族自治区-南宁市-邕宁县,450109000000,邕宁区,广西壮族自治区-南宁市-邕宁区,,False
2004,撤地设市,2,622600000000,陇南地区,甘肃省-陇南地区,621200000000,陇南市,甘肃省-陇南市,国函〔2004〕1号,False
2004,撤县设区,3,622621000000,武都县,甘肃省-陇南地区-武都县,621202000000,武都区,甘肃省-陇南市-武都区,,False
2004,同名改码,3,622623000000,宕昌县,甘肃省-陇南地区-宕昌县,621223000000,宕昌县,甘肃省-陇南市-宕昌县,,False
2004,同名改码,3,622624000000,成县,甘肃省-陇南地区-成县,621221000000,成县,甘肃省-陇南市-成县,,False
2004,同名改码,3,622625000000,康县,甘肃省-陇南地区-康县,621224000000,康县,甘肃省-陇南市-康县,,False
2004,同名改码,3,622626000000,文县,甘肃省-陇南地区-文县,621222000000,文县,甘肃省-陇南市-文县,,False
2004,同名改码,3,622627000000,西和县,甘肃省-陇南地区-西和县,621225000000,西和县,甘肃省-陇南市-西和县,,False
2004,同名改码,3,622628000000,礼县,甘肃省-陇南地区-礼县,621226000000,礼县,甘肃省-陇南市-礼县,,False
2004,同名改码,3,622629000000,两当县,甘肃省-陇南地区-两当县,621228000000,两当县,甘肃省-陇南市-两当县,,False
2004,同名改码,3,622630000000,徽县,甘肃省-陇南地区-徽县,621227000000,徽县,甘肃省-陇南市-徽县,,False
2004,新设,3,,,,230109000000,松北区,黑龙江省-哈尔滨市-松北区,,False
2004,新设,3,,,,371103000000,岚山区,山东省-日照市-岚山区,,False
2004,新设,3,,,,411104000000,召陵区,河南省-漯河市-召陵区,,False
2004,新设,3,,,,450107000000,西乡塘区,广西壮族自治区-南宁市-西乡塘区,,False
2004,新设,3,,,,450108000000,良庆区,广西壮族自治区-南宁市-良庆区,,False
2005,更名,3,330402000000,秀城区,浙江省-嘉兴市-秀城区,330402000000,南湖区,浙江省-嘉兴市-南湖区,,False
2005,更名,3,340203000000,马塘区,安徽省-芜湖市-马塘区,340203000000,弋江区,安徽省-芜湖市-弋江区,,False
2005,更名,3,340811000000,郊区,安徽省-安庆市-郊区,340811000000,宜秀区,安徽省-安庆市-宜秀区,,False
2005,更名,3,410205000000,南关区,河南省-开封市-南关区,410205000000,禹王台区,河南省-开封市-禹王台区,,False
2005,更名,3,410211000000,郊区,河南省-开封市-郊区,410211000000,金明区,河南省-开封市-金明区,,False
2005,更名,3,431102000000,芝山区,湖南省-永州市-芝山区,431102000000,零陵区,湖南省-永州市-零陵区,,False
2005,更名,3,610626000000,吴旗县,陕西省-延安市-吴旗县,610626000000,吴起县,陕西省-延安市-吴起县,,False
2005,撤销,3,340204000000,新芜区,安徽省-芜湖市-新芜区,,,,,False
2005,同名改码,3,340205000000,鸠江区,安徽省-芜湖市-鸠江区,340207000000,鸠江区,安徽省-芜湖市-鸠江区,,False
2005,撤销,3,440102000000,东山区,广东省-广州市-东山区,,,,,False
2005,撤销,3,440107000000,芳村区,广东省-广州市-芳村区,,,,,False
2005,新设,3,,,,340208000000,三山区,安徽省-芜湖市-三山区,,False
2005,新设,3,,,,440115000000,南沙区,广东省-广州市-南沙区,,False
2005,新设,3,,,,440116000000,萝岗区,广东省-广州市-萝岗区,,False
2006,更名,3,210113000000,新城子区,辽宁省-沈阳市-新城子区,210113000000,沈北新区,辽宁省-沈阳市-沈北新区,,False
2006,更名,3,210782000000,北宁市,辽宁省-锦州市-北宁市,210782000000,北镇市,辽宁省-锦州市-北镇市,,False
2006,撤县设区,3,220625000000,江源县,吉林省-白山市-江源县,220605000000,江源区,吉林省-白山市-江源区,国函〔2006〕44号,False
2006,撤销,3,230107000000,动力区,黑龙江省-哈尔滨市-动力区,,,,,False
2006,撤市设区,3,230181000000,阿城市,黑龙江省-哈尔滨市-阿城市,230112000000,阿城区,黑龙江省-哈尔滨市-阿城区,,False
2006,撤销,3,230802000000,永红区,黑龙江省-佳木斯市-永红区,,,,,False
2006,撤市设区,3,500381000000,江津市,江津市,500116000000,江津区,江津区,国函〔2006〕110号,False
2006,撤市设区,3,500382000000,合川市,合川市,500117000000,合川区,合川区,国函〔2006〕110号,False
2006,撤市设区,3,500383000000,永川市,永川市,500118000000,永川区,永川区,国函〔2006〕110号,False
2006,撤市设区,3,500384000000,南川市,南川市,500119000000,南川区,南川区,国函〔2006〕110号,False
2006,撤销,3,620925000000,安西县,甘肃省-酒泉市-安西县,,,,,False
2006,新设,3,,,,620922000000,瓜州县,甘肃省-酒泉市-瓜州县,,False
2007,更名,3,150206000000,白云矿区,内蒙古自治区-包头市-白云矿区,150206000000,白云鄂博矿区,内蒙古自治区-包头市-白云鄂博矿区,,False
2007,更名,3,510802000000,市中区,四川省-广元市-市中区,510802000000,利州区,四川省-广元市-利州区,,False
2007,更名,2,530800000000,思茅市,云南省-思茅市,530800000000,普洱市,云南省-普洱市,,False
2007,更名,3,530802000000,翠云区,云南省-思茅市-翠云区,530802000000,思茅区,云南省-普洱市-思茅区,,False
2007,更名,3,530821000000,普洱哈尼族彝族自治县,云南省-思茅市-普洱哈尼族彝族自治县,530821000000,宁洱哈尼族彝族自治县,云南省-普洱市-宁洱哈尼族彝族自治县,,False
2007,撤销,3,650108000000,东山区,新疆维吾尔自治区-乌鲁木齐市-东山区,,,,,False
2007,撤销,3,652303000000,米泉市,新疆维吾尔自治区-昌吉回族自治州-米泉市,,,,,False
2007,新设,3,,,,650109000000,米东区,新疆维吾尔自治区-乌鲁木齐市-米东区,,False
2009,撤销,3,120107000000,塘沽区,塘沽区,,,,国函〔2009〕125号,False
2009,撤销,3,120108000000,汉沽区,汉沽区,,,,国函〔2009〕125号,False
2009,撤销,3,120109000000,大港区,大港区,,,,国函〔2009〕125号,False
2009,撤销,3,310119000000,南汇区,南汇区,,,,国函〔2009〕52号,False
2009,撤市设区,3,320683000000,通州市,江苏省-南通市-通州市,320612000000,通州区,江苏省-南通市-通州区,国函〔2009〕34号,False
2009,新设,3,,,,120116000000,滨海新区,滨海新区,国函〔2009〕125号,False
2009,新设,3,,,,421321000000,随县,湖北省-随州市-随县,国函〔2009〕35号,False
2009,新设,3,,,,640303000000,红寺堡区,宁夏回族自治区-吴忠市-红寺堡区,国函〔2009〕122号,False
2010,更名,3,220602000000,八道江区,吉林省-白山市-八道江区,220602000000,浑江区,吉林省-白山市-浑江区,,False
2010,更名,2,420600000000,襄樊市,湖北省-襄樊市,420600000000,襄阳市,湖北省-襄阳市,,False
2010,更名,3,420607000000,襄阳区,湖北省-襄樊市-襄阳区,420607000000,襄州区,湖北省-襄阳市-襄州区,,False
2010,更名,3,533103000000,潞西市,云南省-德宏傣族景颇族自治州-潞西市,533103000000,芒市,云南省-德宏傣族景颇族自治州-芒市,,False
2010,撤销,3,110103000000,崇文区,崇文区,,,,,False
2010,撤销,3,110104000000,宣武区,宣武区,,,,,False
2010,撤销,3,320304000000,九里区,江苏省-徐州市-九里区,,,,,False
2010,撤县设区,3,320323000000,铜山县,江苏省-徐州市-铜山县,320312000000,铜山区,江苏省-徐州市-铜山区,,False
2010,撤县设市,3,532522000000,蒙自县,云南省-红河哈尼族彝族自治州-蒙自县,532503000000,蒙自市,云南省-红河哈尼族彝族自治州-蒙自市,,False
2010,撤县设市,3,532621000000,文山县,云南省-文山壮族苗族自治州-文山县,532601000000,文山市,云南省-文山壮族苗族自治州-文山市,,False
2010,新设,3,,,,360482000000,共青城市,江西省-九江市-共青城市,,False
2011,更名,3,320803000000,楚州区,江苏省-淮安市-楚州区,320803000000,淮安区,江苏省-淮安市-淮安区,,False
2011,更名,3,500110000000,万盛区,万盛区,500110000000,綦江区,綦江区,,False
2011,更名,3,500111000000,双桥区,双桥区,500111000000,大足区,大足区,,False
2011,撤销,3,310103000000,卢湾区,卢湾区,,,,,False
2011,撤销,3,321011000000,维扬区,江苏省-扬州市-维扬区,,,,,False
2011,撤市设区,3,321088000000,江都市,江苏省-扬州市-江都市,321012000000,江都区,江苏省-扬州市-江都区,,False
2011,撤销,2,341400000000,巢湖市,安徽省-巢湖市,,,,,False
2011,撤销,3,341402000000,居巢区,安徽省-巢湖市-居巢区,,,,,False
2011,同名改码,3,341421000000,庐江县,安徽省-巢湖市-庐江县,340124000000,庐江县,安徽省-合肥市-庐江县,,False
2011,同名改码,3,341422000000,无为县,安徽省-巢湖市-无为县,340225000000,无为县,安徽省-芜湖市-无为县,,False
2011,同名改码,3,341423000000,含山县,安徽省-巢湖市-含山县,340522000000,含山县,安徽省-马鞍山市-含山县,,False
2011,同名改码,3,341424000000,和县,安徽省-巢湖市-和县,340523000000,和县,安徽省-马鞍山市-和县,,False
2011,撤县设区,3,430122000000,望城县,湖南省-长沙市-望城县,430112000000,望城区,湖南省-长沙市-望城区,,False
2011,撤销,3,500222000000,綦江县,綦江县,,,,,False
2011,撤销,3,500225000000,大足县,大足县,,,,,False
2011,撤县设区,3,511522000000,南溪县,四川省-宜宾市-南溪县,511503000000,南溪区,四川省-宜宾市-南溪区,,False
2011,撤地设市,2,522200000000,铜仁地区,贵州省-铜仁地区,520600000000,铜仁市,贵州省-铜仁市,,False
2011,撤销,3,522201000000,铜仁市,贵州省-铜仁地区-铜仁市,,,,,False
2011,同名改码,3,522222000000,江口县,贵州省-铜仁地区-江口县,520621000000,江口县,贵州省-铜仁市-江口县,,False
2011,同名改码,3,522223000000,玉屏侗族自治县,贵州省-铜仁地区-玉屏侗族自治县,520622000000,玉屏侗族自治县,贵州省-铜仁市-玉屏侗族自治县,,False
2011,同名改码,3,522224000000,石阡县,贵州省-铜仁地区-石阡县,520623000000,石阡县,贵州省-铜仁市-石阡县,,False
2011,同名改码,3,522225000000,思南县,贵州省-铜仁地区-思南县,520624000000,思南县,贵州省-铜仁市-思南县,,False
2011,同名改码,3,522226000000,印江土家族苗族自治县,贵州省-铜仁地区-印江土家族苗族自治县,520625000000,印江土家族苗族自治县,贵州省-铜仁市-印江土家族苗族自治县,,False
2011,同名改码,3,522227000000,德江县,贵州省-铜仁地区-德江县,520626000000,德江县,贵州省-铜仁市-德江县,,False
2011,同名改码,3,522228000000,沿河土家族自治县,贵州省-铜仁地区-沿河土家族自治县,520627000000,沿河土家族自治县,贵州省-铜仁市-沿河土家族自治县,,False
2011,同名改码,3,522229000000,松桃苗族自治县,贵州省-铜仁地区-松桃苗族自治县,520628000000,松桃苗族自治县,贵州省-铜仁市-松桃苗族自治县,,False
2011,更名,3,522230000000,万山特区,贵州省-铜仁地区-万山特区,520603000000,万山区,贵州省-铜仁市-万山区,,False
2011,撤地设市,2,522400000000,毕节地区,贵州省-毕节地区,520500000000,毕节市,贵州省-毕节市,,False
2011,撤销,3,522401000000,毕节市,贵州省-毕节地区-毕节市,,,,,False
2011,同名改码,3,522422000000,大方县,贵州省-毕节地区-大方县,520521000000,大方县,贵州省-毕节市-大方县,,False
2011,同名改码,3,522423000000,黔西县,贵州省-毕节地区-黔西县,520522000000,黔西县,贵州省-毕节市-黔西县,,False
2011,同名改码,3,522424000000,金沙县,贵州省-毕节地区-金沙县,520523000000,金沙县,贵州省-毕节市-金沙县,,False
2011,同名改码,3,522425000000,织金县,贵州省-毕节地区-织金县,520524000000,织金县,贵州省-毕节市-织金县,,False
2011,同名改码,3,522426000000,纳雍县,贵州省-毕节地区-纳雍县,520525000000,纳雍县,贵州省-毕节市-纳雍县,,False
2011,同名改码,3,522427000000,威宁彝族回族苗族自治县,贵州省-毕节地区-威宁彝族回族苗族自治县,520526000000,威宁彝族回族苗族自治县,贵州省-毕节市-威宁彝族回族苗族自治县,,False
2011,同名改码,3,522428000000,赫章县,贵州省-毕节地区-赫章县,520527000000,赫章县,贵州省-毕节市-赫章县,,False
2011,撤县设区,3,530121000000,呈贡县,云南省-昆明市-呈贡县,530114000000,呈贡区,云南省-昆明市-呈贡区,,False
2011,新设,3,,,,340181000000,巢湖市,安徽省-合肥市-巢湖市,,False
2011,新设,3,,,,520502000000,七星关区,贵州省-毕节市-七星关区,,False
2011,新设,3,,,,520602000000,碧江区,贵州省-铜仁市-碧江区,,False
2011,新设,3,,,,659005000000,北屯市,北屯市,,False
2012,撤销,3,130230000000,唐海县,河北省-唐山市-唐海县,,,,,False
2012,撤销,3,320502000000,沧浪区,江苏省-苏州市-沧浪区,,,,,False
2012,撤销,3,320503000000,平江区,江苏省-苏州市-平江区,,,,,False
2012,撤销,3,320504000000,金阊区,江苏省-苏州市-金阊区,,,,,False
2012,撤市设区,3,320584000000,吴江市,江苏省-苏州市-吴江市,320509000000,吴江区,江苏省-苏州市-吴江区,,False
2012,撤市设区,3,321284000000,姜堰市,江苏省-泰州市-姜堰市,321204000000,姜堰区,江苏省-泰州市-姜堰区,,False
2012,撤销,3,340502000000,金家庄区,安徽省-马鞍山市-金家庄区,,,,,False
2012,撤销,3,370205000000,四方区,山东省-青岛市-四方区,,,,,False
2012,撤销,3,370284000000,胶南市,山东省-青岛市-胶南市,,,,,False
2012,撤县设区,3,441827000000,清新县,广东省-清远市-清新县,441803000000,清新区,广东省-清远市-清新区,,False
2012,撤县设区,3,445221000000,揭东县,广东省-揭阳市-揭东县,445203000000,揭东区,广东省-揭阳市-揭东区,,False
2012,撤县设区,3,511821000000,名山县,四川省-雅安市-名山县,511803000000,名山区,四川省-雅安市-名山区,,False
2012,撤销,3,520114000000,小河区,贵州省-贵阳市-小河区,,,,,False
2012,新设,3,,,,130209000000,曹妃甸区,河北省-唐山市-曹妃甸区,,False
2012,新设,3,,,,320508000000,姑苏区,江苏省-苏州市-姑苏区,,False
2012,新设,3,,,,340506000000,博望区,安徽省-马鞍山市-博望区,,False
2012,新设,2,,,,460300000000,三沙市,海南省-三沙市,,False
2012,新设,3,,,,520115000000,观山湖区,贵州省-贵阳市-观山湖区,,False
2012,新设,3,,,,542431000000,双湖县,西藏自治区-那曲地区-双湖县,,False
2012,新设,3,,,,652702000000,阿拉山口市,新疆维吾尔自治区-博尔塔拉蒙古自治州-阿拉山口市,,False
2012,新设,3,,,,659006000000,铁门关市,铁门关市,,False
2013,更名,3,510811000000,元坝区,四川省-广元市-元坝区,510811000000,昭化区,四川省-广元市-昭化区,,False
2013,撤县设市,3,220724000000,扶余县,吉林省-松原市-扶余县,220781000000,扶余市,吉林省-松原市-扶余市,,False
2013,撤销,3,320103000000,白下区,江苏省-南京市-白下区,,,,,False
2013,撤销,3,320107000000,下关区,江苏省-南京市-下关区,,,,,False
2013,撤县设区,3,320124000000,溧水县,江苏省-南京市-溧水县,320117000000,溧水区,江苏省-南京市-溧水区,,False
2013,撤县设区,3,320125000000,高淳县,江苏省-南京市-高淳县,320118000000,高淳区,江苏省-南京市-高淳区,,False
2013,撤销,3,330621000000,绍兴县,浙江省-绍兴市-绍兴县,,,,,False
2013,撤市设区,3,330682000000,上虞市,浙江省-绍兴市-上虞市,330604000000,上虞区,浙江省-绍兴市-上虞区,,False
2013,撤市设区,3,360782000000,南康市,江西省-赣州市-南康市,360703000000,南康区,江西省-赣州市-南康区,,False
2013,撤销,3,370802000000,市中区,山东省-济宁市-市中区,,,,,False
2013,撤市设区,3,370882000000,兖州市,山东省-济宁市-兖州市,370812000000,兖州区,山东省-济宁市-兖州区,,False
2013,撤县设区,3,441421000000,梅县,广东省-梅州市-梅县,441403000000,梅县区,广东省-梅州市-梅县区,,False
2013,撤县设区,3,445121000000,潮安县,广东省-潮州市-潮安县,445103000000,潮安区,广东省-潮州市-潮安区,,False
2013,撤县设区,3,450322000000,临桂县,广西壮族自治区-桂林市-临桂县,450312000000,临桂区,广西壮族自治区-桂林市-临桂区,,False
2013,撤销,3,450404000000,蝶山区,广西壮族自治区-梧州市-蝶山区,,,,,False
2013,撤县设区,3,511721000000,达县,四川省-达州市-达县,511703000000,达川区,四川省-达州市-达川区,,False
2013,撤县设市,3,532526000000,弥勒县,云南省-红河哈尼族彝族自治州-弥勒县,532504000000,弥勒市,云南省-红河哈尼族彝族自治州-弥勒市,,False
2013,撤地设市,2,632100000000,海东地区,青海省-海东地区,630200000000,海东市,青海省-海东市,,False
2013,同名改码,3,632121000000,平安县,青海省-海东地区-平安县,630221000000,平安县,青海省-海东市-平安县,,False
2013,同名改码,3,632122000000,民和回族土族自治县,青海省-海东地区-民和回族土族自治县,630222000000,民和回族土族自治县,青海省-海东市-民和回族土族自治县,,False
2013,撤县设区,3,632123000000,乐都县,青海省-海东地区-乐都县,630202000000,乐都区,青海省-海东市-乐都区,,False
2013,同名改码,3,632126000000,互助土族自治县,青海省-海东地区-互助土族自治县,630223000000,互助土族自治县,青海省-海东市-互助土族自治县,,False
2013,同名改码,3,632127000000,化隆回族自治县,青海省-海东地区-化隆回族自治县,630224000000,化隆回族自治县,青海省-海东市-化隆回族自治县,,False
2013,同名改码,3,632128000000,循化撒拉族自治县,青海省-海东地区-循化撒拉族自治县,630225000000,循化撒拉族自治县,青海省-海东市-循化撒拉族自治县,,False
2013,撤县设市,3,632721000000,玉树县,青海省-玉树藏族自治州-玉树县,632701000000,玉树市,青海省-玉树藏族自治州-玉树市,,False
2013,新设,3,,,,150703000000,扎赉诺尔区,内蒙古自治区-呼伦贝尔市-扎赉诺尔区,,False
2013,新设,3,,,,330603000000,柯桥区,浙江省-绍兴市-柯桥区,,False
2013,新设,3,,,,450406000000,龙圩区,广西壮族自治区-梧州市-龙圩区,,False
2013,新设,3,,,,450903000000,福绵区,广西壮族自治区-玉林市-福绵区,,False
2013,新设,3,,,,511603000000,前锋区,四川省-广安市-前锋区,,False
2013,新设,3,,,,511903000000,恩阳区,四川省-巴中市-恩阳区,,False
2013,新设,1,,,,710000000000,台湾省,台湾省,,False
2013,新设,1,,,,810000000000,香港特别行政区,香港特别行政区,,False
2013,新设,1,,,,820000000000,澳门特别行政区,澳门特别行政区,,False
2014,更名,3,371324000000,苍山县,山东省-临沂市-苍山县,371324000000,兰陵县,山东省-临沂市-兰陵县,,False
2014,撤销,3,130103000000,桥东区,河北省-石家庄市-桥东区,,,,,False
2014,撤县设区,3,130124000000,栾城县,河北省-石家庄市-栾城县,130111000000,栾城区,河北省-石家庄市-栾城区,,False
2014,撤市设区,3,130182000000,藁城市,河北省-石家庄市-藁城市,130109000000,藁城区,河北省-石家庄市-藁城区,,False
2014,撤市设区,3,130185000000,鹿泉市,河北省-石家庄市-鹿泉市,130110000000,鹿泉区,河北省-石家庄市-鹿泉区,,False
2014,撤市设区,3,220181000000,九台市,吉林省-长春市-九台市,220113000000,九台区,吉林省-长春市-九台区,,False
2014,撤市设区,3,230182000000,双城市,黑龙江省-哈尔滨市-双城市,230113000000,双城区,黑龙江省-哈尔滨市-双城区,,False
2014,撤销,3,320705000000,新浦区,江苏省-连云港市-新浦区,,,,,False
2014,撤县设区,3,320721000000,赣榆县,江苏省-连云港市-赣榆县,320707000000,赣榆区,江苏省-连云港市-赣榆区,,False
2014,撤市设区,3,330183000000,富阳市,浙江省-杭州市-富阳市,330111000000,富阳区,浙江省-杭州市-富阳区,,False
2014,撤市设区,3,350784000000,建阳市,福建省-南平市-建阳市,350703000000,建阳区,福建省-南平市-建阳区,,False
2014,撤县设区,3,350822000000,永定县,福建省-龙岩市-永定县,350803000000,永定区,福建省-龙岩市-永定区,,False
2014,撤市设区,3,371081000000,文登市,山东省-威海市-文登市,371003000000,文登区,山东省-威海市-文登区,,False
2014,撤县设区,3,371421000000,陵县,山东省-德州市-陵县,371403000000,陵城区,山东省-德州市-陵城区,,False
2014,撤县设区,3,371624000000,沾化县,山东省-滨州市-沾化县,371603000000,沾化区,山东省-滨州市-沾化区,,False
2014,撤销,3,410211000000,金明区,河南省-开封市-金明区,,,,,False
2014,撤销,3,410224000000,开封县,河南省-开封市-开封县,,,,,False
2014,撤县设区,3,420321000000,郧县,湖北省-十堰市-郧县,420304000000,郧阳区,湖北省-十堰市-郧阳区,,False
2014,撤销,3,440116000000,萝岗区,广东省-广州市-萝岗区,,,,,False
2014,撤市设区,3,440183000000,增城市,广东省-广州市-增城市,440118000000,增城区,广东省-广州市-增城区,,False
2014,撤市设区,3,440184000000,从化市,广东省-广州市-从化市,440117000000,从化区,广东省-广州市-从化区,,False
2014,撤销,3,440903000000,茂港区,广东省-茂名市-茂港区,,,,,False
2014,撤县设区,3,440923000000,电白县,广东省-茂名市-电白县,440904000000,电白区,广东省-茂名市-电白区,,False
2014,撤县设区,3,441723000000,阳东县,广东省-阳江市-阳东县,441704000000,阳东区,广东省-阳江市-阳东区,,False
2014,撤县设区,3,445323000000,云安县,广东省-云浮市-云安县,445303000000,云安区,广东省-云浮市-云安区,,False
2014,撤县设区,3,500224000000,铜梁县,铜梁县,500151000000,铜梁区,铜梁区,,False
2014,撤县设区,3,500227000000,璧山县,璧山县,500120000000,璧山区,璧山区,,False
2014,撤县设区,3,511422000000,彭山县,四川省-眉山市-彭山县,511403000000,彭山区,四川省-眉山市-彭山区,,False
2014,撤县设区,3,520421000000,平坝县,贵州省-安顺市-平坝县,520403000000,平坝区,贵州省-安顺市-平坝区,,False
2014,撤县设市,3,533421000000,香格里拉县,云南省-迪庆藏族自治州-香格里拉县,533401000000,香格里拉市,云南省-迪庆藏族自治州-香格里拉市,,False
2014,撤地设市,2,542100000000,昌都地区,西藏自治区-昌都地区,540300000000,昌都市,西藏自治区-昌都市,,False
2014,撤销,3,542121000000,昌都县,西藏自治区-昌都地区-昌都县,,,,,False
2014,同名改码,3,542122000000,江达县,西藏自治区-昌都地区-江达县,540321000000,江达县,西藏自治区-昌都市-江达县,,False
2014,同名改码,3,542123000000,贡觉县,西藏自治区-昌都地区-贡觉县,540322000000,贡觉县,西藏自治区-昌都市-贡觉县,,False
2014,同名改码,3,542124000000,类乌齐县,西藏自治区-昌都地区-类乌齐县,540323000000,类乌齐县,西藏自治区-昌都市-类乌齐县,,False
2014,同名改码,3,542125000000,丁青县,西藏自治区-昌都地区-丁青县,540324000000,丁青县,西藏自治区-昌都市-丁青县,,False
2014,同名改码,3,542126000000,察雅县,西藏自治区-昌都地区-察雅县,540325000000,察雅县,西藏自治区-昌都市-察雅县,,False
2014,同名改码,3,542127000000,八宿县,西藏自治区-昌都地区-八宿县,540326000000,八宿县,西藏自治区-昌都市-八宿县,,False
2014,同名改码,3,542128000000,左贡县,西藏自治区-昌都地区-左贡县,540327000000,左贡县,西藏自治区-昌都市-左贡县,,False
2014,同名改码,3,542129000000,芒康县,西藏自治区-昌都地区-芒康县,540328000000,芒康县,西藏自治区-昌都市-芒康县,,False
2014,同名改码,3,542132000000,洛隆县,西藏自治区-昌都地区-洛隆县,540329000000,洛隆县,西藏自治区-昌都市-洛隆县,,False
2014,同名改码,3,542133000000,边坝县,西藏自治区-昌都地区-边坝县,540330000000,边坝县,西藏自治区-昌都市-边坝县,,False
2014,撤地设市,2,542300000000,日喀则地区,西藏自治区-日喀则地区,540200000000,日喀则市,西藏自治区-日喀则市,,False
2014,撤销,3,542301000000,日喀则市,西藏自治区-日喀则地区-日喀则市,,,,,False
2014,同名改码,3,542322000000,南木林县,西藏自治区-日喀则地区-南木林县,540221000000,南木林县,西藏自治区-日喀则市-南木林县,,False
2014,同名改码,3,542323000000,江孜县,西藏自治区-日喀则地区-江孜县,540222000000,江孜县,西藏自治区-日喀则市-江孜县,,False
2014,同名改码,3,542324000000,定日县,西藏自治区-日喀则地区-定日县,540223000000,定日县,西藏自治区-日喀则市-定日县,,False
2014,同名改码,3,542325000000,萨迦县,西藏自治区-日喀则地区-萨迦县,540224000000,萨迦县,西藏自治区-日喀则市-萨迦县,,False
2014,同名改码,3,542326000000,拉孜县,西藏自治区-日喀则地区-拉孜县,540225000000,拉孜县,西藏自治区-日喀则市-拉孜县,,False
2014,同名改码,3,542327000000,昂仁县,西藏自治区-日喀则地区-昂仁县,540226000000,昂仁县,西藏自治区-日喀则市-昂仁县,,False
2014,同名改码,3,542328000000,谢通门县,西藏自治区-日喀则地区-谢通门县,540227000000,谢通门县,西藏自治区-日喀则市-谢通门县,,False
2014,同名改码,3,542329000000,白朗县,西藏自治区-日喀则地区-白朗县,540228000000,白朗县,西藏自治区-日喀则市-白朗县,,False
2014,同名改码,3,542330000000,仁布县,西藏自治区-日喀则地区-仁布县,540229000000,仁布县,西藏自治区-日喀则市-仁布县,,False
2014,同名改码,3,542331000000,康马县,西藏自治区-日喀则地区-康马县,540230000000,康马县,西藏自治区-日喀则市-康马县,,False
2014,同名改码,3,542332000000,定结县,西藏自治区-日喀则地区-定结县,540231000000,定结县,西藏自治区-日喀则市-定结县,,False
2014,同名改码,3,542333000000,仲巴县,西藏自治区-日喀则地区-仲巴县,540232000000,仲巴县,西藏自治区-日喀则市-仲巴县,,False
2014,同名改码,3,542334000000,亚东县,西藏自治区-日喀则地区-亚东县,540233000000,亚东县,西藏自治区-日喀则市-亚东县,,False
2014,同名改码,3,542335000000,吉隆县,西藏自治区-日喀则地区-吉隆县,540234000000,吉隆县,西藏自治区-日喀则市-吉隆县,,False
2014,同名改码,3,542336000000,聂拉木县,西藏自治区-日喀则地区-聂拉木县,540235000000,聂拉木县,西藏自治区-日喀则市-聂拉木县,,False
2014,同名改码,3,542337000000,萨嘎县,西藏自治区-日喀则地区-萨嘎县,540236000000,萨嘎县,西藏自治区-日喀则市-萨嘎县,,False
2014,同名改码,3,542338000000,岗巴县,西藏自治区-日喀则地区-岗巴县,540237000000,岗巴县,西藏自治区-日喀则市-岗巴县,,False
2014,撤县设区,3,610126000000,高陵县,陕西省-西安市-高陵县,610117000000,高陵区,陕西省-西安市-高陵区,,False
2014,新设,3,,,,410212000000,祥符区,河南省-开封市-祥符区,,False
2014,新设,3,,,,460202000000,海棠区,海南省-三亚市-海棠区,,False
2014,新设,3,,,,460203000000,吉阳区,海南省-三亚市-吉阳区,,False
2014,新设,3,,,,460204000000,天涯区,海南省-三亚市-天涯区,,False
2014,新设,3,,,,460205000000,崖州区,海南省-三亚市-崖州区,,False
2014,新设,3,,,,540202000000,桑珠孜区,西藏自治区-日喀则市-桑珠孜区,,False
2014,新设,3,,,,540302000000,卡若区,西藏自治区-昌都市-卡若区,,False
2014,新设,3,,,,654004000000,霍尔果斯市,新疆维吾尔自治区-伊犁哈萨克自治州-霍尔果斯市,,False
2014,新设,3,,,,659007000000,双河市,双河市,,False
2015,更名,3,130602000000,新市区,河北省-保定市-新市区,130602000000,竞秀区,河北省-保定市-竞秀区,,False
2015,撤县设区,3,110228000000,密云县,密云县,110118000000,密云区,密云区,,False
2015,撤县设区,3,110229000000,延庆县,延庆县,110119000000,延庆区,延庆区,,False
2015,撤县设区,3,120221000000,宁河县,宁河县,120117000000,宁河区,宁河区,,False
2015,撤县设区,3,120223000000,静海县,静海县,120118000000,静海区,静海区,,False
2015,撤县设区,3,130323000000,抚宁县,河北省-秦皇岛市-抚宁县,130306000000,抚宁区,河北省-秦皇岛市-抚宁区,,False
2015,撤销,3,130603000000,北市区,河北省-保定市-北市区,,,,,False
2015,撤销,3,130604000000,南市区,河北省-保定市-南市区,,,,,False
2015,撤县设区,3,130621000000,满城县,河北省-保定市-满城县,130607000000,满城区,河北省-保定市-满城区,,False
2015,撤县设区,3,130622000000,清苑县,河北省-保定市-清苑县,130608000000,清苑区,河北省-保定市-清苑区,,False
2015,撤县设区,3,130625000000,徐水县,河北省-保定市-徐水县,130609000000,徐水区,河北省-保定市-徐水区,,False
2015,撤市设区,3,210282000000,普兰店市,辽宁省-大连市-普兰店市,210214000000,普兰店区,辽宁省-大连市-普兰店区,,False
2015,撤县设市,3,231024000000,东宁县,黑龙江省-牡丹江市-东宁县,231086000000,东宁市,黑龙江省-牡丹江市-东宁市,,False
2015,撤销,3,310108000000,闸北区,闸北区,,,,,False
2015,撤销,3,320202000000,崇安区,江苏省-无锡市-崇安区,,,,,False
2015,撤销,3,320203000000,南长区,江苏省-无锡市-南长区,,,,,False
2015,撤销,3,320204000000,北塘区,江苏省-无锡市-北塘区,,,,,False
2015,撤销,3,320405000000,戚墅堰区,江苏省-常州市-戚墅堰区,,,,,False
2015,撤市设区,3,320482000000,金坛市,江苏省-常州市-金坛市,320413000000,金坛区,江苏省-常州市-金坛区,,False
2015,撤市设区,3,320982000000,大丰市,江苏省-盐城市-大丰市,320904000000,大丰区,江苏省-盐城市-大丰区,,False
2015,撤县设区,3,330322000000,洞头县,浙江省-温州市-洞头县,330305000000,洞头区,浙江省-温州市-洞头区,,False
2015,更名,3,340702000000,铜官山区,安徽省-铜陵市-铜官山区,340705000000,铜官区,安徽省-铜陵市-铜官区,,False
2015,撤销,3,340703000000,狮子山区,安徽省-铜陵市-狮子山区,,,,,False
2015,撤销,3,340721000000,铜陵县,安徽省-铜陵市-铜陵县,,,,,False
2015,同名改码,3,340823000000,枞阳县,安徽省-安庆市-枞阳县,340722000000,枞阳县,安徽省-铜陵市-枞阳县,,False
2015,同名改码,3,341521000000,寿县,安徽省-六安市-寿县,340422000000,寿县,安徽省-淮南市-寿县,,False
2015,撤县设区,3,360122000000,新建县,江西省-南昌市-新建县,360112000000,新建区,江西省-南昌市-新建区,,False
2015,撤县设区,3,361122000000,广丰县,江西省-上饶市-广丰县,361103000000,广丰区,江西省-上饶市-广丰区,,False
2015,撤县设区,3,411222000000,陕县,河南省-三门峡市-陕县,411203000000,陕州区,河南省-三门峡市-陕州区,,False
2015,撤市设区,3,441283000000,高要市,广东省-肇庆市-高要市,441204000000,高要区,广东省-肇庆市-高要区,,False
2015,撤县设区,3,450122000000,武鸣县,广西壮族自治区-南宁市-武鸣县,450110000000,武鸣区,广西壮族自治区-南宁市-武鸣区,,False
2015,撤县设市,3,451025000000,靖西县,广西壮族自治区-百色市-靖西县,451081000000,靖西市,广西壮族自治区-百色市-靖西市,,False
2015,撤销,3,469003000000,儋州市,儋州市,,,,,False
2015,撤县设区,3,500223000000,潼南县,潼南县,500152000000,潼南区,潼南区,,False
2015,撤县设区,3,500226000000,荣昌县,荣昌县,500153000000,荣昌区,荣昌区,,False
2015,撤县设区,3,510122000000,双流县,四川省-成都市-双流县,510116000000,双流区,四川省-成都市-双流区,,False
2015,撤县设市,3,513229000000,马尔康县,四川省-阿坝藏族羌族自治州-马尔康县,513201000000,马尔康市,四川省-阿坝藏族羌族自治州-马尔康市,,False
2015,撤县设市,3,513321000000,康定县,四川省-甘孜藏族自治州-康定县,513301000000,康定市,四川省-甘孜藏族自治州-康定市,,False
2015,撤县设区,3,530421000000,江川县,云南省-玉溪市-江川县,530403000000,江川区,云南省-玉溪市-江川区,,False
2015,撤县设市,3,530522000000,腾冲县,云南省-保山市-腾冲县,530581000000,腾冲市,云南省-保山市-腾冲市,,False
2015,撤县设区,3,540125000000,堆龙德庆县,西藏自治区-拉萨市-堆龙德庆县,540103000000,堆龙德庆区,西藏自治区-拉萨市-堆龙德庆区,,False
2015,撤地设市,2,542600000000,林芝地区,西藏自治区-林芝地区,540400000000,林芝市,西藏自治区-林芝市,,False
2015,撤销,3,542621000000,林芝县,西藏自治区-林芝地区-林芝县,,,,,False
2015,同名改码,3,542622000000,工布江达县,西藏自治区-林芝地区-工布江达县,540421000000,工布江达县,西藏自治区-林芝市-工布江达县,,False
2015,同名改码,3,542623000000,米林县,西藏自治区-林芝地区-米林县,540422000000,米林县,西藏自治区-林芝市-米林县,,False
2015,同名改码,3,542624000000,墨脱县,西藏自治区-林芝地区-墨脱县,540423000000,墨脱县,西藏自治区-林芝市-墨脱县,,False
2015,同名改码,3,542625000000,波密县,西藏自治区-林芝地区-波密县,540424000000,波密县,西藏自治区-林芝市-波密县,,False
2015,同名改码,3,542626000000,察隅县,西藏自治区-林芝地区-察隅县,540425000000,察隅县,西藏自治区-林芝市-察隅县,,False
2015,同名改码,3,542627000000,朗县,西藏自治区-林芝地区-朗县,540426000000,朗县,西藏自治区-林芝市-朗县,,False
2015,撤县设区,3,610521000000,华县,陕西省-渭南市-华县,610503000000,华州区,陕西省-渭南市-华州区,,False
2015,撤县设区,3,610823000000,横山县,陕西省-榆林市-横山县,610803000000,横山区,陕西省-榆林市-横山区,,False
2015,撤县设区,3,630221000000,平安县,青海省-海东市-平安县,630203000000,平安区,青海省-海东市-平安区,,False
2015,撤地设市,2,652100000000,吐鲁番地区,新疆维吾尔自治区-吐鲁番地区,650400000000,吐鲁番市,新疆维吾尔自治区-吐鲁番市,,False
2015,撤销,3,652101000000,吐鲁番市,新疆维吾尔自治区-吐鲁番地区-吐鲁番市,,,,,False
2015,同名改码,3,652122000000,鄯善县,新疆维吾尔自治区-吐鲁番地区-鄯善县,650421000000,鄯善县,新疆维吾尔自治区-吐鲁番市-鄯善县,,False
2015,同名改码,3,652123000000,托克逊县,新疆维吾尔自治区-吐鲁番地区-托克逊县,650422000000,托克逊县,新疆维吾尔自治区-吐鲁番市-托克逊县,,False
2015,新设,3,,,,130606000000,莲池区,河北省-保定市-莲池区,,False
2015,新设,3,,,,320213000000,梁溪区,江苏省-无锡市-梁溪区,,False
2015,新设,3,,,,320214000000,新吴区,江苏省-无锡市-新吴区,,False
2015,新设,3,,,,340706000000,义安区,安徽省-铜陵市-义安区,,False
2015,新设,3,,,,341504000000,叶集区,安徽省-六安市-叶集区,,False
2015,新设,2,,,,460400000000,儋州市,海南省-儋州市,,False
2015,新设,3,,,,540402000000,巴宜区,西藏自治区-林芝市-巴宜区,,False
2015,新设,3,,,,650402000000,高昌区,新疆维吾尔自治区-吐鲁番市-高昌区,,False
2015,新设,3,,,,659008000000,可克达拉市,可克达拉市,,False
2016,更名,3,210112000000,东陵区,辽宁省-沈阳市-东陵区,210112000000,浑南区,辽宁省-沈阳市-浑南区,,False
2016,更名,3,360402000000,庐山区,江西省-九江市-庐山区,360402000000,濂溪区,江西省-九江市-濂溪区,,False
2016,撤销,3,120225000000,蓟县,蓟县,,,,,False
2016,撤销,3,130421000000,邯郸县,河北省-邯郸市-邯郸县,,,,,False
2016,撤县设区,3,130428000000,肥乡县,河北省-邯郸市-肥乡县,130407000000,肥乡区,河北省-邯郸市-肥乡区,,False
2016,撤县设区,3,130429000000,永年县,河北省-邯郸市-永年县,130408000000,永年区,河北省-邯郸市-永年区,,False
2016,撤销,3,130721000000,宣化县,河北省-张家口市-宣化县,,,,,False
2016,撤县设区,3,130729000000,万全县,河北省-张家口市-万全县,130708000000,万全区,河北省-张家口市-万全区,,False
2016,撤县设区,3,130733000000,崇礼县,河北省-张家口市-崇礼县,130709000000,崇礼区,河北省-张家口市-崇礼区,,False
2016,撤市设区,3,131181000000,冀州市,河北省-衡水市-冀州市,131103000000,冀州区,河北省-衡水市-冀州区,,False
2016,撤县设区,3,210122000000,辽中县,辽宁省-沈阳市-辽中县,210115000000,辽中区,辽宁省-沈阳市-辽中区,,False
2016,撤县设区,3,211121000000,大洼县,辽宁省-盘锦市-大洼县,211104000000,大洼区,辽宁省-盘锦市-大洼区,,False
2016,撤县设市,3,230833000000,抚远县,黑龙江省-佳木斯市-抚远县,230883000000,抚远市,黑龙江省-佳木斯市-抚远市,,False
2016,撤县设区,3,310230000000,崇明县,崇明县,310151000000,崇明区,崇明区,,False
2016,更名,3,320802000000,清河区,江苏省-淮安市-清河区,320812000000,清江浦区,江苏省-淮安市-清江浦区,,False
2016,撤销,3,320811000000,清浦区,江苏省-淮安市-清浦区,,,,,False
2016,撤县设区,3,320829000000,洪泽县,江苏省-淮安市-洪泽县,320813000000,洪泽区,江苏省-淮安市-洪泽区,,False
2016,撤销,3,330204000000,江东区,浙江省-宁波市-江东区,,,,,False
2016,撤市设区,3,330283000000,奉化市,浙江省-宁波市-奉化市,330213000000,奉化区,浙江省-宁波市-奉化区,,False
2016,撤销,3,360427000000,星子县,江西省-九江市-星子县,,,,,False
2016,撤县设区,3,360721000000,赣县,江西省-赣州市-赣县,360704000000,赣县区,江西省-赣州市-赣县区,,False
2016,撤县设区,3,361029000000,东乡县,江西省-抚州市-东乡县,361003000000,东乡区,江西省-抚州市-东乡区,,False
2016,撤市设区,3,370181000000,章丘市,山东省-济南市-章丘市,370114000000,章丘区,山东省-济南市-章丘区,,False
2016,撤县设区,3,370521000000,垦利县,山东省-东营市-垦利县,370505000000,垦利区,山东省-东营市-垦利区,,False
2016,撤县设区,3,371727000000,定陶县,山东省-菏泽市-定陶县,371703000000,定陶区,山东省-菏泽市-定陶区,,False
2016,撤销,3,411023000000,许昌县,河南省-许昌市-许昌县,,,,,False
2016,撤县设区,3,450221000000,柳江县,广西壮族自治区-柳州市-柳江县,450206000000,柳江区,广西壮族自治区-柳州市-柳江区,,False
2016,撤市设区,3,451281000000,宜州市,广西壮族自治区-河池市-宜州市,451203000000,宜州区,广西壮族自治区-河池市-宜州区,,False
2016,撤县设区,3,500228000000,梁平县,梁平县,500155000000,梁平区,梁平区,,False
2016,撤县设区,3,500232000000,武隆县,武隆县,500156000000,武隆区,武隆区,,False
2016,撤销,3,500234000000,开县,开县,,,,,False
2016,撤县设区,3,510124000000,郫县,四川省-成都市-郫县,510117000000,郫都区,四川省-成都市-郫都区,,False
2016,撤县设区,3,510724000000,安县,四川省-绵阳市-安县,510705000000,安州区,四川省-绵阳市-安州区,,False
2016,同名改码,3,512081000000,简阳市,四川省-资阳市-简阳市,510185000000,简阳市,四川省-成都市-简阳市,,False
2016,撤销,3,520321000000,遵义县,贵州省-遵义市-遵义县,,,,,False
2016,撤县设区,3,530122000000,晋宁县,云南省-昆明市-晋宁县,530115000000,晋宁区,云南省-昆明市-晋宁区,,False
2016,撤县设区,3,530328000000,沾益县,云南省-曲靖市-沾益县,530303000000,沾益区,云南省-曲靖市-沾益区,,False
2016,撤县设市,3,533321000000,泸水县,云南省-怒江傈僳族自治州-泸水县,533301000000,泸水市,云南省-怒江傈僳族自治州-泸水市,,False
2016,撤地设市,2,542200000000,山南地区,西藏自治区-山南地区,540500000000,山南市,西藏自治区-山南市,,False
2016,撤县设区,3,542221000000,乃东县,西藏自治区-山南地区-乃东县,540502000000,乃东区,西藏自治区-山南市-乃东区,,False
2016,同名改码,3,542222000000,扎囊县,西藏自治区-山南地区-扎囊县,540521000000,扎囊县,西藏自治区-山南市-扎囊县,,False
2016,同名改码,3,542223000000,贡嘎县,西藏自治区-山南地区-贡嘎县,540522000000,贡嘎县,西藏自治区-山南市-贡嘎县,,False
2016,同名改码,3,542224000000,桑日县,西藏自治区-山南地区-桑日县,540523000000,桑日县,西藏自治区-山南市-桑日县,,False
2016,同名改码,3,542225000000,琼结县,西藏自治区-山南地区-琼结县,540524000000,琼结县,西藏自治区-山南市-琼结县,,False
2016,同名改码,3,542226000000,曲松县,西藏自治区-山南地区-曲松县,540525000000,曲松县,西藏自治区-山南市-曲松县,,False
2016,同名改码,3,542227000000,措美县,西藏自治区-山南地区-措美县,540526000000,措美县,西藏自治区-山南市-措美县,,False
2016,同名改码,3,542228000000,洛扎县,西藏自治区-山南地区-洛扎县,540527000000,洛扎县,西藏自治区-山南市-洛扎县,,False
2016,同名改码,3,542229000000,加查县,西藏自治区-山南地区-加查县,540528000000,加查县,西藏自治区-山南市-加查县,,False
2016,同名改码,3,542231000000,隆子县,西藏自治区-山南地区-隆子县,540529000000,隆子县,西藏自治区-山南市-隆子县,,False
2016,同名改码,3,542232000000,错那县,西藏自治区-山南地区-错那县,540530000000,错那县,西藏自治区-山南市-错那县,,False
2016,同名改码,3,542233000000,浪卡子县,西藏自治区-山南地区-浪卡子县,540531000000,浪卡子县,西藏自治区-山南市-浪卡子县,,False
2016,撤销,3,610125000000,户县,陕西省-西安市-户县,,,,,False
2016,撤县设区,3,610624000000,安塞县,陕西省-延安市-安塞县,610603000000,安塞区,陕西省-延安市-安塞区,,False
2016,撤地设市,2,652200000000,哈密地区,新疆维吾尔自治区-哈密地区,650500000000,哈密市,新疆维吾尔自治区-哈密市,,False
2016,撤销,3,652201000000,哈密市,新疆维吾尔自治区-哈密地区-哈密市,,,,,False
2016,同名改码,3,652222000000,巴里坤哈萨克自治县,新疆维吾尔自治区-哈密地区-巴里坤哈萨克自治县,650521000000,巴里坤哈萨克自治县,新疆维吾尔自治区-哈密市-巴里坤哈萨克自治县,,False
2016,同名改码,3,652223000000,伊吾县,新疆维吾尔自治区-哈密地区-伊吾县,650522000000,伊吾县,新疆维吾尔自治区-哈密市-伊吾县,,False
2016,新设,3,,,,120119000000,蓟州区,蓟州区,,False
2016,新设,3,,,,150603000000,康巴什区,内蒙古自治区-鄂尔多斯市-康巴什区,,False
2016,新设,3,,,,360483000000,庐山市,江西省-九江市-庐山市,,False
2016,新设,3,,,,411003000000,建安区,河南省-许昌市-建安区,,False
2016,新设,3,,,,440309000000,龙华区,广东省-深圳市-龙华区,,False
2016,新设,3,,,,440310000000,坪山区,广东省-深圳市-坪山区,,False
2016,新设,3,,,,451103000000,平桂区,广西壮族自治区-贺州市-平桂区,,False
2016,新设,3,,,,500154000000,开州区,开州区,,False
2016,新设,3,,,,520304000000,播州区,贵州省-遵义市-播州区,,False
2016,新设,3,,,,610118000000,鄠邑区,陕西省-西安市-鄠邑区,,False
2016,新设,3,,,,650502000000,伊州区,新疆维吾尔自治区-哈密市-伊州区,,False
2016,新设,3,,,,659009000000,昆玉市,昆玉市,,False
2017,撤县设市,3,130823000000,平泉县,河北省-承德市-平泉县,130881000000,平泉市,河北省-承德市-平泉市,,False
2017,撤市设区,3,330185000000,临安市,浙江省-杭州市-临安市,330112000000,临安区,浙江省-杭州市-临安区,,False
2017,撤县设市,3,331021000000,玉环县,浙江省-台州市-玉环县,331083000000,玉环市,浙江省-台州市-玉环市,,False
2017,撤市设区,3,350182000000,长乐市,福建省-福州市-长乐市,350112000000,长乐区,福建省-福州市-长乐区,,False
2017,撤销,3,360421000000,九江县,江西省-九江市-九江县,,,,,False
2017,撤市设区,3,370282000000,即墨市,山东省-青岛市-即墨市,370215000000,即墨区,山东省-青岛市-即墨区,,False
2017,撤县设市,3,430124000000,宁乡县,湖南省-长沙市-宁乡县,430182000000,宁乡市,湖南省-长沙市-宁乡市,,False
2017,撤县设区,3,510626000000,罗江县,四川省-德阳市-罗江县,510604000000,罗江区,四川省-德阳市-罗江区,,False
2017,撤县设市,3,511028000000,隆昌县,四川省-内江市-隆昌县,511083000000,隆昌市,四川省-内江市-隆昌市,,False
2017,撤县设市,3,520222000000,盘县,贵州省-六盘水市-盘县,520281000000,盘州市,贵州省-六盘水市-盘州市,,False
2017,撤县设区,3,540126000000,达孜县,西藏自治区-拉萨市-达孜县,540104000000,达孜区,西藏自治区-拉萨市-达孜区,,False
2017,撤地设市,2,542400000000,那曲地区,西藏自治区-那曲地区,540600000000,那曲市,西藏自治区-那曲市,,False
2017,撤销,3,542421000000,那曲县,西藏自治区-那曲地区-那曲县,,,,,False
2017,同名改码,3,542422000000,嘉黎县,西藏自治区-那曲地区-嘉黎县,540621000000,嘉黎县,西藏自治区-那曲市-嘉黎县,,False
2017,同名改码,3,542423000000,比如县,西藏自治区-那曲地区-比如县,540622000000,比如县,西藏自治区-那曲市-比如县,,False
2017,同名改码,3,542424000000,聂荣县,西藏自治区-那曲地区-聂荣县,540623000000,聂荣县,西藏自治区-那曲市-聂荣县,,False
2017,同名改码,3,542425000000,安多县,西藏自治区-那曲地区-安多县,540624000000,安多县,西藏自治区-那曲市-安多县,,False
2017,同名改码,3,542426000000,申扎县,西藏自治区-那曲地区-申扎县,540625000000,申扎县,西藏自治区-那曲市-申扎县,,False
2017,同名改码,3,542427000000,索县,西藏自治区-那曲地区-索县,540626000000,索县,西藏自治区-那曲市-索县,,False
2017,同名改码,3,542428000000,班戈县,西藏自治区-那曲地区-班戈县,540627000000,班戈县,西藏自治区-那曲市-班戈县,,False
2017,同名改码,3,542429000000,巴青县,西藏自治区-那曲地区-巴青县,540628000000,巴青县,西藏自治区-那曲市-巴青县,,False
2017,同名改码,3,542430000000,尼玛县,西藏自治区-那曲地区-尼玛县,540629000000,尼玛县,西藏自治区-那曲市-尼玛县,,False
2017,同名改码,3,542431000000,双湖县,西藏自治区-那曲地区-双湖县,540630000000,双湖县,西藏自治区-那曲市-双湖县,,False
2017,撤县设区,3,610721000000,南郑县,陕西省-汉中市-南郑县,610703000000,南郑区,陕西省-汉中市-南郑区,,False
2017,撤县设市,3,610821000000,神木县,陕西省-榆林市-神木县,610881000000,神木市,陕西省-榆林市-神木市,,False
2017,新设,3,,,,360404000000,柴桑区,江西省-九江市-柴桑区,,False
2017,新设,3,,,,540602000000,色尼区,西藏自治区-那曲市-色尼区,,False
2018,撤县设市,3,130223000000,滦县,河北省-唐山市-滦县,130284000000,滦州市,河北省-唐山市-滦州市,民函〔2018〕103号,False
2018,撤销,3,140202000000,城区,山西省-大同市-城区,,,,,False
2018,撤销,3,140203000000,矿区,山西省-大同市-矿区,,,,国函〔2018〕22号,False
2018,撤销,3,140211000000,南郊区,山西省-大同市-南郊区,,,,国函〔2018〕22号,False
2018,撤销,3,140227000000,大同县,山西省-大同市-大同县,,,,国函〔2018〕22号,False
2018,撤销,3,140402000000,城区,山西省-长治市-城区,,,,,False
2018,撤销,3,140411000000,郊区,山西省-长治市-郊区,,,,,False
2018,撤销,3,140421000000,长治县,山西省-长治市-长治县,,,,国函〔2018〕87号,False
2018,撤县设区,3,140424000000,屯留县,山西省-长治市-屯留县,140405000000,屯留区,山西省-长治市-屯留区,国函〔2018〕87号,False
2018,撤市设区,3,140481000000,潞城市,山西省-长治市-潞城市,140406000000,潞城区,山西省-长治市-潞城区,国函〔2018〕87号,False
2018,撤县设市,3,140624000000,怀仁县,山西省-朔州市-怀仁县,140681000000,怀仁市,山西省-朔州市-怀仁市,民函〔2018〕46号,False
2018,撤县设市,3,232723000000,漠河县,黑龙江省-大兴安岭地区-漠河县,232701000000,漠河市,黑龙江省-大兴安岭地区-漠河市,民函〔2018〕50号,False
2018,撤县设市,3,320621000000,海安县,江苏省-南通市-海安县,320685000000,海安市,江苏省-南通市-海安市,民函〔2018〕49号,False
2018,撤县设市,3,340824000000,潜山县,安徽省-安庆市-潜山县,340882000000,潜山市,安徽省-安庆市-潜山市,民函〔2018〕104号,False
2018,撤县设区,3,360622000000,余江县,江西省-鹰潭市-余江县,360603000000,余江区,江西省-鹰潭市-余江区,国函〔2018〕23号,False
2018,撤县设区,3,370125000000,济阳县,山东省-济南市-济阳县,370115000000,济阳区,山东省-济南市-济阳区,国函〔2018〕86号,False
2018,撤销,2,371200000000,莱芜市,山东省-莱芜市,,,,国函〔2018〕163号,False
2018,撤销,3,371202000000,莱城区,山东省-莱芜市-莱城区,,,,国函〔2018〕163号,False
2018,同名改码,3,371203000000,钢城区,山东省-莱芜市-钢城区,370117000000,钢城区,山东省-济南市-钢城区,,False
2018,撤县设市,3,371626000000,邹平县,山东省-滨州市-邹平县,371681000000,邹平市,山东省-滨州市-邹平市,民函〔2018〕105号,False
2018,撤县设市,3,420821000000,京山县,湖北省-荆门市-京山县,420882000000,京山市,湖北省-荆门市-京山市,民函〔2018〕51号,False
2018,撤销,3,430221000000,株洲县,湖南省-株洲市-株洲县,,,,国函〔2018〕88号,False
2018,撤县设市,3,450331000000,荔浦县,广西壮族自治区-桂林市-荔浦县,450381000000,荔浦市,广西壮族自治区-桂林市-荔浦市,民函〔2018〕106号,False
2018,撤销,3,511521000000,宜宾县,四川省-宜宾市-宜宾县,,,,国函〔2018〕89号,False
2018,撤县设市,3,522322000000,兴仁县,贵州省-黔西南布依族苗族自治州-兴仁县,522302000000,兴仁市,贵州省-黔西南布依族苗族自治州-兴仁市,民函〔2018〕107号,False
2018,撤县设区,3,530321000000,马龙县,云南省-曲靖市-马龙县,530304000000,马龙区,云南省-曲靖市-马龙区,国函〔2018〕24号,False
2018,撤县设市,3,530630000000,水富县,云南省-昭通市-水富县,530681000000,水富市,云南省-昭通市-水富市,民函〔2018〕108号,False
2018,撤县设市,3,610427000000,彬县,陕西省-咸阳市-彬县,610482000000,彬州市,陕西省-咸阳市-彬州市,民函〔2018〕47号,False
2018,撤县设市,3,620824000000,华亭县,甘肃省-平凉市-华亭县,620881000000,华亭市,甘肃省-平凉市-华亭市,民函〔2018〕109号,False
2018,新设,3,,,,140213000000,平城区,山西省-大同市-平城区,国函〔2018〕22号,False
2018,新设,3,,,,140214000000,云冈区,山西省-大同市-云冈区,国函〔2018〕22号,False
2018,新设,3,,,,140215000000,云州区,山西省-大同市-云州区,国函〔2018〕22号,False
2018,新设,3,,,,140403000000,潞州区,山西省-长治市-潞州区,国函〔2018〕87号,False
2018,新设,3,,,,140404000000,上党区,山西省-长治市-上党区,国函〔2018〕87号,False
2018,新设,3,,,,370116000000,莱芜区,山东省-济南市-莱芜区,国函〔2018〕163号,False
2018,新设,3,,,,430212000000,渌口区,湖南省-株洲市-渌口区,国函〔2018〕88号,False
2018,新设,3,,,,440311000000,光明区,广东省-深圳市-光明区,国函〔2018〕25号,False
2018,新设,3,,,,511504000000,叙州区,四川省-宜宾市-叙州区,国函〔2018〕89号,False
2018,新设,3,,,,632803000000,茫崖市,青海省-海西蒙古族藏族自治州-茫崖市,民函〔2018〕48号,False
2019,撤县设区,3,140726000000,太谷县,山西省-晋中市-太谷县,140703000000,太谷区,山西省-晋中市-太谷区,国函〔2019〕104号,False
2019,更名,3,230702000000,伊春区,黑龙江省-伊春市-伊春区,230717000000,伊美区,黑龙江省-伊春市-伊美区,国函〔2019〕63号,False
2019,区划调整,3,230703000000,南岔区,黑龙江省-伊春市-南岔区,230726000000,南岔县,黑龙江省-伊春市-南岔县,国函〔2019〕63号,False
2019,同名改码,3,230704000000,友好区,黑龙江省-伊春市-友好区,230719000000,友好区,黑龙江省-伊春市-友好区,,False
2019,撤销,3,230705000000,西林区,黑龙江省-伊春市-西林区,,,,,False
2019,撤销,3,230706000000,翠峦区,黑龙江省-伊春市-翠峦区,,,,,False
2019,撤销,3,230707000000,新青区,黑龙江省-伊春市-新青区,,,,国函〔2019〕63号,False
2019,撤销,3,230708000000,美溪区,黑龙江省-伊春市-美溪区,,,,国函〔2019〕63号,False
2019,区划调整,3,230709000000,金山屯区,黑龙江省-伊春市-金山屯区,230751000000,金林区,黑龙江省-伊春市-金林区,,False
2019,撤销,3,230710000000,五营区,黑龙江省-伊春市-五营区,,,,国函〔2019〕63号,False
2019,更名,3,230711000000,乌马河区,黑龙江省-伊春市-乌马河区,230718000000,乌翠区,黑龙江省-伊春市-乌翠区,国函〔2019〕63号,False
2019,区划调整,3,230712000000,汤旺河区,黑龙江省-伊春市-汤旺河区,230723000000,汤旺县,黑龙江省-伊春市-汤旺县,国函〔2019〕63号,False
2019,撤销,3,230713000000,带岭区,黑龙江省-伊春市-带岭区,,,,国函〔2019〕63号,False
2019,撤销,3,230714000000,乌伊岭区,黑龙江省-伊春市-乌伊岭区,,,,国函〔2019〕63号,False
2019,撤销,3,230715000000,红星区,黑龙江省-伊春市-红星区,,,,国函〔2019〕63号,False
2019,撤销,3,230716000000,上甘岭区,黑龙江省-伊春市-上甘岭区,,,,,False
2019,撤县设市,3,231121000000,嫩江县,黑龙江省-黑河市-嫩江县,231183000000,嫩江市,黑龙江省-黑河市-嫩江市,民函〔2019〕75号,False
2019,撤县设市,3,340225000000,无为县,安徽省-芜湖市-无为县,340281000000,无为市,安徽省-芜湖市-无为市,民函〔2019〕125号,False
2019,撤县设市,3,341822000000,广德县,安徽省-宣城市-广德县,341882000000,广德市,安徽省-宣城市-广德市,民函〔2019〕70号,False
2019,撤销,3,360105000000,湾里区,江西省-南昌市-湾里区,,,,国函〔2019〕105号,False
2019,撤销,3,361121000000,上饶县,江西省-上饶市-上饶县,,,,国函〔2019〕59号,False
2019,撤县设区,3,371523000000,茌平县,山东省-聊城市-茌平县,371503000000,茌平区,山东省-聊城市-茌平区,国函〔2019〕60号,False
2019,撤县设市,3,410728000000,长垣县,河南省-新乡市-长垣县,410783000000,长垣市,河南省-新乡市-长垣市,民函〔2019〕74号,False
2019,撤县设区,3,411626000000,淮阳县,河南省-周口市-淮阳县,411603000000,淮阳区,河南省-周口市-淮阳区,国函〔2019〕61号,False
2019,撤县设市,3,430521000000,邵东县,湖南省-邵阳市-邵东县,430582000000,邵东市,湖南省-邵阳市-邵东市,民函〔2019〕71号,False
2019,撤县设区,3,451021000000,田阳县,广西壮族自治区-百色市-田阳县,451003000000,田阳区,广西壮族自治区-百色市-田阳区,国函〔2019〕62号,False
2019,撤县设市,3,451023000000,平果县,广西壮族自治区-百色市-平果县,451082000000,平果市,广西壮族自治区-百色市-平果市,民函〔2019〕122号,False
2019,撤县设市,3,510922000000,射洪县,四川省-遂宁市-射洪县,510981000000,射洪市,四川省-遂宁市-射洪市,民函〔2019〕72号,False
2019,撤县设市,3,530422000000,澄江县,云南省-玉溪市-澄江县,530481000000,澄江市,云南省-玉溪市-澄江市,民函〔2019〕124号,False
2019,撤县设市,3,610623000000,子长县,陕西省-延安市-子长县,610681000000,子长市,陕西省-延安市-子长市,民函〔2019〕73号,False
2019,撤县设区,3,630122000000,湟中县,青海省-西宁市-湟中县,630106000000,湟中区,青海省-西宁市-湟中区,国函〔2019〕106号,False
2019,撤县设市,3,652923000000,库车县,新疆维吾尔自治区-阿克苏地区-库车县,652902000000,库车市,新疆维吾尔自治区-阿克苏地区-库车市,民函〔2019〕123号,False
2019,新设,3,,,,230724000000,丰林县,黑龙江省-伊春市-丰林县,国函〔2019〕63号,False
2019,新设,3,,,,230725000000,大箐山县,黑龙江省-伊春市-大箐山县,国函〔2019〕63号,False
2019,新设,3,,,,330383000000,龙港市,浙江省-温州市-龙港市,民函〔2019〕83号,False
2019,新设,3,,,,360113000000,红谷滩区,江西省-南昌市-红谷滩区,国函〔2019〕105号,False
2019,新设,3,,,,361104000000,广信区,江西省-上饶市-广信区,国函〔2019〕59号,False
2019,新设,3,,,,659010000000,胡杨河市,胡杨河市,国函〔2019〕107号,False
2020,更名,3,130502000000,桥东区,河北省-邢台市-桥东区,130502000000,襄都区,河北省-邢台市-襄都区,国函〔2020〕78号,False
2020,更名,3,130503000000,桥西区,河北省-邢台市-桥西区,130503000000,信都区,河北省-邢台市-信都区,国函〔2020〕78号,False
2020,撤销,3,130521000000,邢台县,河北省-邢台市-邢台县,,,,国函〔2020〕78号,False
2020,撤县设区,3,130526000000,任县,河北省-邢台市-任县,130505000000,任泽区,河北省-邢台市-任泽区,国函〔2020〕78号,False
2020,撤县设区,3,130527000000,南和县,河北省-邢台市-南和县,130506000000,南和区,河北省-邢台市-南和区,国函〔2020〕78号,False
2020,同名改码,3,220381000000,公主岭市,吉林省-四平市-公主岭市,220184000000,公主岭市,吉林省-长春市-公主岭市,,False
2020,同名改码,3,320602000000,崇川区,江苏省-南通市-崇川区,320613000000,崇川区,江苏省-南通市-崇川区,,False
2020,撤销,3,320611000000,港闸区,江苏省-南通市-港闸区,,,,国函〔2020〕79号,False
2020,撤市设区,3,320684000000,海门市,江苏省-南通市-海门市,320614000000,海门区,江苏省-南通市-海门区,国函〔2020〕79号,False
2020,同名改码,3,340203000000,弋江区,安徽省-芜湖市-弋江区,340209000000,弋江区,安徽省-芜湖市-弋江区,,False
2020,撤销,3,340208000000,三山区,安徽省-芜湖市-三山区,,,,国函〔2020〕80号,False
2020,撤销,3,340221000000,芜湖县,安徽省-芜湖市-芜湖县,,,,国函〔2020〕80号,False
2020,撤县设区,3,340222000000,繁昌县,安徽省-芜湖市-繁昌县,340212000000,繁昌区,安徽省-芜湖市-繁昌区,国函〔2020〕80号,False
2020,撤县设市,3,360727000000,龙南县,江西省-赣州市-龙南县,360783000000,龙南市,江西省-赣州市-龙南市,赣府字〔2020〕45号,False
2020,撤销,3,370634000000,长岛县,山东省-烟台市-长岛县,,,,国函〔2020〕81号,False
2020,撤市设区,3,370684000000,蓬莱市,山东省-烟台市-蓬莱市,370614000000,蓬莱区,山东省-烟台市-蓬莱区,国函〔2020〕81号,False
2020,撤县设市,3,421023000000,监利县,湖北省-荆州市-监利县,421088000000,监利市,湖北省-荆州市-监利市,,False
2020,撤县设区,3,510132000000,新津县,四川省-成都市-新津县,510118000000,新津区,四川省-成都市-新津区,国函〔2020〕82号,False
2020,撤县设区,3,520221000000,水城县,贵州省-六盘水市-水城县,520204000000,水城区,贵州省-六盘水市-水城区,国函〔2020〕83号,False
2020,撤县设市,3,632321000000,同仁县,青海省-黄南藏族自治州-同仁县,632301000000,同仁市,青海省-黄南藏族自治州-同仁市,民函〔2020〕63号,False
2020,新设,3,,,,340210000000,湾沚区,安徽省-芜湖市-湾沚区,国函〔2020〕80号,False
2021,撤县设区,3,330105000000,拱墅区,浙江省-杭州市-拱墅区,330105000000,拱墅区,浙江省-杭州市-拱墅区,国函〔2021〕29号,True
2021,撤县设区,3,330110000000,余杭区,浙江省-杭州市-余杭区,330110000000,临平区,浙江省-杭州市-临平区,国函〔2021〕29号,True
2021,撤县设区,3,350427000000,沙县,福建省-三明市-沙县,350405000000,沙县区,福建省-三明市-沙县区,国函〔2021〕9号,True
2025,新设,3,,,,500157000000,两江新区,重庆市-两江新区,民政府发布渝府发〔2025〕15号,True
2021,撤区设区,3,330104000000,江干区,浙江省杭州市-浙江省杭州市-江干区,330102000000,上城区,浙江省-杭州市-上城区,国函〔2021〕29号,True
2023,撤县设市,3,540422000000,米林县,西藏自治区林芝市-西藏自治区林芝市-米林县,540481000000,米林市,西藏自治区-林芝市-米林市,,True
2023,撤县设市,3,540530000000,错那县,西藏自治区山南市-西藏自治区山南市-错那县,540581000000,错那市,西藏自治区-山南市-错那市,,True
2022,新设,3,,,,659012000000,白杨市,新疆维吾尔自治区-白杨市,,True
2024,新设,3,,,,653229000000,和安县,新疆维吾尔自治区-和田地区-和安县,,True
2024,新设,3,,,,653228000000,和康县,新疆维吾尔自治区-和田地区-和康县,,True
2021,新设,3,,,,659011000000,新星市,新疆维吾尔自治区-新星市,国函〔2021〕7号,True
2021,撤市设区,3,350681000000,龙海市,福建省漳州市-福建省漳州市-龙海市,350604000000,龙海区,福建省-漳州市-龙海区,国函〔2021〕8号,True
2021,撤区设区,3,350402000000,梅列区,福建省三明市-福建省三明市-梅列区,350404000000,三元区,福建省-三明市-三元区,国函〔2021〕9号,True
2021,撤市设区,3,410381000000,偃师市,河南省洛阳市-河南省洛阳市-偃师市,410307000000,偃师区,河南省-洛阳市-偃师区,国函〔2021〕10号,True
2021,撤县设区,3,610322000000,凤翔县,陕西省宝鸡市-陕西省宝鸡市-凤翔县,610305000000,凤翔区,陕西省-宝鸡市-凤翔区,国函〔2021〕11号,True
2021,撤县设市,3,654223000000,沙湾县,新疆维吾尔自治区塔城地区-新疆维吾尔自治区塔城地区-沙湾县,654203000000,沙湾市,新疆维吾尔自治区-塔城地区-沙湾市,民函〔2021〕4号,True
2021,撤县设市,3,513425000000,会理县,四川省凉山州-四川省凉山州-会理县,513402000000,会理市,四川省-凉山彝族自治州-会理市,民函〔2021〕5号,True
2021,撤县设市,3,610928000000,旬阳县,陕西省安康市-陕西省安康市-旬阳县,610981000000,旬阳市,陕西省-安康市-旬阳市,民函〔2021〕6号,True
2021,撤县设市,3,450127000000,横县,广西壮族自治区南宁市-广西壮族自治区南宁市-横县,450181000000,横州市,广西壮族自治区-南宁市-横州市,民函〔2021〕7号,True
