code,name,level,parent_code
110000000000,北京市,1,
110101000000,东城区,3,110000000000
110102000000,西城区,3,110000000000
110105000000,朝阳区,3,110000000000
110106000000,丰台区,3,110000000000
110107000000,石景山区,3,110000000000
110108000000,海淀区,3,110000000000
110109000000,门头沟区,3,110000000000
110111000000,房山区,3,110000000000
110112000000,通州区,3,110000000000
110113000000,顺义区,3,110000000000
110114000000,昌平区,3,110000000000
110115000000,大兴区,3,110000000000
110116000000,怀柔区,3,110000000000
110117000000,平谷区,3,110000000000
110118000000,密云区,3,110000000000
110119000000,延庆区,3,110000000000
120000000000,天津市,1,
120101000000,和平区,3,120000000000
120102000000,河东区,3,120000000000
120103000000,河西区,3,120000000000
120104000000,南开区,3,120000000000
120105000000,河北区,3,120000000000
120106000000,红桥区,3,120000000000
120110000000,东丽区,3,120000000000
120111000000,西青区,3,120000000000
120112000000,津南区,3,120000000000
120113000000,北辰区,3,120000000000
120114000000,武清区,3,120000000000
120115000000,宝坻区,3,120000000000
120116000000,滨海新区,3,120000000000
120117000000,宁河区,3,120000000000
120118000000,静海区,3,120000000000
120119000000,蓟州区,3,120000000000
130000000000,河北省,1,
130100000000,石家庄市,2,130000000000
130102000000,长安区,3,130100000000
130104000000,桥西区,3,130100000000
130105000000,新华区,3,130100000000
130107000000,井陉矿区,3,130100000000
130108000000,裕华区,3,130100000000
130109000000,藁城区,3,130100000000
130110000000,鹿泉区,3,130100000000
130111000000,栾城区,3,130100000000
130121000000,井陉县,3,130100000000
130123000000,正定县,3,130100000000
130125000000,行唐县,3,130100000000
130126000000,灵寿县,3,130100000000
130127000000,高邑县,3,130100000000
130128000000,深泽县,3,130100000000
130129000000,赞皇县,3,130100000000
130130000000,无极县,3,130100000000
130131000000,平山县,3,130100000000
130132000000,元氏县,3,130100000000
130133000000,赵县,3,130100000000
130181000000,辛集市,3,130100000000
130183000000,晋州市,3,130100000000
130184000000,新乐市,3,130100000000
130200000000,唐山市,2,130000000000
130202000000,路南区,3,130200000000
130203000000,路北区,3,130200000000
130204000000,古冶区,3,130200000000
130205000000,开平区,3,130200000000
130207000000,丰南区,3,130200000000
130208000000,丰润区,3,130200000000
130209000000,曹妃甸区,3,130200000000
130224000000,滦南县,3,130200000000
130225000000,乐亭县,3,130200000000
130227000000,迁西县,3,130200000000
130229000000,玉田县,3,130200000000
130281000000,遵化市,3,130200000000
130283000000,迁安市,3,130200000000
130284000000,滦州市,3,130200000000
130300000000,秦皇岛市,2,130000000000
130302000000,海港区,3,130300000000
130303000000,山海关区,3,130300000000
130304000000,北戴河区,3,130300000000
130306000000,抚宁区,3,130300000000
130321000000,青龙满族自治县,3,130300000000
130322000000,昌黎县,3,130300000000
130324000000,卢龙县,3,130300000000
130400000000,邯郸市,2,130000000000
130402000000,邯山区,3,130400000000
130403000000,丛台区,3,130400000000
130404000000,复兴区,3,130400000000
130406000000,峰峰矿区,3,130400000000
130407000000,肥乡区,3,130400000000
130408000000,永年区,3,130400000000
130423000000,临漳县,3,130400000000
130424000000,成安县,3,130400000000
130425000000,大名县,3,130400000000
130426000000,涉县,3,130400000000
130427000000,磁县,3,130400000000
130430000000,邱县,3,130400000000
130431000000,鸡泽县,3,130400000000
130432000000,广平县,3,130400000000
130433000000,馆陶县,3,130400000000
130434000000,魏县,3,130400000000
130435000000,曲周县,3,130400000000
130481000000,武安市,3,130400000000
130500000000,邢台市,2,130000000000
130502000000,襄都区,3,130500000000
130503000000,信都区,3,130500000000
130505000000,任泽区,3,130500000000
130506000000,南和区,3,130500000000
130522000000,临城县,3,130500000000
130523000000,内丘县,3,130500000000
130524000000,柏乡县,3,130500000000
130525000000,隆尧县,3,130500000000
130528000000,宁晋县,3,130500000000
130529000000,巨鹿县,3,130500000000
130530000000,新河县,3,130500000000
130531000000,广宗县,3,130500000000
130532000000,平乡县,3,130500000000
130533000000,威县,3,130500000000
130534000000,清河县,3,130500000000
130535000000,临西县,3,130500000000
130581000000,南宫市,3,130500000000
130582000000,沙河市,3,130500000000
130600000000,保定市,2,130000000000
130602000000,竞秀区,3,130600000000
130606000000,莲池区,3,130600000000
130607000000,满城区,3,130600000000
130608000000,清苑区,3,130600000000
130609000000,徐水区,3,130600000000
130623000000,涞水县,3,130600000000
130624000000,阜平县,3,130600000000
130626000000,定兴县,3,130600000000
130627000000,唐县,3,130600000000
130628000000,高阳县,3,130600000000
130629000000,容城县,3,130600000000
130630000000,涞源县,3,130600000000
130631000000,望都县,3,130600000000
130632000000,安新县,3,130600000000
130633000000,易县,3,130600000000
130634000000,曲阳县,3,130600000000
130635000000,蠡县,3,130600000000
130636000000,顺平县,3,130600000000
130637000000,博野县,3,130600000000
130638000000,雄县,3,130600000000
130681000000,涿州市,3,130600000000
130682000000,定州市,3,130600000000
130683000000,安国市,3,130600000000
130684000000,高碑店市,3,130600000000
130700000000,张家口市,2,130000000000
130702000000,桥东区,3,130700000000
130703000000,桥西区,3,130700000000
130705000000,宣化区,3,130700000000
130706000000,下花园区,3,130700000000
130708000000,万全区,3,130700000000
130709000000,崇礼区,3,130700000000
130722000000,张北县,3,130700000000
130723000000,康保县,3,130700000000
130724000000,沽源县,3,130700000000
130725000000,尚义县,3,130700000000
130726000000,蔚县,3,130700000000
130727000000,阳原县,3,130700000000
130728000000,怀安县,3,130700000000
130730000000,怀来县,3,130700000000
130731000000,涿鹿县,3,130700000000
130732000000,赤城县,3,130700000000
130800000000,承德市,2,130000000000
130802000000,双桥区,3,130800000000
130803000000,双滦区,3,130800000000
130804000000,鹰手营子矿区,3,130800000000
130821000000,承德县,3,130800000000
130822000000,兴隆县,3,130800000000
130824000000,滦平县,3,130800000000
130825000000,隆化县,3,130800000000
130826000000,丰宁满族自治县,3,130800000000
130827000000,宽城满族自治县,3,130800000000
130828000000,围场满族蒙古族自治县,3,130800000000
130881000000,平泉市,3,130800000000
130900000000,沧州市,2,130000000000
130902000000,新华区,3,130900000000
130903000000,运河区,3,130900000000
130921000000,沧县,3,130900000000
130922000000,青县,3,130900000000
130923000000,东光县,3,130900000000
130924000000,海兴县,3,130900000000
130925000000,盐山县,3,130900000000
130926000000,肃宁县,3,130900000000
130927000000,南皮县,3,130900000000
130928000000,吴桥县,3,130900000000
130929000000,献县,3,130900000000
130930000000,孟村回族自治县,3,130900000000
130981000000,泊头市,3,130900000000
130982000000,任丘市,3,130900000000
130983000000,黄骅市,3,130900000000
130984000000,河间市,3,130900000000
131000000000,廊坊市,2,130000000000
131002000000,安次区,3,131000000000
131003000000,广阳区,3,131000000000
131022000000,固安县,3,131000000000
131023000000,永清县,3,131000000000
131024000000,香河县,3,131000000000
131025000000,大城县,3,131000000000
131026000000,文安县,3,131000000000
131028000000,大厂回族自治县,3,131000000000
131081000000,霸州市,3,131000000000
131082000000,三河市,3,131000000000
131100000000,衡水市,2,130000000000
131102000000,桃城区,3,131100000000
131103000000,冀州区,3,131100000000
131121000000,枣强县,3,131100000000
131122000000,武邑县,3,131100000000
131123000000,武强县,3,131100000000
131124000000,饶阳县,3,131100000000
131125000000,安平县,3,131100000000
131126000000,故城县,3,131100000000
131127000000,景县,3,131100000000
131128000000,阜城县,3,131100000000
131182000000,深州市,3,131100000000
140000000000,山西省,1,
140100000000,太原市,2,140000000000
140105000000,小店区,3,140100000000
140106000000,迎泽区,3,140100000000
140107000000,杏花岭区,3,140100000000
140108000000,尖草坪区,3,140100000000
140109000000,万柏林区,3,140100000000
140110000000,晋源区,3,140100000000
140121000000,清徐县,3,140100000000
140122000000,阳曲县,3,140100000000
140123000000,娄烦县,3,140100000000
140181000000,古交市,3,140100000000
140200000000,大同市,2,140000000000
140212000000,新荣区,3,140200000000
140213000000,平城区,3,140200000000
140214000000,云冈区,3,140200000000
140215000000,云州区,3,140200000000
140221000000,阳高县,3,140200000000
140222000000,天镇县,3,140200000000
140223000000,广灵县,3,140200000000
140224000000,灵丘县,3,140200000000
140225000000,浑源县,3,140200000000
140226000000,左云县,3,140200000000
140300000000,阳泉市,2,140000000000
140302000000,城区,3,140300000000
140303000000,矿区,3,140300000000
140311000000,郊区,3,140300000000
140321000000,平定县,3,140300000000
140322000000,盂县,3,140300000000
140400000000,长治市,2,140000000000
140403000000,潞州区,3,140400000000
140404000000,上党区,3,140400000000
140405000000,屯留区,3,140400000000
140406000000,潞城区,3,140400000000
140423000000,襄垣县,3,140400000000
140425000000,平顺县,3,140400000000
140426000000,黎城县,3,140400000000
140427000000,壶关县,3,140400000000
140428000000,长子县,3,140400000000
140429000000,武乡县,3,140400000000
140430000000,沁县,3,140400000000
140431000000,沁源县,3,140400000000
140500000000,晋城市,2,140000000000
140502000000,城区,3,140500000000
140521000000,沁水县,3,140500000000
140522000000,阳城县,3,140500000000
140524000000,陵川县,3,140500000000
140525000000,泽州县,3,140500000000
140581000000,高平市,3,140500000000
140600000000,朔州市,2,140000000000
140602000000,朔城区,3,140600000000
140603000000,平鲁区,3,140600000000
140621000000,山阴县,3,140600000000
140622000000,应县,3,140600000000
140623000000,右玉县,3,140600000000
140681000000,怀仁市,3,140600000000
140700000000,晋中市,2,140000000000
140702000000,榆次区,3,140700000000
140703000000,太谷区,3,140700000000
140721000000,榆社县,3,140700000000
140722000000,左权县,3,140700000000
140723000000,和顺县,3,140700000000
140724000000,昔阳县,3,140700000000
140725000000,寿阳县,3,140700000000
140727000000,祁县,3,140700000000
140728000000,平遥县,3,140700000000
140729000000,灵石县,3,140700000000
140781000000,介休市,3,140700000000
140800000000,运城市,2,140000000000
140802000000,盐湖区,3,140800000000
140821000000,临猗县,3,140800000000
140822000000,万荣县,3,140800000000
140823000000,闻喜县,3,140800000000
140824000000,稷山县,3,140800000000
140825000000,新绛县,3,140800000000
140826000000,绛县,3,140800000000
140827000000,垣曲县,3,140800000000
140828000000,夏县,3,140800000000
140829000000,平陆县,3,140800000000
140830000000,芮城县,3,140800000000
140881000000,永济市,3,140800000000
140882000000,河津市,3,140800000000
140900000000,忻州市,2,140000000000
140902000000,忻府区,3,140900000000
140921000000,定襄县,3,140900000000
140922000000,五台县,3,140900000000
140923000000,代县,3,140900000000
140924000000,繁峙县,3,140900000000
140925000000,宁武县,3,140900000000
140926000000,静乐县,3,140900000000
140927000000,神池县,3,140900000000
140928000000,五寨县,3,140900000000
140929000000,岢岚县,3,140900000000
140930000000,河曲县,3,140900000000
140931000000,保德县,3,140900000000
140932000000,偏关县,3,140900000000
140981000000,原平市,3,140900000000
141000000000,临汾市,2,140000000000
141002000000,尧都区,3,141000000000
141021000000,曲沃县,3,141000000000
141022000000,翼城县,3,141000000000
141023000000,襄汾县,3,141000000000
141024000000,洪洞县,3,141000000000
141025000000,古县,3,141000000000
141026000000,安泽县,3,141000000000
141027000000,浮山县,3,141000000000
141028000000,吉县,3,141000000000
141029000000,乡宁县,3,141000000000
141030000000,大宁县,3,141000000000
141031000000,隰县,3,141000000000
141032000000,永和县,3,141000000000
141033000000,蒲县,3,141000000000
141034000000,汾西县,3,141000000000
141081000000,侯马市,3,141000000000
141082000000,霍州市,3,141000000000
141100000000,吕梁市,2,140000000000
141102000000,离石区,3,141100000000
141121000000,文水县,3,141100000000
141122000000,交城县,3,141100000000
141123000000,兴县,3,141100000000
141124000000,临县,3,141100000000
141125000000,柳林县,3,141100000000
141126000000,石楼县,3,141100000000
141127000000,岚县,3,141100000000
141128000000,方山县,3,141100000000
141129000000,中阳县,3,141100000000
141130000000,交口县,3,141100000000
141181000000,孝义市,3,141100000000
141182000000,汾阳市,3,141100000000
150000000000,内蒙古自治区,1,
150100000000,呼和浩特市,2,150000000000
150102000000,新城区,3,150100000000
150103000000,回民区,3,150100000000
150104000000,玉泉区,3,150100000000
150105000000,赛罕区,3,150100000000
150121000000,土默特左旗,3,150100000000
150122000000,托克托县,3,150100000000
150123000000,和林格尔县,3,150100000000
150124000000,清水河县,3,150100000000
150125000000,武川县,3,150100000000
150200000000,包头市,2,150000000000
150202000000,东河区,3,150200000000
150203000000,昆都仑区,3,150200000000
150204000000,青山区,3,150200000000
150205000000,石拐区,3,150200000000
150206000000,白云鄂博矿区,3,150200000000
150207000000,九原区,3,150200000000
150221000000,土默特右旗,3,150200000000
150222000000,固阳县,3,150200000000
150223000000,达尔罕茂明安联合旗,3,150200000000
150300000000,乌海市,2,150000000000
150302000000,海勃湾区,3,150300000000
150303000000,海南区,3,150300000000
150304000000,乌达区,3,150300000000
150400000000,赤峰市,2,150000000000
150402000000,红山区,3,150400000000
150403000000,元宝山区,3,150400000000
150404000000,松山区,3,150400000000
150421000000,阿鲁科尔沁旗,3,150400000000
150422000000,巴林左旗,3,150400000000
150423000000,巴林右旗,3,150400000000
150424000000,林西县,3,150400000000
150425000000,克什克腾旗,3,150400000000
150426000000,翁牛特旗,3,150400000000
150428000000,喀喇沁旗,3,150400000000
150429000000,宁城县,3,150400000000
150430000000,敖汉旗,3,150400000000
150500000000,通辽市,2,150000000000
150502000000,科尔沁区,3,150500000000
150521000000,科尔沁左翼中旗,3,150500000000
150522000000,科尔沁左翼后旗,3,150500000000
150523000000,开鲁县,3,150500000000
150524000000,库伦旗,3,150500000000
150525000000,奈曼旗,3,150500000000
150526000000,扎鲁特旗,3,150500000000
150581000000,霍林郭勒市,3,150500000000
150600000000,鄂尔多斯市,2,150000000000
150602000000,东胜区,3,150600000000
150603000000,康巴什区,3,150600000000
150621000000,达拉特旗,3,150600000000
150622000000,准格尔旗,3,150600000000
150623000000,鄂托克前旗,3,150600000000
150624000000,鄂托克旗,3,150600000000
150625000000,杭锦旗,3,150600000000
150626000000,乌审旗,3,150600000000
150627000000,伊金霍洛旗,3,150600000000
150700000000,呼伦贝尔市,2,150000000000
150702000000,海拉尔区,3,150700000000
150703000000,扎赉诺尔区,3,150700000000
150721000000,阿荣旗,3,150700000000
150722000000,莫力达瓦达斡尔族自治旗,3,150700000000
150723000000,鄂伦春自治旗,3,150700000000
150724000000,鄂温克族自治旗,3,150700000000
150725000000,陈巴尔虎旗,3,150700000000
150726000000,新巴尔虎左旗,3,150700000000
150727000000,新巴尔虎右旗,3,150700000000
150781000000,满洲里市,3,150700000000
150782000000,牙克石市,3,150700000000
150783000000,扎兰屯市,3,150700000000
150784000000,额尔古纳市,3,150700000000
150785000000,根河市,3,150700000000
150800000000,巴彦淖尔市,2,150000000000
150802000000,临河区,3,150800000000
150821000000,五原县,3,150800000000
150822000000,磴口县,3,150800000000
150823000000,乌拉特前旗,3,150800000000
150824000000,乌拉特中旗,3,150800000000
150825000000,乌拉特后旗,3,150800000000
150826000000,杭锦后旗,3,150800000000
150900000000,乌兰察布市,2,150000000000
150902000000,集宁区,3,150900000000
150921000000,卓资县,3,150900000000
150922000000,化德县,3,150900000000
150923000000,商都县,3,150900000000
150924000000,兴和县,3,150900000000
150925000000,凉城县,3,150900000000
150926000000,察哈尔右翼前旗,3,150900000000
150927000000,察哈尔右翼中旗,3,150900000000
150928000000,察哈尔右翼后旗,3,150900000000
150929000000,四子王旗,3,150900000000
150981000000,丰镇市,3,150900000000
152200000000,兴安盟,2,150000000000
152201000000,乌兰浩特市,3,152200000000
152202000000,阿尔山市,3,152200000000
152221000000,科尔沁右翼前旗,3,152200000000
152222000000,科尔沁右翼中旗,3,152200000000
152223000000,扎赉特旗,3,152200000000
152224000000,突泉县,3,152200000000
152500000000,锡林郭勒盟,2,150000000000
152501000000,二连浩特市,3,152500000000
152502000000,锡林浩特市,3,152500000000
152522000000,阿巴嘎旗,3,152500000000
152523000000,苏尼特左旗,3,152500000000
152524000000,苏尼特右旗,3,152500000000
152525000000,东乌珠穆沁旗,3,152500000000
152526000000,西乌珠穆沁旗,3,152500000000
152527000000,太仆寺旗,3,152500000000
152528000000,镶黄旗,3,152500000000
152529000000,正镶白旗,3,152500000000
152530000000,正蓝旗,3,152500000000
152531000000,多伦县,3,152500000000
152900000000,阿拉善盟,2,150000000000
152921000000,阿拉善左旗,3,152900000000
152922000000,阿拉善右旗,3,152900000000
152923000000,额济纳旗,3,152900000000
210000000000,辽宁省,1,
210100000000,沈阳市,2,210000000000
210102000000,和平区,3,210100000000
210103000000,沈河区,3,210100000000
210104000000,大东区,3,210100000000
210105000000,皇姑区,3,210100000000
210106000000,铁西区,3,210100000000
210111000000,苏家屯区,3,210100000000
210112000000,浑南区,3,210100000000
210113000000,沈北新区,3,210100000000
210114000000,于洪区,3,210100000000
210115000000,辽中区,3,210100000000
210123000000,康平县,3,210100000000
210124000000,法库县,3,210100000000
210181000000,新民市,3,210100000000
210200000000,大连市,2,210000000000
210202000000,中山区,3,210200000000
210203000000,西岗区,3,210200000000
210204000000,沙河口区,3,210200000000
210211000000,甘井子区,3,210200000000
210212000000,旅顺口区,3,210200000000
210213000000,金州区,3,210200000000
210214000000,普兰店区,3,210200000000
210224000000,长海县,3,210200000000
210281000000,瓦房店市,3,210200000000
210283000000,庄河市,3,210200000000
210300000000,鞍山市,2,210000000000
210302000000,铁东区,3,210300000000
210303000000,铁西区,3,210300000000
210304000000,立山区,3,210300000000
210311000000,千山区,3,210300000000
210321000000,台安县,3,210300000000
210323000000,岫岩满族自治县,3,210300000000
210381000000,海城市,3,210300000000
210400000000,抚顺市,2,210000000000
210402000000,新抚区,3,210400000000
210403000000,东洲区,3,210400000000
210404000000,望花区,3,210400000000
210411000000,顺城区,3,210400000000
210421000000,抚顺县,3,210400000000
210422000000,新宾满族自治县,3,210400000000
210423000000,清原满族自治县,3,210400000000
210500000000,本溪市,2,210000000000
210502000000,平山区,3,210500000000
210503000000,溪湖区,3,210500000000
210504000000,明山区,3,210500000000
210505000000,南芬区,3,210500000000
210521000000,本溪满族自治县,3,210500000000
210522000000,桓仁满族自治县,3,210500000000
210600000000,丹东市,2,210000000000
210602000000,元宝区,3,210600000000
210603000000,振兴区,3,210600000000
210604000000,振安区,3,210600000000
210624000000,宽甸满族自治县,3,210600000000
210681000000,东港市,3,210600000000
210682000000,凤城市,3,210600000000
210700000000,锦州市,2,210000000000
210702000000,古塔区,3,210700000000
210703000000,凌河区,3,210700000000
210711000000,太和区,3,210700000000
210726000000,黑山县,3,210700000000
210727000000,义县,3,210700000000
210781000000,凌海市,3,210700000000
210782000000,北镇市,3,210700000000
210800000000,营口市,2,210000000000
210802000000,站前区,3,210800000000
210803000000,西市区,3,210800000000
210804000000,鲅鱼圈区,3,210800000000
210811000000,老边区,3,210800000000
210881000000,盖州市,3,210800000000
210882000000,大石桥市,3,210800000000
210900000000,阜新市,2,210000000000
210902000000,海州区,3,210900000000
210903000000,新邱区,3,210900000000
210904000000,太平区,3,210900000000
210905000000,清河门区,3,210900000000
210911000000,细河区,3,210900000000
210921000000,阜新蒙古族自治县,3,210900000000
210922000000,彰武县,3,210900000000
211000000000,辽阳市,2,210000000000
211002000000,白塔区,3,211000000000
211003000000,文圣区,3,211000000000
211004000000,宏伟区,3,211000000000
211005000000,弓长岭区,3,211000000000
211011000000,太子河区,3,211000000000
211021000000,辽阳县,3,211000000000
211081000000,灯塔市,3,211000000000
211100000000,盘锦市,2,210000000000
211102000000,双台子区,3,211100000000
211103000000,兴隆台区,3,211100000000
211104000000,大洼区,3,211100000000
211122000000,盘山县,3,211100000000
211200000000,铁岭市,2,210000000000
211202000000,银州区,3,211200000000
211204000000,清河区,3,211200000000
211221000000,铁岭县,3,211200000000
211223000000,西丰县,3,211200000000
211224000000,昌图县,3,211200000000
211281000000,调兵山市,3,211200000000
211282000000,开原市,3,211200000000
211300000000,朝阳市,2,210000000000
211302000000,双塔区,3,211300000000
211303000000,龙城区,3,211300000000
211321000000,朝阳县,3,211300000000
211322000000,建平县,3,211300000000
211324000000,喀喇沁左翼蒙古族自治县,3,211300000000
211381000000,北票市,3,211300000000
211382000000,凌源市,3,211300000000
211400000000,葫芦岛市,2,210000000000
211402000000,连山区,3,211400000000
211403000000,龙港区,3,211400000000
211404000000,南票区,3,211400000000
211421000000,绥中县,3,211400000000
211422000000,建昌县,3,211400000000
211481000000,兴城市,3,211400000000
220000000000,吉林省,1,
220100000000,长春市,2,220000000000
220102000000,南关区,3,220100000000
220103000000,宽城区,3,220100000000
220104000000,朝阳区,3,220100000000
220105000000,二道区,3,220100000000
220106000000,绿园区,3,220100000000
220112000000,双阳区,3,220100000000
220113000000,九台区,3,220100000000
220122000000,农安县,3,220100000000
220182000000,榆树市,3,220100000000
220183000000,德惠市,3,220100000000
220184000000,公主岭市,3,220100000000
220200000000,吉林市,2,220000000000
220202000000,昌邑区,3,220200000000
220203000000,龙潭区,3,220200000000
220204000000,船营区,3,220200000000
220211000000,丰满区,3,220200000000
220221000000,永吉县,3,220200000000
220281000000,蛟河市,3,220200000000
220282000000,桦甸市,3,220200000000
220283000000,舒兰市,3,220200000000
220284000000,磐石市,3,220200000000
220300000000,四平市,2,220000000000
220302000000,铁西区,3,220300000000
220303000000,铁东区,3,220300000000
220322000000,梨树县,3,220300000000
220323000000,伊通满族自治县,3,220300000000
220382000000,双辽市,3,220300000000
220400000000,辽源市,2,220000000000
220402000000,龙山区,3,220400000000
220403000000,西安区,3,220400000000
220421000000,东丰县,3,220400000000
220422000000,东辽县,3,220400000000
220500000000,通化市,2,220000000000
220502000000,东昌区,3,220500000000
220503000000,二道江区,3,220500000000
220521000000,通化县,3,220500000000
220523000000,辉南县,3,220500000000
220524000000,柳河县,3,220500000000
220581000000,梅河口市,3,220500000000
220582000000,集安市,3,220500000000
220600000000,白山市,2,220000000000
220602000000,浑江区,3,220600000000
220605000000,江源区,3,220600000000
220621000000,抚松县,3,220600000000
220622000000,靖宇县,3,220600000000
220623000000,长白朝鲜族自治县,3,220600000000
220681000000,临江市,3,220600000000
220700000000,松原市,2,220000000000
220702000000,宁江区,3,220700000000
220721000000,前郭尔罗斯蒙古族自治县,3,220700000000
220722000000,长岭县,3,220700000000
220723000000,乾安县,3,220700000000
220781000000,扶余市,3,220700000000
220800000000,白城市,2,220000000000
220802000000,洮北区,3,220800000000
220821000000,镇赉县,3,220800000000
220822000000,通榆县,3,220800000000
220881000000,洮南市,3,220800000000
220882000000,大安市,3,220800000000
222400000000,延边朝鲜族自治州,2,220000000000
222401000000,延吉市,3,222400000000
222402000000,图们市,3,222400000000
222403000000,敦化市,3,222400000000
222404000000,珲春市,3,222400000000
222405000000,龙井市,3,222400000000
222406000000,和龙市,3,222400000000
222424000000,汪清县,3,222400000000
222426000000,安图县,3,222400000000
230000000000,黑龙江省,1,
230100000000,哈尔滨市,2,230000000000
230102000000,道里区,3,230100000000
230103000000,南岗区,3,230100000000
230104000000,道外区,3,230100000000
230108000000,平房区,3,230100000000
230109000000,松北区,3,230100000000
230110000000,香坊区,3,230100000000
230111000000,呼兰区,3,230100000000
230112000000,阿城区,3,230100000000
230113000000,双城区,3,230100000000
230123000000,依兰县,3,230100000000
230124000000,方正县,3,230100000000
230125000000,宾县,3,230100000000
230126000000,巴彦县,3,230100000000
230127000000,木兰县,3,230100000000
230128000000,通河县,3,230100000000
230129000000,延寿县,3,230100000000
230183000000,尚志市,3,230100000000
230184000000,五常市,3,230100000000
230200000000,齐齐哈尔市,2,230000000000
230202000000,龙沙区,3,230200000000
230203000000,建华区,3,230200000000
230204000000,铁锋区,3,230200000000
230205000000,昂昂溪区,3,230200000000
230206000000,富拉尔基区,3,230200000000
230207000000,碾子山区,3,230200000000
230208000000,梅里斯达斡尔族区,3,230200000000
230221000000,龙江县,3,230200000000
230223000000,依安县,3,230200000000
230224000000,泰来县,3,230200000000
230225000000,甘南县,3,230200000000
230227000000,富裕县,3,230200000000
230229000000,克山县,3,230200000000
230230000000,克东县,3,230200000000
230231000000,拜泉县,3,230200000000
230281000000,讷河市,3,230200000000
230300000000,鸡西市,2,230000000000
230302000000,鸡冠区,3,230300000000
230303000000,恒山区,3,230300000000
230304000000,滴道区,3,230300000000
230305000000,梨树区,3,230300000000
230306000000,城子河区,3,230300000000
230307000000,麻山区,3,230300000000
230321000000,鸡东县,3,230300000000
230381000000,虎林市,3,230300000000
230382000000,密山市,3,230300000000
230400000000,鹤岗市,2,230000000000
230402000000,向阳区,3,230400000000
230403000000,工农区,3,230400000000
230404000000,南山区,3,230400000000
230405000000,兴安区,3,230400000000
230406000000,东山区,3,230400000000
230407000000,兴山区,3,230400000000
230421000000,萝北县,3,230400000000
230422000000,绥滨县,3,230400000000
230500000000,双鸭山市,2,230000000000
230502000000,尖山区,3,230500000000
230503000000,岭东区,3,230500000000
230505000000,四方台区,3,230500000000
230506000000,宝山区,3,230500000000
230521000000,集贤县,3,230500000000
230522000000,友谊县,3,230500000000
230523000000,宝清县,3,230500000000
230524000000,饶河县,3,230500000000
230600000000,大庆市,2,230000000000
230602000000,萨尔图区,3,230600000000
230603000000,龙凤区,3,230600000000
230604000000,让胡路区,3,230600000000
230605000000,红岗区,3,230600000000
230606000000,大同区,3,230600000000
230621000000,肇州县,3,230600000000
230622000000,肇源县,3,230600000000
230623000000,林甸县,3,230600000000
230624000000,杜尔伯特蒙古族自治县,3,230600000000
230700000000,伊春市,2,230000000000
230717000000,伊美区,3,230700000000
230718000000,乌翠区,3,230700000000
230719000000,友好区,3,230700000000
230722000000,嘉荫县,3,230700000000
230723000000,汤旺县,3,230700000000
230724000000,丰林县,3,230700000000
230725000000,大箐山县,3,230700000000
230726000000,南岔县,3,230700000000
230751000000,金林区,3,230700000000
230781000000,铁力市,3,230700000000
230800000000,佳木斯市,2,230000000000
230803000000,向阳区,3,230800000000
230804000000,前进区,3,230800000000
230805000000,东风区,3,230800000000
230811000000,郊区,3,230800000000
230822000000,桦南县,3,230800000000
230826000000,桦川县,3,230800000000
230828000000,汤原县,3,230800000000
230881000000,同江市,3,230800000000
230882000000,富锦市,3,230800000000
230883000000,抚远市,3,230800000000
230900000000,七台河市,2,230000000000
230902000000,新兴区,3,230900000000
230903000000,桃山区,3,230900000000
230904000000,茄子河区,3,230900000000
230921000000,勃利县,3,230900000000
231000000000,牡丹江市,2,230000000000
231002000000,东安区,3,231000000000
231003000000,阳明区,3,231000000000
231004000000,爱民区,3,231000000000
231005000000,西安区,3,231000000000
231025000000,林口县,3,231000000000
231081000000,绥芬河市,3,231000000000
231083000000,海林市,3,231000000000
231084000000,宁安市,3,231000000000
231085000000,穆棱市,3,231000000000
231086000000,东宁市,3,231000000000
231100000000,黑河市,2,230000000000
231102000000,爱辉区,3,231100000000
231123000000,逊克县,3,231100000000
231124000000,孙吴县,3,231100000000
231181000000,北安市,3,231100000000
231182000000,五大连池市,3,231100000000
231183000000,嫩江市,3,231100000000
231200000000,绥化市,2,230000000000
231202000000,北林区,3,231200000000
231221000000,望奎县,3,231200000000
231222000000,兰西县,3,231200000000
231223000000,青冈县,3,231200000000
231224000000,庆安县,3,231200000000
231225000000,明水县,3,231200000000
231226000000,绥棱县,3,231200000000
231281000000,安达市,3,231200000000
231282000000,肇东市,3,231200000000
231283000000,海伦市,3,231200000000
232700000000,大兴安岭地区,2,230000000000
232701000000,漠河市,3,232700000000
232721000000,呼玛县,3,232700000000
232722000000,塔河县,3,232700000000
310000000000,上海市,1,
310101000000,黄浦区,3,310000000000
310104000000,徐汇区,3,310000000000
310105000000,长宁区,3,310000000000
310106000000,静安区,3,310000000000
310107000000,普陀区,3,310000000000
310109000000,虹口区,3,310000000000
310110000000,杨浦区,3,310000000000
310112000000,闵行区,3,310000000000
310113000000,宝山区,3,310000000000
310114000000,嘉定区,3,310000000000
310115000000,浦东新区,3,310000000000
310116000000,金山区,3,310000000000
310117000000,松江区,3,310000000000
310118000000,青浦区,3,310000000000
310120000000,奉贤区,3,310000000000
310151000000,崇明区,3,310000000000
320000000000,江苏省,1,
320100000000,南京市,2,320000000000
320102000000,玄武区,3,320100000000
320104000000,秦淮区,3,320100000000
320105000000,建邺区,3,320100000000
320106000000,鼓楼区,3,320100000000
320111000000,浦口区,3,320100000000
320113000000,栖霞区,3,320100000000
320114000000,雨花台区,3,320100000000
320115000000,江宁区,3,320100000000
320116000000,六合区,3,320100000000
320117000000,溧水区,3,320100000000
320118000000,高淳区,3,320100000000
320200000000,无锡市,2,320000000000
320205000000,锡山区,3,320200000000
320206000000,惠山区,3,320200000000
320211000000,滨湖区,3,320200000000
320213000000,梁溪区,3,320200000000
320214000000,新吴区,3,320200000000
320281000000,江阴市,3,320200000000
320282000000,宜兴市,3,320200000000
320300000000,徐州市,2,320000000000
320302000000,鼓楼区,3,320300000000
320303000000,云龙区,3,320300000000
320305000000,贾汪区,3,320300000000
320311000000,泉山区,3,320300000000
320312000000,铜山区,3,320300000000
320321000000,丰县,3,320300000000
320322000000,沛县,3,320300000000
320324000000,睢宁县,3,320300000000
320381000000,新沂市,3,320300000000
320382000000,邳州市,3,320300000000
320400000000,常州市,2,320000000000
320402000000,天宁区,3,320400000000
320404000000,钟楼区,3,320400000000
320411000000,新北区,3,320400000000
320412000000,武进区,3,320400000000
320413000000,金坛区,3,320400000000
320481000000,溧阳市,3,320400000000
320500000000,苏州市,2,320000000000
320505000000,虎丘区,3,320500000000
320506000000,吴中区,3,320500000000
320507000000,相城区,3,320500000000
320508000000,姑苏区,3,320500000000
320509000000,吴江区,3,320500000000
320581000000,常熟市,3,320500000000
320582000000,张家港市,3,320500000000
320583000000,昆山市,3,320500000000
320585000000,太仓市,3,320500000000
320600000000,南通市,2,320000000000
320612000000,通州区,3,320600000000
320613000000,崇川区,3,320600000000
320614000000,海门区,3,320600000000
320623000000,如东县,3,320600000000
320681000000,启东市,3,320600000000
320682000000,如皋市,3,320600000000
320685000000,海安市,3,320600000000
320700000000,连云港市,2,320000000000
320703000000,连云区,3,320700000000
320706000000,海州区,3,320700000000
320707000000,赣榆区,3,320700000000
320722000000,东海县,3,320700000000
320723000000,灌云县,3,320700000000
320724000000,灌南县,3,320700000000
320800000000,淮安市,2,320000000000
320803000000,淮安区,3,320800000000
320804000000,淮阴区,3,320800000000
320812000000,清江浦区,3,320800000000
320813000000,洪泽区,3,320800000000
320826000000,涟水县,3,320800000000
320830000000,盱眙县,3,320800000000
320831000000,金湖县,3,320800000000
320900000000,盐城市,2,320000000000
320902000000,亭湖区,3,320900000000
320903000000,盐都区,3,320900000000
320904000000,大丰区,3,320900000000
320921000000,响水县,3,320900000000
320922000000,滨海县,3,320900000000
320923000000,阜宁县,3,320900000000
320924000000,射阳县,3,320900000000
320925000000,建湖县,3,320900000000
320981000000,东台市,3,320900000000
321000000000,扬州市,2,320000000000
321002000000,广陵区,3,321000000000
321003000000,邗江区,3,321000000000
321012000000,江都区,3,321000000000
321023000000,宝应县,3,321000000000
321081000000,仪征市,3,321000000000
321084000000,高邮市,3,321000000000
321100000000,镇江市,2,320000000000
321102000000,京口区,3,321100000000
321111000000,润州区,3,321100000000
321112000000,丹徒区,3,321100000000
321181000000,丹阳市,3,321100000000
321182000000,扬中市,3,321100000000
321183000000,句容市,3,321100000000
321200000000,泰州市,2,320000000000
321202000000,海陵区,3,321200000000
321203000000,高港区,3,321200000000
321204000000,姜堰区,3,321200000000
321281000000,兴化市,3,321200000000
321282000000,靖江市,3,321200000000
321283000000,泰兴市,3,321200000000
321300000000,宿迁市,2,320000000000
321302000000,宿城区,3,321300000000
321311000000,宿豫区,3,321300000000
321322000000,沭阳县,3,321300000000
321323000000,泗阳县,3,321300000000
321324000000,泗洪县,3,321300000000
330000000000,浙江省,1,
330100000000,杭州市,2,330000000000
330102000000,上城区,3,330100000000
330105000000,拱墅区,3,330100000000
330106000000,西湖区,3,330100000000
330108000000,滨江区,3,330100000000
330109000000,萧山区,3,330100000000
330110000000,余杭区,3,330100000000
330111000000,富阳区,3,330100000000
330112000000,临安区,3,330100000000
330113000000,临平区,3,330100000000
330114000000,钱塘区,3,330100000000
330122000000,桐庐县,3,330100000000
330127000000,淳安县,3,330100000000
330182000000,建德市,3,330100000000
330200000000,宁波市,2,330000000000
330203000000,海曙区,3,330200000000
330205000000,江北区,3,330200000000
330206000000,北仑区,3,330200000000
330211000000,镇海区,3,330200000000
330212000000,鄞州区,3,330200000000
330213000000,奉化区,3,330200000000
330225000000,象山县,3,330200000000
330226000000,宁海县,3,330200000000
330281000000,余姚市,3,330200000000
330282000000,慈溪市,3,330200000000
330300000000,温州市,2,330000000000
330302000000,鹿城区,3,330300000000
330303000000,龙湾区,3,330300000000
330304000000,瓯海区,3,330300000000
330305000000,洞头区,3,330300000000
330324000000,永嘉县,3,330300000000
330326000000,平阳县,3,330300000000
330327000000,苍南县,3,330300000000
330328000000,文成县,3,330300000000
330329000000,泰顺县,3,330300000000
330381000000,瑞安市,3,330300000000
330382000000,乐清市,3,330300000000
330383000000,龙港市,3,330300000000
330400000000,嘉兴市,2,330000000000
330402000000,南湖区,3,330400000000
330411000000,秀洲区,3,330400000000
330421000000,嘉善县,3,330400000000
330424000000,海盐县,3,330400000000
330481000000,海宁市,3,330400000000
330482000000,平湖市,3,330400000000
330483000000,桐乡市,3,330400000000
330500000000,湖州市,2,330000000000
330502000000,吴兴区,3,330500000000
330503000000,南浔区,3,330500000000
330521000000,德清县,3,330500000000
330522000000,长兴县,3,330500000000
330523000000,安吉县,3,330500000000
330600000000,绍兴市,2,330000000000
330602000000,越城区,3,330600000000
330603000000,柯桥区,3,330600000000
330604000000,上虞区,3,330600000000
330624000000,新昌县,3,330600000000
330681000000,诸暨市,3,330600000000
330683000000,嵊州市,3,330600000000
330700000000,金华市,2,330000000000
330702000000,婺城区,3,330700000000
330703000000,金东区,3,330700000000
330723000000,武义县,3,330700000000
330726000000,浦江县,3,330700000000
330727000000,磐安县,3,330700000000
330781000000,兰溪市,3,330700000000
330782000000,义乌市,3,330700000000
330783000000,东阳市,3,330700000000
330784000000,永康市,3,330700000000
330800000000,衢州市,2,330000000000
330802000000,柯城区,3,330800000000
330803000000,衢江区,3,330800000000
330822000000,常山县,3,330800000000
330824000000,开化县,3,330800000000
330825000000,龙游县,3,330800000000
330881000000,江山市,3,330800000000
330900000000,舟山市,2,330000000000
330902000000,定海区,3,330900000000
330903000000,普陀区,3,330900000000
330921000000,岱山县,3,330900000000
330922000000,嵊泗县,3,330900000000
331000000000,台州市,2,330000000000
331002000000,椒江区,3,331000000000
331003000000,黄岩区,3,331000000000
331004000000,路桥区,3,331000000000
331022000000,三门县,3,331000000000
331023000000,天台县,3,331000000000
331024000000,仙居县,3,331000000000
331081000000,温岭市,3,331000000000
331082000000,临海市,3,331000000000
331083000000,玉环市,3,331000000000
331100000000,丽水市,2,330000000000
331102000000,莲都区,3,331100000000
331121000000,青田县,3,331100000000
331122000000,缙云县,3,331100000000
331123000000,遂昌县,3,331100000000
331124000000,松阳县,3,331100000000
331125000000,云和县,3,331100000000
331126000000,庆元县,3,331100000000
331127000000,景宁畲族自治县,3,331100000000
331181000000,龙泉市,3,331100000000
340000000000,安徽省,1,
340100000000,合肥市,2,340000000000
340102000000,瑶海区,3,340100000000
340103000000,庐阳区,3,340100000000
340104000000,蜀山区,3,340100000000
340111000000,包河区,3,340100000000
340121000000,长丰县,3,340100000000
340122000000,肥东县,3,340100000000
340123000000,肥西县,3,340100000000
340124000000,庐江县,3,340100000000
340181000000,巢湖市,3,340100000000
340200000000,芜湖市,2,340000000000
340202000000,镜湖区,3,340200000000
340207000000,鸠江区,3,340200000000
340209000000,弋江区,3,340200000000
340210000000,湾沚区,3,340200000000
340212000000,繁昌区,3,340200000000
340223000000,南陵县,3,340200000000
340281000000,无为市,3,340200000000
340300000000,蚌埠市,2,340000000000
340302000000,龙子湖区,3,340300000000
340303000000,蚌山区,3,340300000000
340304000000,禹会区,3,340300000000
340311000000,淮上区,3,340300000000
340321000000,怀远县,3,340300000000
340322000000,五河县,3,340300000000
340323000000,固镇县,3,340300000000
340400000000,淮南市,2,340000000000
340402000000,大通区,3,340400000000
340403000000,田家庵区,3,340400000000
340404000000,谢家集区,3,340400000000
340405000000,八公山区,3,340400000000
340406000000,潘集区,3,340400000000
340421000000,凤台县,3,340400000000
340422000000,寿县,3,340400000000
340500000000,马鞍山市,2,340000000000
340503000000,花山区,3,340500000000
340504000000,雨山区,3,340500000000
340506000000,博望区,3,340500000000
340521000000,当涂县,3,340500000000
340522000000,含山县,3,340500000000
340523000000,和县,3,340500000000
340600000000,淮北市,2,340000000000
340602000000,杜集区,3,340600000000
340603000000,相山区,3,340600000000
340604000000,烈山区,3,340600000000
340621000000,濉溪县,3,340600000000
340700000000,铜陵市,2,340000000000
340705000000,铜官区,3,340700000000
340706000000,义安区,3,340700000000
340711000000,郊区,3,340700000000
340722000000,枞阳县,3,340700000000
340800000000,安庆市,2,340000000000
340802000000,迎江区,3,340800000000
340803000000,大观区,3,340800000000
340811000000,宜秀区,3,340800000000
340822000000,怀宁县,3,340800000000
340825000000,太湖县,3,340800000000
340826000000,宿松县,3,340800000000
340827000000,望江县,3,340800000000
340828000000,岳西县,3,340800000000
340881000000,桐城市,3,340800000000
340882000000,潜山市,3,340800000000
341000000000,黄山市,2,340000000000
341002000000,屯溪区,3,341000000000
341003000000,黄山区,3,341000000000
341004000000,徽州区,3,341000000000
341021000000,歙县,3,341000000000
341022000000,休宁县,3,341000000000
341023000000,黟县,3,341000000000
341024000000,祁门县,3,341000000000
341100000000,滁州市,2,340000000000
341102000000,琅琊区,3,341100000000
341103000000,南谯区,3,341100000000
341122000000,来安县,3,341100000000
341124000000,全椒县,3,341100000000
341125000000,定远县,3,341100000000
341126000000,凤阳县,3,341100000000
341181000000,天长市,3,341100000000
341182000000,明光市,3,341100000000
341200000000,阜阳市,2,340000000000
341202000000,颍州区,3,341200000000
341203000000,颍东区,3,341200000000
341204000000,颍泉区,3,341200000000
341221000000,临泉县,3,341200000000
341222000000,太和县,3,341200000000
341225000000,阜南县,3,341200000000
341226000000,颍上县,3,341200000000
341282000000,界首市,3,341200000000
341300000000,宿州市,2,340000000000
341302000000,埇桥区,3,341300000000
341321000000,砀山县,3,341300000000
341322000000,萧县,3,341300000000
341323000000,灵璧县,3,341300000000
341324000000,泗县,3,341300000000
341500000000,六安市,2,340000000000
341502000000,金安区,3,341500000000
341503000000,裕安区,3,341500000000
341504000000,叶集区,3,341500000000
341522000000,霍邱县,3,341500000000
341523000000,舒城县,3,341500000000
341524000000,金寨县,3,341500000000
341525000000,霍山县,3,341500000000
341600000000,亳州市,2,340000000000
341602000000,谯城区,3,341600000000
341621000000,涡阳县,3,341600000000
341622000000,蒙城县,3,341600000000
341623000000,利辛县,3,341600000000
341700000000,池州市,2,340000000000
341702000000,贵池区,3,341700000000
341721000000,东至县,3,341700000000
341722000000,石台县,3,341700000000
341723000000,青阳县,3,341700000000
341800000000,宣城市,2,340000000000
341802000000,宣州区,3,341800000000
341821000000,郎溪县,3,341800000000
341823000000,泾县,3,341800000000
341824000000,绩溪县,3,341800000000
341825000000,旌德县,3,341800000000
341881000000,宁国市,3,341800000000
341882000000,广德市,3,341800000000
350000000000,福建省,1,
350100000000,福州市,2,350000000000
350102000000,鼓楼区,3,350100000000
350103000000,台江区,3,350100000000
350104000000,仓山区,3,350100000000
350105000000,马尾区,3,350100000000
350111000000,晋安区,3,350100000000
350112000000,长乐区,3,350100000000
350121000000,闽侯县,3,350100000000
350122000000,连江县,3,350100000000
350123000000,罗源县,3,350100000000
350124000000,闽清县,3,350100000000
350125000000,永泰县,3,350100000000
350128000000,平潭县,3,350100000000
350181000000,福清市,3,350100000000
350200000000,厦门市,2,350000000000
350203000000,思明区,3,350200000000
350205000000,海沧区,3,350200000000
350206000000,湖里区,3,350200000000
350211000000,集美区,3,350200000000
350212000000,同安区,3,350200000000
350213000000,翔安区,3,350200000000
350300000000,莆田市,2,350000000000
350302000000,城厢区,3,350300000000
350303000000,涵江区,3,350300000000
350304000000,荔城区,3,350300000000
350305000000,秀屿区,3,350300000000
350322000000,仙游县,3,350300000000
350400000000,三明市,2,350000000000
350404000000,三元区,3,350400000000
350405000000,沙县区,3,350400000000
350421000000,明溪县,3,350400000000
350423000000,清流县,3,350400000000
350424000000,宁化县,3,350400000000
350425000000,大田县,3,350400000000
350426000000,尤溪县,3,350400000000
350428000000,将乐县,3,350400000000
350429000000,泰宁县,3,350400000000
350430000000,建宁县,3,350400000000
350481000000,永安市,3,350400000000
350500000000,泉州市,2,350000000000
350502000000,鲤城区,3,350500000000
350503000000,丰泽区,3,350500000000
350504000000,洛江区,3,350500000000
350505000000,泉港区,3,350500000000
350521000000,惠安县,3,350500000000
350524000000,安溪县,3,350500000000
350525000000,永春县,3,350500000000
350526000000,德化县,3,350500000000
350527000000,金门县,3,350500000000
350581000000,石狮市,3,350500000000
350582000000,晋江市,3,350500000000
350583000000,南安市,3,350500000000
350600000000,漳州市,2,350000000000
350602000000,芗城区,3,350600000000
350603000000,龙文区,3,350600000000
350604000000,龙海区,3,350600000000
350605000000,长泰区,3,350600000000
350622000000,云霄县,3,350600000000
350623000000,漳浦县,3,350600000000
350624000000,诏安县,3,350600000000
350626000000,东山县,3,350600000000
350627000000,南靖县,3,350600000000
350628000000,平和县,3,350600000000
350629000000,华安县,3,350600000000
350700000000,南平市,2,350000000000
350702000000,延平区,3,350700000000
350703000000,建阳区,3,350700000000
350721000000,顺昌县,3,350700000000
350722000000,浦城县,3,350700000000
350723000000,光泽县,3,350700000000
350724000000,松溪县,3,350700000000
350725000000,政和县,3,350700000000
350781000000,邵武市,3,350700000000
350782000000,武夷山市,3,350700000000
350783000000,建瓯市,3,350700000000
350800000000,龙岩市,2,350000000000
350802000000,新罗区,3,350800000000
350803000000,永定区,3,350800000000
350821000000,长汀县,3,350800000000
350823000000,上杭县,3,350800000000
350824000000,武平县,3,350800000000
350825000000,连城县,3,350800000000
350881000000,漳平市,3,350800000000
350900000000,宁德市,2,350000000000
350902000000,蕉城区,3,350900000000
350921000000,霞浦县,3,350900000000
350922000000,古田县,3,350900000000
350923000000,屏南县,3,350900000000
350924000000,寿宁县,3,350900000000
350925000000,周宁县,3,350900000000
350926000000,柘荣县,3,350900000000
350981000000,福安市,3,350900000000
350982000000,福鼎市,3,350900000000
360000000000,江西省,1,
360100000000,南昌市,2,360000000000
360102000000,东湖区,3,360100000000
360103000000,西湖区,3,360100000000
360104000000,青云谱区,3,360100000000
360111000000,青山湖区,3,360100000000
360112000000,新建区,3,360100000000
360113000000,红谷滩区,3,360100000000
360121000000,南昌县,3,360100000000
360123000000,安义县,3,360100000000
360124000000,进贤县,3,360100000000
360200000000,景德镇市,2,360000000000
360202000000,昌江区,3,360200000000
360203000000,珠山区,3,360200000000
360222000000,浮梁县,3,360200000000
360281000000,乐平市,3,360200000000
360300000000,萍乡市,2,360000000000
360302000000,安源区,3,360300000000
360313000000,湘东区,3,360300000000
360321000000,莲花县,3,360300000000
360322000000,上栗县,3,360300000000
360323000000,芦溪县,3,360300000000
360400000000,九江市,2,360000000000
360402000000,濂溪区,3,360400000000
360403000000,浔阳区,3,360400000000
360404000000,柴桑区,3,360400000000
360423000000,武宁县,3,360400000000
360424000000,修水县,3,360400000000
360425000000,永修县,3,360400000000
360426000000,德安县,3,360400000000
360428000000,都昌县,3,360400000000
360429000000,湖口县,3,360400000000
360430000000,彭泽县,3,360400000000
360481000000,瑞昌市,3,360400000000
360482000000,共青城市,3,360400000000
360483000000,庐山市,3,360400000000
360500000000,新余市,2,360000000000
360502000000,渝水区,3,360500000000
360521000000,分宜县,3,360500000000
360600000000,鹰潭市,2,360000000000
360602000000,月湖区,3,360600000000
360603000000,余江区,3,360600000000
360681000000,贵溪市,3,360600000000
360700000000,赣州市,2,360000000000
360702000000,章贡区,3,360700000000
360703000000,南康区,3,360700000000
360704000000,赣县区,3,360700000000
360722000000,信丰县,3,360700000000
360723000000,大余县,3,360700000000
360724000000,上犹县,3,360700000000
360725000000,崇义县,3,360700000000
360726000000,安远县,3,360700000000
360728000000,定南县,3,360700000000
360729000000,全南县,3,360700000000
360730000000,宁都县,3,360700000000
360731000000,于都县,3,360700000000
360732000000,兴国县,3,360700000000
360733000000,会昌县,3,360700000000
360734000000,寻乌县,3,360700000000
360735000000,石城县,3,360700000000
360781000000,瑞金市,3,360700000000
360783000000,龙南市,3,360700000000
360800000000,吉安市,2,360000000000
360802000000,吉州区,3,360800000000
360803000000,青原区,3,360800000000
360821000000,吉安县,3,360800000000
360822000000,吉水县,3,360800000000
360823000000,峡江县,3,360800000000
360824000000,新干县,3,360800000000
360825000000,永丰县,3,360800000000
360826000000,泰和县,3,360800000000
360827000000,遂川县,3,360800000000
360828000000,万安县,3,360800000000
360829000000,安福县,3,360800000000
360830000000,永新县,3,360800000000
360881000000,井冈山市,3,360800000000
360900000000,宜春市,2,360000000000
360902000000,袁州区,3,360900000000
360921000000,奉新县,3,360900000000
360922000000,万载县,3,360900000000
360923000000,上高县,3,360900000000
360924000000,宜丰县,3,360900000000
360925000000,靖安县,3,360900000000
360926000000,铜鼓县,3,360900000000
360981000000,丰城市,3,360900000000
360982000000,樟树市,3,360900000000
360983000000,高安市,3,360900000000
361000000000,抚州市,2,360000000000
361002000000,临川区,3,361000000000
361003000000,东乡区,3,361000000000
361021000000,南城县,3,361000000000
361022000000,黎川县,3,361000000000
361023000000,南丰县,3,361000000000
361024000000,崇仁县,3,361000000000
361025000000,乐安县,3,361000000000
361026000000,宜黄县,3,361000000000
361027000000,金溪县,3,361000000000
361028000000,资溪县,3,361000000000
361030000000,广昌县,3,361000000000
361100000000,上饶市,2,360000000000
361102000000,信州区,3,361100000000
361103000000,广丰区,3,361100000000
361104000000,广信区,3,361100000000
361123000000,玉山县,3,361100000000
361124000000,铅山县,3,361100000000
361125000000,横峰县,3,361100000000
361126000000,弋阳县,3,361100000000
361127000000,余干县,3,361100000000
361128000000,鄱阳县,3,361100000000
361129000000,万年县,3,361100000000
361130000000,婺源县,3,361100000000
361181000000,德兴市,3,361100000000
370000000000,山东省,1,
370100000000,济南市,2,370000000000
370102000000,历下区,3,370100000000
370103000000,市中区,3,370100000000
370104000000,槐荫区,3,370100000000
370105000000,天桥区,3,370100000000
370112000000,历城区,3,370100000000
370113000000,长清区,3,370100000000
370114000000,章丘区,3,370100000000
370115000000,济阳区,3,370100000000
370116000000,莱芜区,3,370100000000
370117000000,钢城区,3,370100000000
370124000000,平阴县,3,370100000000
370126000000,商河县,3,370100000000
370200000000,青岛市,2,370000000000
370202000000,市南区,3,370200000000
370203000000,市北区,3,370200000000
370211000000,黄岛区,3,370200000000
370212000000,崂山区,3,370200000000
370213000000,李沧区,3,370200000000
370214000000,城阳区,3,370200000000
370215000000,即墨区,3,370200000000
370281000000,胶州市,3,370200000000
370283000000,平度市,3,370200000000
370285000000,莱西市,3,370200000000
370300000000,淄博市,2,370000000000
370302000000,淄川区,3,370300000000
370303000000,张店区,3,370300000000
370304000000,博山区,3,370300000000
370305000000,临淄区,3,370300000000
370306000000,周村区,3,370300000000
370321000000,桓台县,3,370300000000
370322000000,高青县,3,370300000000
370323000000,沂源县,3,370300000000
370400000000,枣庄市,2,370000000000
370402000000,市中区,3,370400000000
370403000000,薛城区,3,370400000000
370404000000,峄城区,3,370400000000
370405000000,台儿庄区,3,370400000000
370406000000,山亭区,3,370400000000
370481000000,滕州市,3,370400000000
370500000000,东营市,2,370000000000
370502000000,东营区,3,370500000000
370503000000,河口区,3,370500000000
370505000000,垦利区,3,370500000000
370522000000,利津县,3,370500000000
370523000000,广饶县,3,370500000000
370600000000,烟台市,2,370000000000
370602000000,芝罘区,3,370600000000
370611000000,福山区,3,370600000000
370612000000,牟平区,3,370600000000
370613000000,莱山区,3,370600000000
370614000000,蓬莱区,3,370600000000
370681000000,龙口市,3,370600000000
370682000000,莱阳市,3,370600000000
370683000000,莱州市,3,370600000000
370685000000,招远市,3,370600000000
370686000000,栖霞市,3,370600000000
370687000000,海阳市,3,370600000000
370700000000,潍坊市,2,370000000000
370702000000,潍城区,3,370700000000
370703000000,寒亭区,3,370700000000
370704000000,坊子区,3,370700000000
370705000000,奎文区,3,370700000000
370724000000,临朐县,3,370700000000
370725000000,昌乐县,3,370700000000
370781000000,青州市,3,370700000000
370782000000,诸城市,3,370700000000
370783000000,寿光市,3,370700000000
370784000000,安丘市,3,370700000000
370785000000,高密市,3,370700000000
370786000000,昌邑市,3,370700000000
370800000000,济宁市,2,370000000000
370811000000,任城区,3,370800000000
370812000000,兖州区,3,370800000000
370826000000,微山县,3,370800000000
370827000000,鱼台县,3,370800000000
370828000000,金乡县,3,370800000000
370829000000,嘉祥县,3,370800000000
370830000000,汶上县,3,370800000000
370831000000,泗水县,3,370800000000
370832000000,梁山县,3,370800000000
370881000000,曲阜市,3,370800000000
370883000000,邹城市,3,370800000000
370900000000,泰安市,2,370000000000
370902000000,泰山区,3,370900000000
370911000000,岱岳区,3,370900000000
370921000000,宁阳县,3,370900000000
370923000000,东平县,3,370900000000
370982000000,新泰市,3,370900000000
370983000000,肥城市,3,370900000000
371000000000,威海市,2,370000000000
371002000000,环翠区,3,371000000000
371003000000,文登区,3,371000000000
371082000000,荣成市,3,371000000000
371083000000,乳山市,3,371000000000
371100000000,日照市,2,370000000000
371102000000,东港区,3,371100000000
371103000000,岚山区,3,371100000000
371121000000,五莲县,3,371100000000
371122000000,莒县,3,371100000000
371300000000,临沂市,2,370000000000
371302000000,兰山区,3,371300000000
371311000000,罗庄区,3,371300000000
371312000000,河东区,3,371300000000
371321000000,沂南县,3,371300000000
371322000000,郯城县,3,371300000000
371323000000,沂水县,3,371300000000
371324000000,兰陵县,3,371300000000
371325000000,费县,3,371300000000
371326000000,平邑县,3,371300000000
371327000000,莒南县,3,371300000000
371328000000,蒙阴县,3,371300000000
371329000000,临沭县,3,371300000000
371400000000,德州市,2,370000000000
371402000000,德城区,3,371400000000
371403000000,陵城区,3,371400000000
371422000000,宁津县,3,371400000000
371423000000,庆云县,3,371400000000
371424000000,临邑县,3,371400000000
371425000000,齐河县,3,371400000000
371426000000,平原县,3,371400000000
371427000000,夏津县,3,371400000000
371428000000,武城县,3,371400000000
371481000000,乐陵市,3,371400000000
371482000000,禹城市,3,371400000000
371500000000,聊城市,2,370000000000
371502000000,东昌府区,3,371500000000
371503000000,茌平区,3,371500000000
371521000000,阳谷县,3,371500000000
371522000000,莘县,3,371500000000
371524000000,东阿县,3,371500000000
371525000000,冠县,3,371500000000
371526000000,高唐县,3,371500000000
371581000000,临清市,3,371500000000
371600000000,滨州市,2,370000000000
371602000000,滨城区,3,371600000000
371603000000,沾化区,3,371600000000
371621000000,惠民县,3,371600000000
371622000000,阳信县,3,371600000000
371623000000,无棣县,3,371600000000
371625000000,博兴县,3,371600000000
371681000000,邹平市,3,371600000000
371700000000,菏泽市,2,370000000000
371702000000,牡丹区,3,371700000000
371703000000,定陶区,3,371700000000
371721000000,曹县,3,371700000000
371722000000,单县,3,371700000000
371723000000,成武县,3,371700000000
371724000000,巨野县,3,371700000000
371725000000,郓城县,3,371700000000
371726000000,鄄城县,3,371700000000
371728000000,东明县,3,371700000000
410000000000,河南省,1,
410100000000,郑州市,2,410000000000
410102000000,中原区,3,410100000000
410103000000,二七区,3,410100000000
410104000000,管城回族区,3,410100000000
410105000000,金水区,3,410100000000
410106000000,上街区,3,410100000000
410108000000,惠济区,3,410100000000
410122000000,中牟县,3,410100000000
410181000000,巩义市,3,410100000000
410182000000,荥阳市,3,410100000000
410183000000,新密市,3,410100000000
410184000000,新郑市,3,410100000000
410185000000,登封市,3,410100000000
410200000000,开封市,2,410000000000
410202000000,龙亭区,3,410200000000
410203000000,顺河回族区,3,410200000000
410204000000,鼓楼区,3,410200000000
410205000000,禹王台区,3,410200000000
410212000000,祥符区,3,410200000000
410221000000,杞县,3,410200000000
410222000000,通许县,3,410200000000
410223000000,尉氏县,3,410200000000
410225000000,兰考县,3,410200000000
410300000000,洛阳市,2,410000000000
410302000000,老城区,3,410300000000
410303000000,西工区,3,410300000000
410304000000,瀍河回族区,3,410300000000
410305000000,涧西区,3,410300000000
410307000000,偃师区,3,410300000000
410308000000,孟津区,3,410300000000
410311000000,洛龙区,3,410300000000
410323000000,新安县,3,410300000000
410324000000,栾川县,3,410300000000
410325000000,嵩县,3,410300000000
410326000000,汝阳县,3,410300000000
410327000000,宜阳县,3,410300000000
410328000000,洛宁县,3,410300000000
410329000000,伊川县,3,410300000000
410400000000,平顶山市,2,410000000000
410402000000,新华区,3,410400000000
410403000000,卫东区,3,410400000000
410404000000,石龙区,3,410400000000
410411000000,湛河区,3,410400000000
410421000000,宝丰县,3,410400000000
410422000000,叶县,3,410400000000
410423000000,鲁山县,3,410400000000
410425000000,郏县,3,410400000000
410481000000,舞钢市,3,410400000000
410482000000,汝州市,3,410400000000
410500000000,安阳市,2,410000000000
410502000000,文峰区,3,410500000000
410503000000,北关区,3,410500000000
410505000000,殷都区,3,410500000000
410506000000,龙安区,3,410500000000
410522000000,安阳县,3,410500000000
410523000000,汤阴县,3,410500000000
410526000000,滑县,3,410500000000
410527000000,内黄县,3,410500000000
410581000000,林州市,3,410500000000
410600000000,鹤壁市,2,410000000000
410602000000,鹤山区,3,410600000000
410603000000,山城区,3,410600000000
410611000000,淇滨区,3,410600000000
410621000000,浚县,3,410600000000
410622000000,淇县,3,410600000000
410700000000,新乡市,2,410000000000
410702000000,红旗区,3,410700000000
410703000000,卫滨区,3,410700000000
410704000000,凤泉区,3,410700000000
410711000000,牧野区,3,410700000000
410721000000,新乡县,3,410700000000
410724000000,获嘉县,3,410700000000
410725000000,原阳县,3,410700000000
410726000000,延津县,3,410700000000
410727000000,封丘县,3,410700000000
410781000000,卫辉市,3,410700000000
410782000000,辉县市,3,410700000000
410783000000,长垣市,3,410700000000
410800000000,焦作市,2,410000000000
410802000000,解放区,3,410800000000
410803000000,中站区,3,410800000000
410804000000,马村区,3,410800000000
410811000000,山阳区,3,410800000000
410821000000,修武县,3,410800000000
410822000000,博爱县,3,410800000000
410823000000,武陟县,3,410800000000
410825000000,温县,3,410800000000
410882000000,沁阳市,3,410800000000
410883000000,孟州市,3,410800000000
410900000000,濮阳市,2,410000000000
410902000000,华龙区,3,410900000000
410922000000,清丰县,3,410900000000
410923000000,南乐县,3,410900000000
410926000000,范县,3,410900000000
410927000000,台前县,3,410900000000
410928000000,濮阳县,3,410900000000
411000000000,许昌市,2,410000000000
411002000000,魏都区,3,411000000000
411003000000,建安区,3,411000000000
411024000000,鄢陵县,3,411000000000
411025000000,襄城县,3,411000000000
411081000000,禹州市,3,411000000000
411082000000,长葛市,3,411000000000
411100000000,漯河市,2,410000000000
411102000000,源汇区,3,411100000000
411103000000,郾城区,3,411100000000
411104000000,召陵区,3,411100000000
411121000000,舞阳县,3,411100000000
411122000000,临颍县,3,411100000000
411200000000,三门峡市,2,410000000000
411202000000,湖滨区,3,411200000000
411203000000,陕州区,3,411200000000
411221000000,渑池县,3,411200000000
411224000000,卢氏县,3,411200000000
411281000000,义马市,3,411200000000
411282000000,灵宝市,3,411200000000
411300000000,南阳市,2,410000000000
411302000000,宛城区,3,411300000000
411303000000,卧龙区,3,411300000000
411321000000,南召县,3,411300000000
411322000000,方城县,3,411300000000
411323000000,西峡县,3,411300000000
411324000000,镇平县,3,411300000000
411325000000,内乡县,3,411300000000
411326000000,淅川县,3,411300000000
411327000000,社旗县,3,411300000000
411328000000,唐河县,3,411300000000
411329000000,新野县,3,411300000000
411330000000,桐柏县,3,411300000000
411381000000,邓州市,3,411300000000
411400000000,商丘市,2,410000000000
411402000000,梁园区,3,411400000000
411403000000,睢阳区,3,411400000000
411421000000,民权县,3,411400000000
411422000000,睢县,3,411400000000
411423000000,宁陵县,3,411400000000
411424000000,柘城县,3,411400000000
411425000000,虞城县,3,411400000000
411426000000,夏邑县,3,411400000000
411481000000,永城市,3,411400000000
411500000000,信阳市,2,410000000000
411502000000,浉河区,3,411500000000
411503000000,平桥区,3,411500000000
411521000000,罗山县,3,411500000000
411522000000,光山县,3,411500000000
411523000000,新县,3,411500000000
411524000000,商城县,3,411500000000
411525000000,固始县,3,411500000000
411526000000,潢川县,3,411500000000
411527000000,淮滨县,3,411500000000
411528000000,息县,3,411500000000
411600000000,周口市,2,410000000000
411602000000,川汇区,3,411600000000
411603000000,淮阳区,3,411600000000
411621000000,扶沟县,3,411600000000
411622000000,西华县,3,411600000000
411623000000,商水县,3,411600000000
411624000000,沈丘县,3,411600000000
411625000000,郸城县,3,411600000000
411627000000,太康县,3,411600000000
411628000000,鹿邑县,3,411600000000
411681000000,项城市,3,411600000000
411700000000,驻马店市,2,410000000000
411702000000,驿城区,3,411700000000
411721000000,西平县,3,411700000000
411722000000,上蔡县,3,411700000000
411723000000,平舆县,3,411700000000
411724000000,正阳县,3,411700000000
411725000000,确山县,3,411700000000
411726000000,泌阳县,3,411700000000
411727000000,汝南县,3,411700000000
411728000000,遂平县,3,411700000000
411729000000,新蔡县,3,411700000000
419001000000,济源市,3,410000000000
420000000000,湖北省,1,
420100000000,武汉市,2,420000000000
420102000000,江岸区,3,420100000000
420103000000,江汉区,3,420100000000
420104000000,硚口区,3,420100000000
420105000000,汉阳区,3,420100000000
420106000000,武昌区,3,420100000000
420107000000,青山区,3,420100000000
420111000000,洪山区,3,420100000000
420112000000,东西湖区,3,420100000000
420113000000,汉南区,3,420100000000
420114000000,蔡甸区,3,420100000000
420115000000,江夏区,3,420100000000
420116000000,黄陂区,3,420100000000
420117000000,新洲区,3,420100000000
420200000000,黄石市,2,420000000000
420202000000,黄石港区,3,420200000000
420203000000,西塞山区,3,420200000000
420204000000,下陆区,3,420200000000
420205000000,铁山区,3,420200000000
420222000000,阳新县,3,420200000000
420281000000,大冶市,3,420200000000
420300000000,十堰市,2,420000000000
420302000000,茅箭区,3,420300000000
420303000000,张湾区,3,420300000000
420304000000,郧阳区,3,420300000000
420322000000,郧西县,3,420300000000
420323000000,竹山县,3,420300000000
420324000000,竹溪县,3,420300000000
420325000000,房县,3,420300000000
420381000000,丹江口市,3,420300000000
420500000000,宜昌市,2,420000000000
420502000000,西陵区,3,420500000000
420503000000,伍家岗区,3,420500000000
420504000000,点军区,3,420500000000
420505000000,猇亭区,3,420500000000
420506000000,夷陵区,3,420500000000
420525000000,远安县,3,420500000000
420526000000,兴山县,3,420500000000
420527000000,秭归县,3,420500000000
420528000000,长阳土家族自治县,3,420500000000
420529000000,五峰土家族自治县,3,420500000000
420581000000,宜都市,3,420500000000
420582000000,当阳市,3,420500000000
420583000000,枝江市,3,420500000000
420600000000,襄阳市,2,420000000000
420602000000,襄城区,3,420600000000
420606000000,樊城区,3,420600000000
420607000000,襄州区,3,420600000000
420624000000,南漳县,3,420600000000
420625000000,谷城县,3,420600000000
420626000000,保康县,3,420600000000
420682000000,老河口市,3,420600000000
420683000000,枣阳市,3,420600000000
420684000000,宜城市,3,420600000000
420700000000,鄂州市,2,420000000000
420702000000,梁子湖区,3,420700000000
420703000000,华容区,3,420700000000
420704000000,鄂城区,3,420700000000
420800000000,荆门市,2,420000000000
420802000000,东宝区,3,420800000000
420804000000,掇刀区,3,420800000000
420822000000,沙洋县,3,420800000000
420881000000,钟祥市,3,420800000000
420882000000,京山市,3,420800000000
420900000000,孝感市,2,420000000000
420902000000,孝南区,3,420900000000
420921000000,孝昌县,3,420900000000
420922000000,大悟县,3,420900000000
420923000000,云梦县,3,420900000000
420981000000,应城市,3,420900000000
420982000000,安陆市,3,420900000000
420984000000,汉川市,3,420900000000
421000000000,荆州市,2,420000000000
421002000000,沙市区,3,421000000000
421003000000,荆州区,3,421000000000
421022000000,公安县,3,421000000000
421024000000,江陵县,3,421000000000
421081000000,石首市,3,421000000000
421083000000,洪湖市,3,421000000000
421087000000,松滋市,3,421000000000
421088000000,监利市,3,421000000000
421100000000,黄冈市,2,420000000000
421102000000,黄州区,3,421100000000
421121000000,团风县,3,421100000000
421122000000,红安县,3,421100000000
421123000000,罗田县,3,421100000000
421124000000,英山县,3,421100000000
421125000000,浠水县,3,421100000000
421126000000,蕲春县,3,421100000000
421127000000,黄梅县,3,421100000000
421181000000,麻城市,3,421100000000
421182000000,武穴市,3,421100000000
421200000000,咸宁市,2,420000000000
421202000000,咸安区,3,421200000000
421221000000,嘉鱼县,3,421200000000
421222000000,通城县,3,421200000000
421223000000,崇阳县,3,421200000000
421224000000,通山县,3,421200000000
421281000000,赤壁市,3,421200000000
421300000000,随州市,2,420000000000
421303000000,曾都区,3,421300000000
421321000000,随县,3,421300000000
421381000000,广水市,3,421300000000
422800000000,恩施土家族苗族自治州,2,420000000000
422801000000,恩施市,3,422800000000
422802000000,利川市,3,422800000000
422822000000,建始县,3,422800000000
422823000000,巴东县,3,422800000000
422825000000,宣恩县,3,422800000000
422826000000,咸丰县,3,422800000000
422827000000,来凤县,3,422800000000
422828000000,鹤峰县,3,422800000000
429004000000,仙桃市,3,420000000000
429005000000,潜江市,3,420000000000
429006000000,天门市,3,420000000000
429021000000,神农架林区,3,420000000000
430000000000,湖南省,1,
430100000000,长沙市,2,430000000000
430102000000,芙蓉区,3,430100000000
430103000000,天心区,3,430100000000
430104000000,岳麓区,3,430100000000
430105000000,开福区,3,430100000000
430111000000,雨花区,3,430100000000
430112000000,望城区,3,430100000000
430121000000,长沙县,3,430100000000
430181000000,浏阳市,3,430100000000
430182000000,宁乡市,3,430100000000
430200000000,株洲市,2,430000000000
430202000000,荷塘区,3,430200000000
430203000000,芦淞区,3,430200000000
430204000000,石峰区,3,430200000000
430211000000,天元区,3,430200000000
430212000000,渌口区,3,430200000000
430223000000,攸县,3,430200000000
430224000000,茶陵县,3,430200000000
430225000000,炎陵县,3,430200000000
430281000000,醴陵市,3,430200000000
430300000000,湘潭市,2,430000000000
430302000000,雨湖区,3,430300000000
430304000000,岳塘区,3,430300000000
430321000000,湘潭县,3,430300000000
430381000000,湘乡市,3,430300000000
430382000000,韶山市,3,430300000000
430400000000,衡阳市,2,430000000000
430405000000,珠晖区,3,430400000000
430406000000,雁峰区,3,430400000000
430407000000,石鼓区,3,430400000000
430408000000,蒸湘区,3,430400000000
430412000000,南岳区,3,430400000000
430421000000,衡阳县,3,430400000000
430422000000,衡南县,3,430400000000
430423000000,衡山县,3,430400000000
430424000000,衡东县,3,430400000000
430426000000,祁东县,3,430400000000
430481000000,耒阳市,3,430400000000
430482000000,常宁市,3,430400000000
430500000000,邵阳市,2,430000000000
430502000000,双清区,3,430500000000
430503000000,大祥区,3,430500000000
430511000000,北塔区,3,430500000000
430522000000,新邵县,3,430500000000
430523000000,邵阳县,3,430500000000
430524000000,隆回县,3,430500000000
430525000000,洞口县,3,430500000000
430527000000,绥宁县,3,430500000000
430528000000,新宁县,3,430500000000
430529000000,城步苗族自治县,3,430500000000
430581000000,武冈市,3,430500000000
430582000000,邵东市,3,430500000000
430600000000,岳阳市,2,430000000000
430602000000,岳阳楼区,3,430600000000
430603000000,云溪区,3,430600000000
430611000000,君山区,3,430600000000
430621000000,岳阳县,3,430600000000
430623000000,华容县,3,430600000000
430624000000,湘阴县,3,430600000000
430626000000,平江县,3,430600000000
430681000000,汨罗市,3,430600000000
430682000000,临湘市,3,430600000000
430700000000,常德市,2,430000000000
430702000000,武陵区,3,430700000000
430703000000,鼎城区,3,430700000000
430721000000,安乡县,3,430700000000
430722000000,汉寿县,3,430700000000
430723000000,澧县,3,430700000000
430724000000,临澧县,3,430700000000
430725000000,桃源县,3,430700000000
430726000000,石门县,3,430700000000
430781000000,津市市,3,430700000000
430800000000,张家界市,2,430000000000
430802000000,永定区,3,430800000000
430811000000,武陵源区,3,430800000000
430821000000,慈利县,3,430800000000
430822000000,桑植县,3,430800000000
430900000000,益阳市,2,430000000000
430902000000,资阳区,3,430900000000
430903000000,赫山区,3,430900000000
430921000000,南县,3,430900000000
430922000000,桃江县,3,430900000000
430923000000,安化县,3,430900000000
430981000000,沅江市,3,430900000000
431000000000,郴州市,2,430000000000
431002000000,北湖区,3,431000000000
431003000000,苏仙区,3,431000000000
431021000000,桂阳县,3,431000000000
431022000000,宜章县,3,431000000000
431023000000,永兴县,3,431000000000
431024000000,嘉禾县,3,431000000000
431025000000,临武县,3,431000000000
431026000000,汝城县,3,431000000000
431027000000,桂东县,3,431000000000
431028000000,安仁县,3,431000000000
431081000000,资兴市,3,431000000000
431100000000,永州市,2,430000000000
431102000000,零陵区,3,431100000000
431103000000,冷水滩区,3,431100000000
431122000000,东安县,3,431100000000
431123000000,双牌县,3,431100000000
431124000000,道县,3,431100000000
431125000000,江永县,3,431100000000
431126000000,宁远县,3,431100000000
431127000000,蓝山县,3,431100000000
431128000000,新田县,3,431100000000
431129000000,江华瑶族自治县,3,431100000000
431181000000,祁阳市,3,431100000000
431200000000,怀化市,2,430000000000
431202000000,鹤城区,3,431200000000
431221000000,中方县,3,431200000000
431222000000,沅陵县,3,431200000000
431223000000,辰溪县,3,431200000000
431224000000,溆浦县,3,431200000000
431225000000,会同县,3,431200000000
431226000000,麻阳苗族自治县,3,431200000000
431227000000,新晃侗族自治县,3,431200000000
431228000000,芷江侗族自治县,3,431200000000
431229000000,靖州苗族侗族自治县,3,431200000000
431230000000,通道侗族自治县,3,431200000000
431281000000,洪江市,3,431200000000
431300000000,娄底市,2,430000000000
431302000000,娄星区,3,431300000000
431321000000,双峰县,3,431300000000
431322000000,新化县,3,431300000000
431381000000,冷水江市,3,431300000000
431382000000,涟源市,3,431300000000
433100000000,湘西土家族苗族自治州,2,430000000000
433101000000,吉首市,3,433100000000
433122000000,泸溪县,3,433100000000
433123000000,凤凰县,3,433100000000
433124000000,花垣县,3,433100000000
433125000000,保靖县,3,433100000000
433126000000,古丈县,3,433100000000
433127000000,永顺县,3,433100000000
433130000000,龙山县,3,433100000000
440000000000,广东省,1,
440100000000,广州市,2,440000000000
440103000000,荔湾区,3,440100000000
440104000000,越秀区,3,440100000000
440105000000,海珠区,3,440100000000
440106000000,天河区,3,440100000000
440111000000,白云区,3,440100000000
440112000000,黄埔区,3,440100000000
440113000000,番禺区,3,440100000000
440114000000,花都区,3,440100000000
440115000000,南沙区,3,440100000000
440117000000,从化区,3,440100000000
440118000000,增城区,3,440100000000
440200000000,韶关市,2,440000000000
440203000000,武江区,3,440200000000
440204000000,浈江区,3,440200000000
440205000000,曲江区,3,440200000000
440222000000,始兴县,3,440200000000
440224000000,仁化县,3,440200000000
440229000000,翁源县,3,440200000000
440232000000,乳源瑶族自治县,3,440200000000
440233000000,新丰县,3,440200000000
440281000000,乐昌市,3,440200000000
440282000000,南雄市,3,440200000000
440300000000,深圳市,2,440000000000
440303000000,罗湖区,3,440300000000
440304000000,福田区,3,440300000000
440305000000,南山区,3,440300000000
440306000000,宝安区,3,440300000000
440307000000,龙岗区,3,440300000000
440308000000,盐田区,3,440300000000
440309000000,龙华区,3,440300000000
440310000000,坪山区,3,440300000000
440311000000,光明区,3,440300000000
440400000000,珠海市,2,440000000000
440402000000,香洲区,3,440400000000
440403000000,斗门区,3,440400000000
440404000000,金湾区,3,440400000000
440500000000,汕头市,2,440000000000
440507000000,龙湖区,3,440500000000
440511000000,金平区,3,440500000000
440512000000,濠江区,3,440500000000
440513000000,潮阳区,3,440500000000
440514000000,潮南区,3,440500000000
440515000000,澄海区,3,440500000000
440523000000,南澳县,3,440500000000
440600000000,佛山市,2,440000000000
440604000000,禅城区,3,440600000000
440605000000,南海区,3,440600000000
440606000000,顺德区,3,440600000000
440607000000,三水区,3,440600000000
440608000000,高明区,3,440600000000
440700000000,江门市,2,440000000000
440703000000,蓬江区,3,440700000000
440704000000,江海区,3,440700000000
440705000000,新会区,3,440700000000
440781000000,台山市,3,440700000000
440783000000,开平市,3,440700000000
440784000000,鹤山市,3,440700000000
440785000000,恩平市,3,440700000000
440800000000,湛江市,2,440000000000
440802000000,赤坎区,3,440800000000
440803000000,霞山区,3,440800000000
440804000000,坡头区,3,440800000000
440811000000,麻章区,3,440800000000
440823000000,遂溪县,3,440800000000
440825000000,徐闻县,3,440800000000
440881000000,廉江市,3,440800000000
440882000000,雷州市,3,440800000000
440883000000,吴川市,3,440800000000
440900000000,茂名市,2,440000000000
440902000000,茂南区,3,440900000000
440904000000,电白区,3,440900000000
440981000000,高州市,3,440900000000
440982000000,化州市,3,440900000000
440983000000,信宜市,3,440900000000
441200000000,肇庆市,2,440000000000
441202000000,端州区,3,441200000000
441203000000,鼎湖区,3,441200000000
441204000000,高要区,3,441200000000
441223000000,广宁县,3,441200000000
441224000000,怀集县,3,441200000000
441225000000,封开县,3,441200000000
441226000000,德庆县,3,441200000000
441284000000,四会市,3,441200000000
441300000000,惠州市,2,440000000000
441302000000,惠城区,3,441300000000
441303000000,惠阳区,3,441300000000
441322000000,博罗县,3,441300000000
441323000000,惠东县,3,441300000000
441324000000,龙门县,3,441300000000
441400000000,梅州市,2,440000000000
441402000000,梅江区,3,441400000000
441403000000,梅县区,3,441400000000
441422000000,大埔县,3,441400000000
441423000000,丰顺县,3,441400000000
441424000000,五华县,3,441400000000
441426000000,平远县,3,441400000000
441427000000,蕉岭县,3,441400000000
441481000000,兴宁市,3,441400000000
441500000000,汕尾市,2,440000000000
441502000000,城区,3,441500000000
441521000000,海丰县,3,441500000000
441523000000,陆河县,3,441500000000
441581000000,陆丰市,3,441500000000
441600000000,河源市,2,440000000000
441602000000,源城区,3,441600000000
441621000000,紫金县,3,441600000000
441622000000,龙川县,3,441600000000
441623000000,连平县,3,441600000000
441624000000,和平县,3,441600000000
441625000000,东源县,3,441600000000
441700000000,阳江市,2,440000000000
441702000000,江城区,3,441700000000
441704000000,阳东区,3,441700000000
441721000000,阳西县,3,441700000000
441781000000,阳春市,3,441700000000
441800000000,清远市,2,440000000000
441802000000,清城区,3,441800000000
441803000000,清新区,3,441800000000
441821000000,佛冈县,3,441800000000
441823000000,阳山县,3,441800000000
441825000000,连山壮族瑶族自治县,3,441800000000
441826000000,连南瑶族自治县,3,441800000000
441881000000,英德市,3,441800000000
441882000000,连州市,3,441800000000
441900000000,东莞市,2,440000000000
442000000000,中山市,2,440000000000
445100000000,潮州市,2,440000000000
445102000000,湘桥区,3,445100000000
445103000000,潮安区,3,445100000000
445122000000,饶平县,3,445100000000
445200000000,揭阳市,2,440000000000
445202000000,榕城区,3,445200000000
445203000000,揭东区,3,445200000000
445222000000,揭西县,3,445200000000
445224000000,惠来县,3,445200000000
445281000000,普宁市,3,445200000000
445300000000,云浮市,2,440000000000
445302000000,云城区,3,445300000000
445303000000,云安区,3,445300000000
445321000000,新兴县,3,445300000000
445322000000,郁南县,3,445300000000
445381000000,罗定市,3,445300000000
450000000000,广西壮族自治区,1,
450100000000,南宁市,2,450000000000
450102000000,兴宁区,3,450100000000
450103000000,青秀区,3,450100000000
450105000000,江南区,3,450100000000
450107000000,西乡塘区,3,450100000000
450108000000,良庆区,3,450100000000
450109000000,邕宁区,3,450100000000
450110000000,武鸣区,3,450100000000
450123000000,隆安县,3,450100000000
450124000000,马山县,3,450100000000
450125000000,上林县,3,450100000000
450126000000,宾阳县,3,450100000000
450181000000,横州市,3,450100000000
450200000000,柳州市,2,450000000000
450202000000,城中区,3,450200000000
450203000000,鱼峰区,3,450200000000
450204000000,柳南区,3,450200000000
450205000000,柳北区,3,450200000000
450206000000,柳江区,3,450200000000
450222000000,柳城县,3,450200000000
450223000000,鹿寨县,3,450200000000
450224000000,融安县,3,450200000000
450225000000,融水苗族自治县,3,450200000000
450226000000,三江侗族自治县,3,450200000000
450300000000,桂林市,2,450000000000
450302000000,秀峰区,3,450300000000
450303000000,叠彩区,3,450300000000
450304000000,象山区,3,450300000000
450305000000,七星区,3,450300000000
450311000000,雁山区,3,450300000000
450312000000,临桂区,3,450300000000
450321000000,阳朔县,3,450300000000
450323000000,灵川县,3,450300000000
450324000000,全州县,3,450300000000
450325000000,兴安县,3,450300000000
450326000000,永福县,3,450300000000
450327000000,灌阳县,3,450300000000
450328000000,龙胜各族自治县,3,450300000000
450329000000,资源县,3,450300000000
450330000000,平乐县,3,450300000000
450332000000,恭城瑶族自治县,3,450300000000
450381000000,荔浦市,3,450300000000
450400000000,梧州市,2,450000000000
450403000000,万秀区,3,450400000000
450405000000,长洲区,3,450400000000
450406000000,龙圩区,3,450400000000
450421000000,苍梧县,3,450400000000
450422000000,藤县,3,450400000000
450423000000,蒙山县,3,450400000000
450481000000,岑溪市,3,450400000000
450500000000,北海市,2,450000000000
450502000000,海城区,3,450500000000
450503000000,银海区,3,450500000000
450512000000,铁山港区,3,450500000000
450521000000,合浦县,3,450500000000
450600000000,防城港市,2,450000000000
450602000000,港口区,3,450600000000
450603000000,防城区,3,450600000000
450621000000,上思县,3,450600000000
450681000000,东兴市,3,450600000000
450700000000,钦州市,2,450000000000
450702000000,钦南区,3,450700000000
450703000000,钦北区,3,450700000000
450721000000,灵山县,3,450700000000
450722000000,浦北县,3,450700000000
450800000000,贵港市,2,450000000000
450802000000,港北区,3,450800000000
450803000000,港南区,3,450800000000
450804000000,覃塘区,3,450800000000
450821000000,平南县,3,450800000000
450881000000,桂平市,3,450800000000
450900000000,玉林市,2,450000000000
450902000000,玉州区,3,450900000000
450903000000,福绵区,3,450900000000
450921000000,容县,3,450900000000
450922000000,陆川县,3,450900000000
450923000000,博白县,3,450900000000
450924000000,兴业县,3,450900000000
450981000000,北流市,3,450900000000
451000000000,百色市,2,450000000000
451002000000,右江区,3,451000000000
451003000000,田阳区,3,451000000000
451022000000,田东县,3,451000000000
451024000000,德保县,3,451000000000
451026000000,那坡县,3,451000000000
451027000000,凌云县,3,451000000000
451028000000,乐业县,3,451000000000
451029000000,田林县,3,451000000000
451030000000,西林县,3,451000000000
451031000000,隆林各族自治县,3,451000000000
451081000000,靖西市,3,451000000000
451082000000,平果市,3,451000000000
451100000000,贺州市,2,450000000000
451102000000,八步区,3,451100000000
451103000000,平桂区,3,451100000000
451121000000,昭平县,3,451100000000
451122000000,钟山县,3,451100000000
451123000000,富川瑶族自治县,3,451100000000
451200000000,河池市,2,450000000000
451202000000,金城江区,3,451200000000
451203000000,宜州区,3,451200000000
451221000000,南丹县,3,451200000000
451222000000,天峨县,3,451200000000
451223000000,凤山县,3,451200000000
451224000000,东兰县,3,451200000000
451225000000,罗城仫佬族自治县,3,451200000000
451226000000,环江毛南族自治县,3,451200000000
451227000000,巴马瑶族自治县,3,451200000000
451228000000,都安瑶族自治县,3,451200000000
451229000000,大化瑶族自治县,3,451200000000
451300000000,来宾市,2,450000000000
451302000000,兴宾区,3,451300000000
451321000000,忻城县,3,451300000000
451322000000,象州县,3,451300000000
451323000000,武宣县,3,451300000000
451324000000,金秀瑶族自治县,3,451300000000
451381000000,合山市,3,451300000000
451400000000,崇左市,2,450000000000
451402000000,江州区,3,451400000000
451421000000,扶绥县,3,451400000000
451422000000,宁明县,3,451400000000
451423000000,龙州县,3,451400000000
451424000000,大新县,3,451400000000
451425000000,天等县,3,451400000000
451481000000,凭祥市,3,451400000000
460000000000,海南省,1,
460100000000,海口市,2,460000000000
460105000000,秀英区,3,460100000000
460106000000,龙华区,3,460100000000
460107000000,琼山区,3,460100000000
460108000000,美兰区,3,460100000000
460200000000,三亚市,2,460000000000
460202000000,海棠区,3,460200000000
460203000000,吉阳区,3,460200000000
460204000000,天涯区,3,460200000000
460205000000,崖州区,3,460200000000
460300000000,三沙市,2,460000000000
460302000000,西沙区,3,460300000000
460303000000,南沙区,3,460300000000
460400000000,儋州市,2,460000000000
469001000000,五指山市,3,460000000000
469002000000,琼海市,3,460000000000
469005000000,文昌市,3,460000000000
469006000000,万宁市,3,460000000000
469007000000,东方市,3,460000000000
469021000000,定安县,3,460000000000
469022000000,屯昌县,3,460000000000
469023000000,澄迈县,3,460000000000
469024000000,临高县,3,460000000000
469025000000,白沙黎族自治县,3,460000000000
469026000000,昌江黎族自治县,3,460000000000
469027000000,乐东黎族自治县,3,460000000000
469028000000,陵水黎族自治县,3,460000000000
469029000000,保亭黎族苗族自治县,3,460000000000
469030000000,琼中黎族苗族自治县,3,460000000000
500000000000,重庆市,1,
500101000000,万州区,3,500000000000
500102000000,涪陵区,3,500000000000
500103000000,渝中区,3,500000000000
500104000000,大渡口区,3,500000000000
500106000000,沙坪坝区,3,500000000000
500107000000,九龙坡区,3,500000000000
500108000000,南岸区,3,500000000000
500109000000,北碚区,3,500000000000
500110000000,綦江区,3,500000000000
500111000000,大足区,3,500000000000
500113000000,巴南区,3,500000000000
500114000000,黔江区,3,500000000000
500115000000,长寿区,3,500000000000
500116000000,江津区,3,500000000000
500117000000,合川区,3,500000000000
500118000000,永川区,3,500000000000
500119000000,南川区,3,500000000000
500120000000,璧山区,3,500000000000
500151000000,铜梁区,3,500000000000
500152000000,潼南区,3,500000000000
500153000000,荣昌区,3,500000000000
500154000000,开州区,3,500000000000
500155000000,梁平区,3,500000000000
500156000000,武隆区,3,500000000000
500157000000,两江新区,3,500000000000
500229000000,城口县,3,500000000000
500230000000,丰都县,3,500000000000
500231000000,垫江县,3,500000000000
500233000000,忠县,3,500000000000
500235000000,云阳县,3,500000000000
500236000000,奉节县,3,500000000000
500237000000,巫山县,3,500000000000
500238000000,巫溪县,3,500000000000
500240000000,石柱土家族自治县,3,500000000000
500241000000,秀山土家族苗族自治县,3,500000000000
500242000000,酉阳土家族苗族自治县,3,500000000000
500243000000,彭水苗族土家族自治县,3,500000000000
510000000000,四川省,1,
510100000000,成都市,2,510000000000
510104000000,锦江区,3,510100000000
510105000000,青羊区,3,510100000000
510106000000,金牛区,3,510100000000
510107000000,武侯区,3,510100000000
510108000000,成华区,3,510100000000
510112000000,龙泉驿区,3,510100000000
510113000000,青白江区,3,510100000000
510114000000,新都区,3,510100000000
510115000000,温江区,3,510100000000
510116000000,双流区,3,510100000000
510117000000,郫都区,3,510100000000
510118000000,新津区,3,510100000000
510121000000,金堂县,3,510100000000
510129000000,大邑县,3,510100000000
510131000000,蒲江县,3,510100000000
510181000000,都江堰市,3,510100000000
510182000000,彭州市,3,510100000000
510183000000,邛崃市,3,510100000000
510184000000,崇州市,3,510100000000
510185000000,简阳市,3,510100000000
510300000000,自贡市,2,510000000000
510302000000,自流井区,3,510300000000
510303000000,贡井区,3,510300000000
510304000000,大安区,3,510300000000
510311000000,沿滩区,3,510300000000
510321000000,荣县,3,510300000000
510322000000,富顺县,3,510300000000
510400000000,攀枝花市,2,510000000000
510402000000,东区,3,510400000000
510403000000,西区,3,510400000000
510411000000,仁和区,3,510400000000
510421000000,米易县,3,510400000000
510422000000,盐边县,3,510400000000
510500000000,泸州市,2,510000000000
510502000000,江阳区,3,510500000000
510503000000,纳溪区,3,510500000000
510504000000,龙马潭区,3,510500000000
510521000000,泸县,3,510500000000
510522000000,合江县,3,510500000000
510524000000,叙永县,3,510500000000
510525000000,古蔺县,3,510500000000
510600000000,德阳市,2,510000000000
510603000000,旌阳区,3,510600000000
510604000000,罗江区,3,510600000000
510623000000,中江县,3,510600000000
510681000000,广汉市,3,510600000000
510682000000,什邡市,3,510600000000
510683000000,绵竹市,3,510600000000
510700000000,绵阳市,2,510000000000
510703000000,涪城区,3,510700000000
510704000000,游仙区,3,510700000000
510705000000,安州区,3,510700000000
510722000000,三台县,3,510700000000
510723000000,盐亭县,3,510700000000
510725000000,梓潼县,3,510700000000
510726000000,北川羌族自治县,3,510700000000
510727000000,平武县,3,510700000000
510781000000,江油市,3,510700000000
510800000000,广元市,2,510000000000
510802000000,利州区,3,510800000000
510811000000,昭化区,3,510800000000
510812000000,朝天区,3,510800000000
510821000000,旺苍县,3,510800000000
510822000000,青川县,3,510800000000
510823000000,剑阁县,3,510800000000
510824000000,苍溪县,3,510800000000
510900000000,遂宁市,2,510000000000
510903000000,船山区,3,510900000000
510904000000,安居区,3,510900000000
510921000000,蓬溪县,3,510900000000
510923000000,大英县,3,510900000000
510981000000,射洪市,3,510900000000
511000000000,内江市,2,510000000000
511002000000,市中区,3,511000000000
511011000000,东兴区,3,511000000000
511024000000,威远县,3,511000000000
511025000000,资中县,3,511000000000
511083000000,隆昌市,3,511000000000
511100000000,乐山市,2,510000000000
511102000000,市中区,3,511100000000
511111000000,沙湾区,3,511100000000
511112000000,五通桥区,3,511100000000
511113000000,金口河区,3,511100000000
511123000000,犍为县,3,511100000000
511124000000,井研县,3,511100000000
511126000000,夹江县,3,511100000000
511129000000,沐川县,3,511100000000
511132000000,峨边彝族自治县,3,511100000000
511133000000,马边彝族自治县,3,511100000000
511181000000,峨眉山市,3,511100000000
511300000000,南充市,2,510000000000
511302000000,顺庆区,3,511300000000
511303000000,高坪区,3,511300000000
511304000000,嘉陵区,3,511300000000
511321000000,南部县,3,511300000000
511322000000,营山县,3,511300000000
511323000000,蓬安县,3,511300000000
511324000000,仪陇县,3,511300000000
511325000000,西充县,3,511300000000
511381000000,阆中市,3,511300000000
511400000000,眉山市,2,510000000000
511402000000,东坡区,3,511400000000
511403000000,彭山区,3,511400000000
511421000000,仁寿县,3,511400000000
511423000000,洪雅县,3,511400000000
511424000000,丹棱县,3,511400000000
511425000000,青神县,3,511400000000
511500000000,宜宾市,2,510000000000
511502000000,翠屏区,3,511500000000
511503000000,南溪区,3,511500000000
511504000000,叙州区,3,511500000000
511523000000,江安县,3,511500000000
511524000000,长宁县,3,511500000000
511525000000,高县,3,511500000000
511526000000,珙县,3,511500000000
511527000000,筠连县,3,511500000000
511528000000,兴文县,3,511500000000
511529000000,屏山县,3,511500000000
511600000000,广安市,2,510000000000
511602000000,广安区,3,511600000000
511603000000,前锋区,3,511600000000
511621000000,岳池县,3,511600000000
511622000000,武胜县,3,511600000000
511623000000,邻水县,3,511600000000
511681000000,华蓥市,3,511600000000
511700000000,达州市,2,510000000000
511702000000,通川区,3,511700000000
511703000000,达川区,3,511700000000
511722000000,宣汉县,3,511700000000
511723000000,开江县,3,511700000000
511724000000,大竹县,3,511700000000
511725000000,渠县,3,511700000000
511781000000,万源市,3,511700000000
511800000000,雅安市,2,510000000000
511802000000,雨城区,3,511800000000
511803000000,名山区,3,511800000000
511822000000,荥经县,3,511800000000
511823000000,汉源县,3,511800000000
511824000000,石棉县,3,511800000000
511825000000,天全县,3,511800000000
511826000000,芦山县,3,511800000000
511827000000,宝兴县,3,511800000000
511900000000,巴中市,2,510000000000
511902000000,巴州区,3,511900000000
511903000000,恩阳区,3,511900000000
511921000000,通江县,3,511900000000
511922000000,南江县,3,511900000000
511923000000,平昌县,3,511900000000
512000000000,资阳市,2,510000000000
512002000000,雁江区,3,512000000000
512021000000,安岳县,3,512000000000
512022000000,乐至县,3,512000000000
513200000000,阿坝藏族羌族自治州,2,510000000000
513201000000,马尔康市,3,513200000000
513221000000,汶川县,3,513200000000
513222000000,理县,3,513200000000
513223000000,茂县,3,513200000000
513224000000,松潘县,3,513200000000
513225000000,九寨沟县,3,513200000000
513226000000,金川县,3,513200000000
513227000000,小金县,3,513200000000
513228000000,黑水县,3,513200000000
513230000000,壤塘县,3,513200000000
513231000000,阿坝县,3,513200000000
513232000000,若尔盖县,3,513200000000
513233000000,红原县,3,513200000000
513300000000,甘孜藏族自治州,2,510000000000
513301000000,康定市,3,513300000000
513322000000,泸定县,3,513300000000
513323000000,丹巴县,3,513300000000
513324000000,九龙县,3,513300000000
513325000000,雅江县,3,513300000000
513326000000,道孚县,3,513300000000
513327000000,炉霍县,3,513300000000
513328000000,甘孜县,3,513300000000
513329000000,新龙县,3,513300000000
513330000000,德格县,3,513300000000
513331000000,白玉县,3,513300000000
513332000000,石渠县,3,513300000000
513333000000,色达县,3,513300000000
513334000000,理塘县,3,513300000000
513335000000,巴塘县,3,513300000000
513336000000,乡城县,3,513300000000
513337000000,稻城县,3,513300000000
513338000000,得荣县,3,513300000000
513400000000,凉山彝族自治州,2,510000000000
513401000000,西昌市,3,513400000000
513402000000,会理市,3,513400000000
513422000000,木里藏族自治县,3,513400000000
513423000000,盐源县,3,513400000000
513424000000,德昌县,3,513400000000
513426000000,会东县,3,513400000000
513427000000,宁南县,3,513400000000
513428000000,普格县,3,513400000000
513429000000,布拖县,3,513400000000
513430000000,金阳县,3,513400000000
513431000000,昭觉县,3,513400000000
513432000000,喜德县,3,513400000000
513433000000,冕宁县,3,513400000000
513434000000,越西县,3,513400000000
513435000000,甘洛县,3,513400000000
513436000000,美姑县,3,513400000000
513437000000,雷波县,3,513400000000
520000000000,贵州省,1,
520100000000,贵阳市,2,520000000000
520102000000,南明区,3,520100000000
520103000000,云岩区,3,520100000000
520111000000,花溪区,3,520100000000
520112000000,乌当区,3,520100000000
520113000000,白云区,3,520100000000
520115000000,观山湖区,3,520100000000
520121000000,开阳县,3,520100000000
520122000000,息烽县,3,520100000000
520123000000,修文县,3,520100000000
520181000000,清镇市,3,520100000000
520200000000,六盘水市,2,520000000000
520201000000,钟山区,3,520200000000
520203000000,六枝特区,3,520200000000
520204000000,水城区,3,520200000000
520281000000,盘州市,3,520200000000
520300000000,遵义市,2,520000000000
520302000000,红花岗区,3,520300000000
520303000000,汇川区,3,520300000000
520304000000,播州区,3,520300000000
520322000000,桐梓县,3,520300000000
520323000000,绥阳县,3,520300000000
520324000000,正安县,3,520300000000
520325000000,道真仡佬族苗族自治县,3,520300000000
520326000000,务川仡佬族苗族自治县,3,520300000000
520327000000,凤冈县,3,520300000000
520328000000,湄潭县,3,520300000000
520329000000,余庆县,3,520300000000
520330000000,习水县,3,520300000000
520381000000,赤水市,3,520300000000
520382000000,仁怀市,3,520300000000
520400000000,安顺市,2,520000000000
520402000000,西秀区,3,520400000000
520403000000,平坝区,3,520400000000
520422000000,普定县,3,520400000000
520423000000,镇宁布依族苗族自治县,3,520400000000
520424000000,关岭布依族苗族自治县,3,520400000000
520425000000,紫云苗族布依族自治县,3,520400000000
520500000000,毕节市,2,520000000000
520502000000,七星关区,3,520500000000
520521000000,大方县,3,520500000000
520523000000,金沙县,3,520500000000
520524000000,织金县,3,520500000000
520525000000,纳雍县,3,520500000000
520526000000,威宁彝族回族苗族自治县,3,520500000000
520527000000,赫章县,3,520500000000
520581000000,黔西市,3,520500000000
520600000000,铜仁市,2,520000000000
520602000000,碧江区,3,520600000000
520603000000,万山区,3,520600000000
520621000000,江口县,3,520600000000
520622000000,玉屏侗族自治县,3,520600000000
520623000000,石阡县,3,520600000000
520624000000,思南县,3,520600000000
520625000000,印江土家族苗族自治县,3,520600000000
520626000000,德江县,3,520600000000
520627000000,沿河土家族自治县,3,520600000000
520628000000,松桃苗族自治县,3,520600000000
522300000000,黔西南布依族苗族自治州,2,520000000000
522301000000,兴义市,3,522300000000
522302000000,兴仁市,3,522300000000
522323000000,普安县,3,522300000000
522324000000,晴隆县,3,522300000000
522325000000,贞丰县,3,522300000000
522326000000,望谟县,3,522300000000
522327000000,册亨县,3,522300000000
522328000000,安龙县,3,522300000000
522600000000,黔东南苗族侗族自治州,2,520000000000
522601000000,凯里市,3,522600000000
522622000000,黄平县,3,522600000000
522623000000,施秉县,3,522600000000
522624000000,三穗县,3,522600000000
522625000000,镇远县,3,522600000000
522626000000,岑巩县,3,522600000000
522627000000,天柱县,3,522600000000
522628000000,锦屏县,3,522600000000
522629000000,剑河县,3,522600000000
522630000000,台江县,3,522600000000
522631000000,黎平县,3,522600000000
522632000000,榕江县,3,522600000000
522633000000,从江县,3,522600000000
522634000000,雷山县,3,522600000000
522635000000,麻江县,3,522600000000
522636000000,丹寨县,3,522600000000
522700000000,黔南布依族苗族自治州,2,520000000000
522701000000,都匀市,3,522700000000
522702000000,福泉市,3,522700000000
522722000000,荔波县,3,522700000000
522723000000,贵定县,3,522700000000
522725000000,瓮安县,3,522700000000
522726000000,独山县,3,522700000000
522727000000,平塘县,3,522700000000
522728000000,罗甸县,3,522700000000
522729000000,长顺县,3,522700000000
522730000000,龙里县,3,522700000000
522731000000,惠水县,3,522700000000
522732000000,三都水族自治县,3,522700000000
530000000000,云南省,1,
530100000000,昆明市,2,530000000000
530102000000,五华区,3,530100000000
530103000000,盘龙区,3,530100000000
530111000000,官渡区,3,530100000000
530112000000,西山区,3,530100000000
530113000000,东川区,3,530100000000
530114000000,呈贡区,3,530100000000
530115000000,晋宁区,3,530100000000
530124000000,富民县,3,530100000000
530125000000,宜良县,3,530100000000
530126000000,石林彝族自治县,3,530100000000
530127000000,嵩明县,3,530100000000
530128000000,禄劝彝族苗族自治县,3,530100000000
530129000000,寻甸回族彝族自治县,3,530100000000
530181000000,安宁市,3,530100000000
530300000000,曲靖市,2,530000000000
530302000000,麒麟区,3,530300000000
530303000000,沾益区,3,530300000000
530304000000,马龙区,3,530300000000
530322000000,陆良县,3,530300000000
530323000000,师宗县,3,530300000000
530324000000,罗平县,3,530300000000
530325000000,富源县,3,530300000000
530326000000,会泽县,3,530300000000
530381000000,宣威市,3,530300000000
530400000000,玉溪市,2,530000000000
530402000000,红塔区,3,530400000000
530403000000,江川区,3,530400000000
530423000000,通海县,3,530400000000
530424000000,华宁县,3,530400000000
530425000000,易门县,3,530400000000
530426000000,峨山彝族自治县,3,530400000000
530427000000,新平彝族傣族自治县,3,530400000000
530428000000,元江哈尼族彝族傣族自治县,3,530400000000
530481000000,澄江市,3,530400000000
530500000000,保山市,2,530000000000
530502000000,隆阳区,3,530500000000
530521000000,施甸县,3,530500000000
530523000000,龙陵县,3,530500000000
530524000000,昌宁县,3,530500000000
530581000000,腾冲市,3,530500000000
530600000000,昭通市,2,530000000000
530602000000,昭阳区,3,530600000000
530621000000,鲁甸县,3,530600000000
530622000000,巧家县,3,530600000000
530623000000,盐津县,3,530600000000
530624000000,大关县,3,530600000000
530625000000,永善县,3,530600000000
530626000000,绥江县,3,530600000000
530627000000,镇雄县,3,530600000000
530628000000,彝良县,3,530600000000
530629000000,威信县,3,530600000000
530681000000,水富市,3,530600000000
530700000000,丽江市,2,530000000000
530702000000,古城区,3,530700000000
530721000000,玉龙纳西族自治县,3,530700000000
530722000000,永胜县,3,530700000000
530723000000,华坪县,3,530700000000
530724000000,宁蒗彝族自治县,3,530700000000
530800000000,普洱市,2,530000000000
530802000000,思茅区,3,530800000000
530821000000,宁洱哈尼族彝族自治县,3,530800000000
530822000000,墨江哈尼族自治县,3,530800000000
530823000000,景东彝族自治县,3,530800000000
530824000000,景谷傣族彝族自治县,3,530800000000
530825000000,镇沅彝族哈尼族拉祜族自治县,3,530800000000
530826000000,江城哈尼族彝族自治县,3,530800000000
530827000000,孟连傣族拉祜族佤族自治县,3,530800000000
530828000000,澜沧拉祜族自治县,3,530800000000
530829000000,西盟佤族自治县,3,530800000000
530900000000,临沧市,2,530000000000
530902000000,临翔区,3,530900000000
530921000000,凤庆县,3,530900000000
530922000000,云县,3,530900000000
530923000000,永德县,3,530900000000
530924000000,镇康县,3,530900000000
530925000000,双江拉祜族佤族布朗族傣族自治县,3,530900000000
530926000000,耿马傣族佤族自治县,3,530900000000
530927000000,沧源佤族自治县,3,530900000000
532300000000,楚雄彝族自治州,2,530000000000
532301000000,楚雄市,3,532300000000
532302000000,禄丰市,3,532300000000
532322000000,双柏县,3,532300000000
532323000000,牟定县,3,532300000000
532324000000,南华县,3,532300000000
532325000000,姚安县,3,532300000000
532326000000,大姚县,3,532300000000
532327000000,永仁县,3,532300000000
532328000000,元谋县,3,532300000000
532329000000,武定县,3,532300000000
532500000000,红河哈尼族彝族自治州,2,530000000000
532501000000,个旧市,3,532500000000
532502000000,开远市,3,532500000000
532503000000,蒙自市,3,532500000000
532504000000,弥勒市,3,532500000000
532523000000,屏边苗族自治县,3,532500000000
532524000000,建水县,3,532500000000
532525000000,石屏县,3,532500000000
532527000000,泸西县,3,532500000000
532528000000,元阳县,3,532500000000
532529000000,红河县,3,532500000000
532530000000,金平苗族瑶族傣族自治县,3,532500000000
532531000000,绿春县,3,532500000000
532532000000,河口瑶族自治县,3,532500000000
532600000000,文山壮族苗族自治州,2,530000000000
532601000000,文山市,3,532600000000
532622000000,砚山县,3,532600000000
532623000000,西畴县,3,532600000000
532624000000,麻栗坡县,3,532600000000
532625000000,马关县,3,532600000000
532626000000,丘北县,3,532600000000
532627000000,广南县,3,532600000000
532628000000,富宁县,3,532600000000
532800000000,西双版纳傣族自治州,2,530000000000
532801000000,景洪市,3,532800000000
532822000000,勐海县,3,532800000000
532823000000,勐腊县,3,532800000000
532900000000,大理白族自治州,2,530000000000
532901000000,大理市,3,532900000000
532922000000,漾濞彝族自治县,3,532900000000
532923000000,祥云县,3,532900000000
532924000000,宾川县,3,532900000000
532925000000,弥渡县,3,532900000000
532926000000,南涧彝族自治县,3,532900000000
532927000000,巍山彝族回族自治县,3,532900000000
532928000000,永平县,3,532900000000
532929000000,云龙县,3,532900000000
532930000000,洱源县,3,532900000000
532931000000,剑川县,3,532900000000
532932000000,鹤庆县,3,532900000000
533100000000,德宏傣族景颇族自治州,2,530000000000
533102000000,瑞丽市,3,533100000000
533103000000,芒市,3,533100000000
533122000000,梁河县,3,533100000000
533123000000,盈江县,3,533100000000
533124000000,陇川县,3,533100000000
533300000000,怒江傈僳族自治州,2,530000000000
533301000000,泸水市,3,533300000000
533323000000,福贡县,3,533300000000
533324000000,贡山独龙族怒族自治县,3,533300000000
533325000000,兰坪白族普米族自治县,3,533300000000
533400000000,迪庆藏族自治州,2,530000000000
533401000000,香格里拉市,3,533400000000
533422000000,德钦县,3,533400000000
533423000000,维西傈僳族自治县,3,533400000000
540000000000,西藏自治区,1,
540100000000,拉萨市,2,540000000000
540102000000,城关区,3,540100000000
540103000000,堆龙德庆区,3,540100000000
540104000000,达孜区,3,540100000000
540121000000,林周县,3,540100000000
540122000000,当雄县,3,540100000000
540123000000,尼木县,3,540100000000
540124000000,曲水县,3,540100000000
540127000000,墨竹工卡县,3,540100000000
540200000000,日喀则市,2,540000000000
540202000000,桑珠孜区,3,540200000000
540221000000,南木林县,3,540200000000
540222000000,江孜县,3,540200000000
540223000000,定日县,3,540200000000
540224000000,萨迦县,3,540200000000
540225000000,拉孜县,3,540200000000
540226000000,昂仁县,3,540200000000
540227000000,谢通门县,3,540200000000
540228000000,白朗县,3,540200000000
540229000000,仁布县,3,540200000000
540230000000,康马县,3,540200000000
540231000000,定结县,3,540200000000
540232000000,仲巴县,3,540200000000
540233000000,亚东县,3,540200000000
540234000000,吉隆县,3,540200000000
540235000000,聂拉木县,3,540200000000
540236000000,萨嘎县,3,540200000000
540237000000,岗巴县,3,540200000000
540300000000,昌都市,2,540000000000
540302000000,卡若区,3,540300000000
540321000000,江达县,3,540300000000
540322000000,贡觉县,3,540300000000
540323000000,类乌齐县,3,540300000000
540324000000,丁青县,3,540300000000
540325000000,察雅县,3,540300000000
540326000000,八宿县,3,540300000000
540327000000,左贡县,3,540300000000
540328000000,芒康县,3,540300000000
540329000000,洛隆县,3,540300000000
540330000000,边坝县,3,540300000000
540400000000,林芝市,2,540000000000
540402000000,巴宜区,3,540400000000
540421000000,工布江达县,3,540400000000
540423000000,墨脱县,3,540400000000
540424000000,波密县,3,540400000000
540425000000,察隅县,3,540400000000
540426000000,朗县,3,540400000000
540481000000,米林市,3,540400000000
540500000000,山南市,2,540000000000
540502000000,乃东区,3,540500000000
540521000000,扎囊县,3,540500000000
540522000000,贡嘎县,3,540500000000
540523000000,桑日县,3,540500000000
540524000000,琼结县,3,540500000000
540525000000,曲松县,3,540500000000
540526000000,措美县,3,540500000000
540527000000,洛扎县,3,540500000000
540528000000,加查县,3,540500000000
540529000000,隆子县,3,540500000000
540531000000,浪卡子县,3,540500000000
540581000000,错那市,3,540500000000
540600000000,那曲市,2,540000000000
540602000000,色尼区,3,540600000000
540621000000,嘉黎县,3,540600000000
540622000000,比如县,3,540600000000
540623000000,聂荣县,3,540600000000
540624000000,安多县,3,540600000000
540625000000,申扎县,3,540600000000
540626000000,索县,3,540600000000
540627000000,班戈县,3,540600000000
540628000000,巴青县,3,540600000000
540629000000,尼玛县,3,540600000000
540630000000,双湖县,3,540600000000
542500000000,阿里地区,2,540000000000
542521000000,普兰县,3,542500000000
542522000000,札达县,3,542500000000
542523000000,噶尔县,3,542500000000
542524000000,日土县,3,542500000000
542525000000,革吉县,3,542500000000
542526000000,改则县,3,542500000000
542527000000,措勤县,3,542500000000
610000000000,陕西省,1,
610100000000,西安市,2,610000000000
610102000000,新城区,3,610100000000
610103000000,碑林区,3,610100000000
610104000000,莲湖区,3,610100000000
610111000000,灞桥区,3,610100000000
610112000000,未央区,3,610100000000
610113000000,雁塔区,3,610100000000
610114000000,阎良区,3,610100000000
610115000000,临潼区,3,610100000000
610116000000,长安区,3,610100000000
610117000000,高陵区,3,610100000000
610118000000,鄠邑区,3,610100000000
610122000000,蓝田县,3,610100000000
610124000000,周至县,3,610100000000
610200000000,铜川市,2,610000000000
610202000000,王益区,3,610200000000
610203000000,印台区,3,610200000000
610204000000,耀州区,3,610200000000
610222000000,宜君县,3,610200000000
610300000000,宝鸡市,2,610000000000
610302000000,渭滨区,3,610300000000
610303000000,金台区,3,610300000000
610304000000,陈仓区,3,610300000000
610305000000,凤翔区,3,610300000000
610323000000,岐山县,3,610300000000
610324000000,扶风县,3,610300000000
610326000000,眉县,3,610300000000
610327000000,陇县,3,610300000000
610328000000,千阳县,3,610300000000
610329000000,麟游县,3,610300000000
610330000000,凤县,3,610300000000
610331000000,太白县,3,610300000000
610400000000,咸阳市,2,610000000000
610402000000,秦都区,3,610400000000
610403000000,杨陵区,3,610400000000
610404000000,渭城区,3,610400000000
610422000000,三原县,3,610400000000
610423000000,泾阳县,3,610400000000
610424000000,乾县,3,610400000000
610425000000,礼泉县,3,610400000000
610426000000,永寿县,3,610400000000
610428000000,长武县,3,610400000000
610429000000,旬邑县,3,610400000000
610430000000,淳化县,3,610400000000
610431000000,武功县,3,610400000000
610481000000,兴平市,3,610400000000
610482000000,彬州市,3,610400000000
610500000000,渭南市,2,610000000000
610502000000,临渭区,3,610500000000
610503000000,华州区,3,610500000000
610522000000,潼关县,3,610500000000
610523000000,大荔县,3,610500000000
610524000000,合阳县,3,610500000000
610525000000,澄城县,3,610500000000
610526000000,蒲城县,3,610500000000
610527000000,白水县,3,610500000000
610528000000,富平县,3,610500000000
610581000000,韩城市,3,610500000000
610582000000,华阴市,3,610500000000
610600000000,延安市,2,610000000000
610602000000,宝塔区,3,610600000000
610603000000,安塞区,3,610600000000
610621000000,延长县,3,610600000000
610622000000,延川县,3,610600000000
610625000000,志丹县,3,610600000000
610626000000,吴起县,3,610600000000
610627000000,甘泉县,3,610600000000
610628000000,富县,3,610600000000
610629000000,洛川县,3,610600000000
610630000000,宜川县,3,610600000000
610631000000,黄龙县,3,610600000000
610632000000,黄陵县,3,610600000000
610681000000,子长市,3,610600000000
610700000000,汉中市,2,610000000000
610702000000,汉台区,3,610700000000
610703000000,南郑区,3,610700000000
610722000000,城固县,3,610700000000
610723000000,洋县,3,610700000000
610724000000,西乡县,3,610700000000
610725000000,勉县,3,610700000000
610726000000,宁强县,3,610700000000
610727000000,略阳县,3,610700000000
610728000000,镇巴县,3,610700000000
610729000000,留坝县,3,610700000000
610730000000,佛坪县,3,610700000000
610800000000,榆林市,2,610000000000
610802000000,榆阳区,3,610800000000
610803000000,横山区,3,610800000000
610822000000,府谷县,3,610800000000
610824000000,靖边县,3,610800000000
610825000000,定边县,3,610800000000
610826000000,绥德县,3,610800000000
610827000000,米脂县,3,610800000000
610828000000,佳县,3,610800000000
610829000000,吴堡县,3,610800000000
610830000000,清涧县,3,610800000000
610831000000,子洲县,3,610800000000
610881000000,神木市,3,610800000000
610900000000,安康市,2,610000000000
610902000000,汉滨区,3,610900000000
610921000000,汉阴县,3,610900000000
610922000000,石泉县,3,610900000000
610923000000,宁陕县,3,610900000000
610924000000,紫阳县,3,610900000000
610925000000,岚皋县,3,610900000000
610926000000,平利县,3,610900000000
610927000000,镇坪县,3,610900000000
610929000000,白河县,3,610900000000
610981000000,旬阳市,3,610900000000
611000000000,商洛市,2,610000000000
611002000000,商州区,3,611000000000
611021000000,洛南县,3,611000000000
611022000000,丹凤县,3,611000000000
611023000000,商南县,3,611000000000
611024000000,山阳县,3,611000000000
611025000000,镇安县,3,611000000000
611026000000,柞水县,3,611000000000
620000000000,甘肃省,1,
620100000000,兰州市,2,620000000000
620102000000,城关区,3,620100000000
620103000000,七里河区,3,620100000000
620104000000,西固区,3,620100000000
620105000000,安宁区,3,620100000000
620111000000,红古区,3,620100000000
620121000000,永登县,3,620100000000
620122000000,皋兰县,3,620100000000
620123000000,榆中县,3,620100000000
620200000000,嘉峪关市,2,620000000000
620300000000,金昌市,2,620000000000
620302000000,金川区,3,620300000000
620321000000,永昌县,3,620300000000
620400000000,白银市,2,620000000000
620402000000,白银区,3,620400000000
620403000000,平川区,3,620400000000
620421000000,靖远县,3,620400000000
620422000000,会宁县,3,620400000000
620423000000,景泰县,3,620400000000
620500000000,天水市,2,620000000000
620502000000,秦州区,3,620500000000
620503000000,麦积区,3,620500000000
620521000000,清水县,3,620500000000
620522000000,秦安县,3,620500000000
620523000000,甘谷县,3,620500000000
620524000000,武山县,3,620500000000
620525000000,张家川回族自治县,3,620500000000
620600000000,武威市,2,620000000000
620602000000,凉州区,3,620600000000
620621000000,民勤县,3,620600000000
620622000000,古浪县,3,620600000000
620623000000,天祝藏族自治县,3,620600000000
620700000000,张掖市,2,620000000000
620702000000,甘州区,3,620700000000
620721000000,肃南裕固族自治县,3,620700000000
620722000000,民乐县,3,620700000000
620723000000,临泽县,3,620700000000
620724000000,高台县,3,620700000000
620725000000,山丹县,3,620700000000
620800000000,平凉市,2,620000000000
620802000000,崆峒区,3,620800000000
620821000000,泾川县,3,620800000000
620822000000,灵台县,3,620800000000
620823000000,崇信县,3,620800000000
620825000000,庄浪县,3,620800000000
620826000000,静宁县,3,620800000000
620881000000,华亭市,3,620800000000
620900000000,酒泉市,2,620000000000
620902000000,肃州区,3,620900000000
620921000000,金塔县,3,620900000000
620922000000,瓜州县,3,620900000000
620923000000,肃北蒙古族自治县,3,620900000000
620924000000,阿克塞哈萨克族自治县,3,620900000000
620981000000,玉门市,3,620900000000
620982000000,敦煌市,3,620900000000
621000000000,庆阳市,2,620000000000
621002000000,西峰区,3,621000000000
621021000000,庆城县,3,621000000000
621022000000,环县,3,621000000000
621023000000,华池县,3,621000000000
621024000000,合水县,3,621000000000
621025000000,正宁县,3,621000000000
621026000000,宁县,3,621000000000
621027000000,镇原县,3,621000000000
621100000000,定西市,2,620000000000
621102000000,安定区,3,621100000000
621121000000,通渭县,3,621100000000
621122000000,陇西县,3,621100000000
621123000000,渭源县,3,621100000000
621124000000,临洮县,3,621100000000
621125000000,漳县,3,621100000000
621126000000,岷县,3,621100000000
621200000000,陇南市,2,620000000000
621202000000,武都区,3,621200000000
621221000000,成县,3,621200000000
621222000000,文县,3,621200000000
621223000000,宕昌县,3,621200000000
621224000000,康县,3,621200000000
621225000000,西和县,3,621200000000
621226000000,礼县,3,621200000000
621227000000,徽县,3,621200000000
621228000000,两当县,3,621200000000
622900000000,临夏回族自治州,2,620000000000
622901000000,临夏市,3,622900000000
622921000000,临夏县,3,622900000000
622922000000,康乐县,3,622900000000
622923000000,永靖县,3,622900000000
622924000000,广河县,3,622900000000
622925000000,和政县,3,622900000000
622926000000,东乡族自治县,3,622900000000
622927000000,积石山保安族东乡族撒拉族自治县,3,622900000000
623000000000,甘南藏族自治州,2,620000000000
623001000000,合作市,3,623000000000
623021000000,临潭县,3,623000000000
623022000000,卓尼县,3,623000000000
623023000000,舟曲县,3,623000000000
623024000000,迭部县,3,623000000000
623025000000,玛曲县,3,623000000000
623026000000,碌曲县,3,623000000000
623027000000,夏河县,3,623000000000
630000000000,青海省,1,
630100000000,西宁市,2,630000000000
630102000000,城东区,3,630100000000
630103000000,城中区,3,630100000000
630104000000,城西区,3,630100000000
630105000000,城北区,3,630100000000
630106000000,湟中区,3,630100000000
630121000000,大通回族土族自治县,3,630100000000
630123000000,湟源县,3,630100000000
630200000000,海东市,2,630000000000
630202000000,乐都区,3,630200000000
630203000000,平安区,3,630200000000
630222000000,民和回族土族自治县,3,630200000000
630223000000,互助土族自治县,3,630200000000
630224000000,化隆回族自治县,3,630200000000
630225000000,循化撒拉族自治县,3,630200000000
632200000000,海北藏族自治州,2,630000000000
632221000000,门源回族自治县,3,632200000000
632222000000,祁连县,3,632200000000
632223000000,海晏县,3,632200000000
632224000000,刚察县,3,632200000000
632300000000,黄南藏族自治州,2,630000000000
632301000000,同仁市,3,632300000000
632322000000,尖扎县,3,632300000000
632323000000,泽库县,3,632300000000
632324000000,河南蒙古族自治县,3,632300000000
632500000000,海南藏族自治州,2,630000000000
632521000000,共和县,3,632500000000
632522000000,同德县,3,632500000000
632523000000,贵德县,3,632500000000
632524000000,兴海县,3,632500000000
632525000000,贵南县,3,632500000000
632600000000,果洛藏族自治州,2,630000000000
632621000000,玛沁县,3,632600000000
632622000000,班玛县,3,632600000000
632623000000,甘德县,3,632600000000
632624000000,达日县,3,632600000000
632625000000,久治县,3,632600000000
632626000000,玛多县,3,632600000000
632700000000,玉树藏族自治州,2,630000000000
632701000000,玉树市,3,632700000000
632722000000,杂多县,3,632700000000
632723000000,称多县,3,632700000000
632724000000,治多县,3,632700000000
632725000000,囊谦县,3,632700000000
632726000000,曲麻莱县,3,632700000000
632800000000,海西蒙古族藏族自治州,2,630000000000
632801000000,格尔木市,3,632800000000
632802000000,德令哈市,3,632800000000
632803000000,茫崖市,3,632800000000
632821000000,乌兰县,3,632800000000
632822000000,都兰县,3,632800000000
632823000000,天峻县,3,632800000000
640000000000,宁夏回族自治区,1,
640100000000,银川市,2,640000000000
640104000000,兴庆区,3,640100000000
640105000000,西夏区,3,640100000000
640106000000,金凤区,3,640100000000
640121000000,永宁县,3,640100000000
640122000000,贺兰县,3,640100000000
640181000000,灵武市,3,640100000000
640200000000,石嘴山市,2,640000000000
640202000000,大武口区,3,640200000000
640205000000,惠农区,3,640200000000
640221000000,平罗县,3,640200000000
640300000000,吴忠市,2,640000000000
640302000000,利通区,3,640300000000
640303000000,红寺堡区,3,640300000000
640323000000,盐池县,3,640300000000
640324000000,同心县,3,640300000000
640381000000,青铜峡市,3,640300000000
640400000000,固原市,2,640000000000
640402000000,原州区,3,640400000000
640422000000,西吉县,3,640400000000
640423000000,隆德县,3,640400000000
640424000000,泾源县,3,640400000000
640425000000,彭阳县,3,640400000000
640500000000,中卫市,2,640000000000
640502000000,沙坡头区,3,640500000000
640521000000,中宁县,3,640500000000
640522000000,海原县,3,640500000000
650000000000,新疆维吾尔自治区,1,
650100000000,乌鲁木齐市,2,650000000000
650102000000,天山区,3,650100000000
650103000000,沙依巴克区,3,650100000000
650104000000,新市区,3,650100000000
650105000000,水磨沟区,3,650100000000
650106000000,头屯河区,3,650100000000
650107000000,达坂城区,3,650100000000
650109000000,米东区,3,650100000000
650121000000,乌鲁木齐县,3,650100000000
650200000000,克拉玛依市,2,650000000000
650202000000,独山子区,3,650200000000
650203000000,克拉玛依区,3,650200000000
650204000000,白碱滩区,3,650200000000
650205000000,乌尔禾区,3,650200000000
650400000000,吐鲁番市,2,650000000000
650402000000,高昌区,3,650400000000
650421000000,鄯善县,3,650400000000
650422000000,托克逊县,3,650400000000
650500000000,哈密市,2,650000000000
650502000000,伊州区,3,650500000000
650521000000,巴里坤哈萨克自治县,3,650500000000
650522000000,伊吾县,3,650500000000
652300000000,昌吉回族自治州,2,650000000000
652301000000,昌吉市,3,652300000000
652302000000,阜康市,3,652300000000
652323000000,呼图壁县,3,652300000000
652324000000,玛纳斯县,3,652300000000
652325000000,奇台县,3,652300000000
652327000000,吉木萨尔县,3,652300000000
652328000000,木垒哈萨克自治县,3,652300000000
652700000000,博尔塔拉蒙古自治州,2,650000000000
652701000000,博乐市,3,652700000000
652702000000,阿拉山口市,3,652700000000
652722000000,精河县,3,652700000000
652723000000,温泉县,3,652700000000
652800000000,巴音郭楞蒙古自治州,2,650000000000
652801000000,库尔勒市,3,652800000000
652822000000,轮台县,3,652800000000
652823000000,尉犁县,3,652800000000
652824000000,若羌县,3,652800000000
652825000000,且末县,3,652800000000
652826000000,焉耆回族自治县,3,652800000000
652827000000,和静县,3,652800000000
652828000000,和硕县,3,652800000000
652829000000,博湖县,3,652800000000
652900000000,阿克苏地区,2,650000000000
652901000000,阿克苏市,3,652900000000
652902000000,库车市,3,652900000000
652922000000,温宿县,3,652900000000
652924000000,沙雅县,3,652900000000
652925000000,新和县,3,652900000000
652926000000,拜城县,3,652900000000
652927000000,乌什县,3,652900000000
652928000000,阿瓦提县,3,652900000000
652929000000,柯坪县,3,652900000000
653000000000,克孜勒苏柯尔克孜自治州,2,650000000000
653001000000,阿图什市,3,653000000000
653022000000,阿克陶县,3,653000000000
653023000000,阿合奇县,3,653000000000
653024000000,乌恰县,3,653000000000
653100000000,喀什地区,2,650000000000
653101000000,喀什市,3,653100000000
653121000000,疏附县,3,653100000000
653122000000,疏勒县,3,653100000000
653123000000,英吉沙县,3,653100000000
653124000000,泽普县,3,653100000000
653125000000,莎车县,3,653100000000
653126000000,叶城县,3,653100000000
653127000000,麦盖提县,3,653100000000
653128000000,岳普湖县,3,653100000000
653129000000,伽师县,3,653100000000
653130000000,巴楚县,3,653100000000
653131000000,塔什库尔干塔吉克自治县,3,653100000000
653132000000,岑岭县,3,653100000000
653200000000,和田地区,2,650000000000
653201000000,和田市,3,653200000000
653221000000,和田县,3,653200000000
653222000000,墨玉县,3,653200000000
653223000000,皮山县,3,653200000000
653224000000,洛浦县,3,653200000000
653225000000,策勒县,3,653200000000
653226000000,于田县,3,653200000000
653227000000,民丰县,3,653200000000
653228000000,和康县,3,653200000000
653229000000,和安县,3,653200000000
654000000000,伊犁哈萨克自治州,2,650000000000
654002000000,伊宁市,3,654000000000
654003000000,奎屯市,3,654000000000
654004000000,霍尔果斯市,3,654000000000
654021000000,伊宁县,3,654000000000
654022000000,察布查尔锡伯自治县,3,654000000000
654023000000,霍城县,3,654000000000
654024000000,巩留县,3,654000000000
654025000000,新源县,3,654000000000
654026000000,昭苏县,3,654000000000
654027000000,特克斯县,3,654000000000
654028000000,尼勒克县,3,654000000000
654200000000,塔城地区,2,650000000000
654201000000,塔城市,3,654200000000
654202000000,乌苏市,3,654200000000
654203000000,沙湾市,3,654200000000
654221000000,额敏县,3,654200000000
654224000000,托里县,3,654200000000
654225000000,裕民县,3,654200000000
654226000000,和布克赛尔蒙古自治县,3,654200000000
654300000000,阿勒泰地区,2,650000000000
654301000000,阿勒泰市,3,654300000000
654321000000,布尔津县,3,654300000000
654322000000,富蕴县,3,654300000000
654323000000,福海县,3,654300000000
654324000000,哈巴河县,3,654300000000
654325000000,青河县,3,654300000000
654326000000,吉木乃县,3,654300000000
659001000000,石河子市,3,650000000000
659002000000,阿拉尔市,3,650000000000
659003000000,图木舒克市,3,650000000000
659004000000,五家渠市,3,650000000000
659005000000,北屯市,3,650000000000
659006000000,铁门关市,3,650000000000
659007000000,双河市,3,650000000000
659008000000,可克达拉市,3,650000000000
659009000000,昆玉市,3,650000000000
659010000000,胡杨河市,3,650000000000
659011000000,新星市,3,650000000000
659012000000,白杨市,3,650000000000
659013000000,草湖市,3,650000000000
710000000000,台湾省,1,
810000000000,香港特别行政区,1,
820000000000,澳门特别行政区,1,
